appointment_id,patient_id,patient_name,doctor_id,doctor_name,facility_name,appointment_datetime,appointment_type,status,booking_channel
APT0010000,P001290,Pooja Singh,DOC0019,Dr. Diya Verma,Metro Hospital,2026-05-23 10:15:00,Consultation,Completed,Walk-in
APT0010001,P001049,Ira Iyer,DOC0043,Dr. Anika Kapoor,North Care,2026-09-02 15:00:00,Procedure,Completed,Web
APT0010002,P002296,Pooja Mehta,DOC0043,Dr. Anika Kapoor,North Care,2026-02-24 14:30:00,Follow-up,Scheduled,Referral
APT0010003,P002442,Aditi Mehta,DOC0045,Dr. Rohan Mehta,City Medical Center,2026-09-29 17:45:00,New Visit,Completed,Referral
APT0010004,P000096,Nikhil Patel,DOC0031,Dr. Pooja Singh,Metro Hospital,2026-02-04 14:15:00,Procedure,No Show,Call Center
APT0010005,P001584,Meera Gupta,DOC0008,Dr. Neha Kapoor,Lakeview Hospital,2026-04-07 17:45:00,Follow-up,Completed,Call Center
APT0010006,P002247,Varun Patel,DOC0032,Dr. Pooja Kapoor,North Care,2026-12-01 17:15:00,Consultation,Completed,Web
APT0010007,P000090,Diya Menon,DOC0055,Dr. Karan Patel,Metro Hospital,2026-10-26 18:30:00,Procedure,No Show,Web
APT0010008,P001740,Rohan Kapoor,DOC0008,Dr. Neha Kapoor,Lakeview Hospital,2026-06-28 15:15:00,Procedure,No Show,Call Center
APT0010009,P001878,Karan Gupta,DOC0018,Dr. Ira Patel,Lakeview Hospital,2026-08-13 16:30:00,Procedure,Completed,Call Center
APT0010010,P001366,Varun Gupta,DOC0024,Dr. Anika Menon,City Medical Center,2026-05-28 10:45:00,Procedure,Completed,Referral
APT0010011,P001948,Neha Iyer,DOC0067,Dr. Ishaan Gupta,City Medical Center,2026-02-11 09:30:00,Consultation,Cancelled,Walk-in
APT0010012,P001413,Aditi Verma,DOC0062,Dr. Neha Menon,North Care,2026-04-09 19:00:00,Consultation,Completed,Web
APT0010013,P000449,Varun Das,DOC0047,Dr. Rohan Rao,Central Hospital,2026-07-10 12:15:00,Follow-up,Cancelled,Call Center
APT0010014,P000299,Rahul Menon,DOC0113,Dr. Kavya Das,North Care,2026-05-21 15:15:00,Consultation,No Show,Call Center
APT0010015,P002084,Rohan Nair,DOC0013,Dr. Aditi Patel,Lakeview Hospital,2026-06-09 13:30:00,New Visit,Scheduled,Call Center
APT0010016,P001491,Meera Gupta,DOC0062,Dr. Neha Menon,North Care,2026-06-14 11:15:00,Follow-up,Completed,Referral
APT0010017,P002264,Varun Menon,DOC0028,Dr. Arjun Nair,City Medical Center,2026-12-19 08:30:00,Procedure,No Show,Walk-in
APT0010018,P002229,Diya Patel,DOC0001,Dr. Varun Iyer,City Medical Center,2026-10-08 09:30:00,Consultation,Completed,Web
APT0010019,P001998,Kavya Nair,DOC0040,Dr. Meera Nair,North Care,2026-12-28 09:30:00,Follow-up,Completed,Web
APT0010020,P002043,Aditi Sharma,DOC0117,Dr. Meera Rao,Bay Medical,2026-02-07 16:15:00,New Visit,No Show,Web
APT0010021,P000790,Neha Joshi,DOC0058,Dr. Karan Gupta,North Care,2026-03-28 13:00:00,New Visit,Cancelled,Referral
APT0010022,P000494,Meera Nair,DOC0004,Dr. Aarav Reddy,Bay Medical,2026-01-29 17:15:00,Consultation,Scheduled,Call Center
APT0010023,P001321,Sneha Menon,DOC0084,Dr. Neha Singh,Central Hospital,2026-01-25 10:15:00,Consultation,Completed,Call Center
APT0010024,P001494,Ira Kapoor,DOC0070,Dr. Ira Gupta,Metro Hospital,2026-01-22 15:45:00,Consultation,Scheduled,Referral
APT0010025,P001312,Vikram Gupta,DOC0028,Dr. Arjun Nair,City Medical Center,2026-09-23 13:15:00,New Visit,Completed,Walk-in
APT0010026,P000909,Diya Gupta,DOC0048,Dr. Kavya Das,Lakeview Hospital,2026-04-17 13:45:00,New Visit,Completed,Call Center
APT0010027,P000592,Vikram Reddy,DOC0115,Dr. Varun Verma,Metro Hospital,2026-12-25 14:00:00,Follow-up,Completed,Walk-in
APT0010028,P001320,Rohan Joshi,DOC0107,Dr. Neha Rao,North Care,2026-12-09 11:15:00,Procedure,No Show,Call Center
APT0010029,P001527,Diya Nair,DOC0077,Dr. Rohan Sharma,Bay Medical,2026-07-29 09:15:00,Follow-up,Cancelled,Call Center
APT0010030,P001865,Nikhil Rao,DOC0078,Dr. Pooja Das,Central Hospital,2026-04-26 18:30:00,Follow-up,Completed,Walk-in
APT0010031,P000415,Meera Verma,DOC0041,Dr. Ananya Das,North Care,2026-06-17 09:30:00,Follow-up,Completed,Web
APT0010032,P000330,Ira Iyer,DOC0008,Dr. Neha Kapoor,Lakeview Hospital,2026-04-16 14:00:00,Consultation,Scheduled,Web
APT0010033,P001016,Neha Verma,DOC0070,Dr. Ira Gupta,Metro Hospital,2026-06-19 19:00:00,Consultation,Scheduled,Referral
APT0010034,P000826,Ananya Singh,DOC0007,Dr. Ananya Singh,Metro Hospital,2026-06-24 09:30:00,Consultation,Completed,Walk-in
APT0010035,P001056,Sneha Menon,DOC0074,Dr. Aditi Singh,Central Hospital,2026-08-13 11:30:00,Follow-up,No Show,Walk-in
APT0010036,P000497,Neha Menon,DOC0061,Dr. Rahul Nair,Central Hospital,2026-07-04 12:45:00,New Visit,Scheduled,Walk-in
APT0010037,P001435,Kavya Das,DOC0027,Dr. Neha Verma,Central Hospital,2026-05-17 16:30:00,Consultation,Scheduled,Referral
APT0010038,P000338,Ishaan Singh,DOC0040,Dr. Meera Nair,North Care,2026-02-17 10:00:00,New Visit,No Show,Call Center
APT0010039,P001607,Diya Gupta,DOC0082,Dr. Rohan Joshi,Lakeview Hospital,2026-05-18 14:45:00,Follow-up,Completed,Referral
APT0010040,P001535,Nikhil Das,DOC0010,Dr. Rohan Patel,City Medical Center,2026-03-04 11:00:00,New Visit,Completed,Walk-in
APT0010041,P002261,Neha Menon,DOC0103,Dr. Kavya Nair,City Medical Center,2026-12-26 11:45:00,Procedure,Cancelled,Walk-in
APT0010042,P002242,Priya Verma,DOC0024,Dr. Anika Menon,City Medical Center,2026-05-27 08:00:00,Consultation,Completed,Web
APT0010043,P000314,Aditi Nair,DOC0015,Dr. Ananya Das,City Medical Center,2026-10-07 19:45:00,Procedure,No Show,Referral
APT0010044,P000830,Nikhil Reddy,DOC0018,Dr. Ira Patel,Lakeview Hospital,2026-11-26 13:00:00,Consultation,Completed,Walk-in
APT0010045,P000698,Priya Patel,DOC0073,Dr. Meera Singh,Metro Hospital,2026-11-23 18:30:00,Procedure,Completed,Walk-in
APT0010046,P002014,Rohan Kapoor,DOC0081,Dr. Priya Sharma,Bay Medical,2026-04-11 10:45:00,New Visit,No Show,Referral
APT0010047,P000321,Aarav Mehta,DOC0051,Dr. Ananya Reddy,Metro Hospital,2026-12-18 12:30:00,Consultation,Scheduled,Web
APT0010048,P000327,Aarav Sharma,DOC0074,Dr. Aditi Singh,Central Hospital,2026-04-22 09:30:00,Procedure,Completed,Referral
APT0010049,P001784,Neha Das,DOC0093,Dr. Kavya Kapoor,Lakeview Hospital,2026-11-25 08:45:00,Procedure,No Show,Walk-in
APT0010050,P000440,Aditi Singh,DOC0110,Dr. Aditi Iyer,Central Hospital,2026-11-24 13:30:00,Procedure,Completed,Walk-in
APT0010051,P001621,Arjun Sharma,DOC0050,Dr. Vikram Mehta,Bay Medical,2026-05-04 08:30:00,Follow-up,Cancelled,Walk-in
APT0010052,P001301,Ira Patel,DOC0093,Dr. Kavya Kapoor,Lakeview Hospital,2026-06-24 19:00:00,New Visit,Cancelled,Walk-in
APT0010053,P001715,Arjun Joshi,DOC0015,Dr. Ananya Das,City Medical Center,2026-02-26 15:30:00,Consultation,Scheduled,Call Center
APT0010054,P000859,Diya Patel,DOC0051,Dr. Ananya Reddy,Metro Hospital,2026-09-19 15:00:00,Consultation,Scheduled,Call Center
APT0010055,P000332,Arjun Verma,DOC0046,Dr. Anika Das,Bay Medical,2026-08-29 15:45:00,Procedure,Scheduled,Walk-in
APT0010056,P001801,Sneha Rao,DOC0060,Dr. Karan Gupta,Metro Hospital,2026-09-30 14:30:00,Consultation,Completed,Walk-in
APT0010057,P000191,Ananya Das,DOC0076,Dr. Kavya Sharma,North Care,2026-01-29 18:30:00,New Visit,No Show,Referral
APT0010058,P000243,Vikram Gupta,DOC0118,Dr. Karan Das,Central Hospital,2026-08-05 16:15:00,Consultation,Completed,Walk-in
APT0010059,P000490,Karan Mehta,DOC0099,Dr. Ishaan Reddy,Lakeview Hospital,2026-03-21 09:00:00,New Visit,Scheduled,Walk-in
APT0010060,P001480,Aditi Sharma,DOC0010,Dr. Rohan Patel,City Medical Center,2026-02-28 19:15:00,Follow-up,Completed,Call Center
APT0010061,P000177,Vikram Singh,DOC0101,Dr. Varun Singh,City Medical Center,2026-04-25 17:15:00,New Visit,Cancelled,Walk-in
APT0010062,P000444,Rohan Das,DOC0010,Dr. Rohan Patel,City Medical Center,2026-04-25 14:00:00,New Visit,Completed,Call Center
APT0010063,P000083,Varun Rao,DOC0087,Dr. Aditi Das,Metro Hospital,2026-09-18 13:15:00,Consultation,No Show,Call Center
APT0010064,P000067,Nikhil Verma,DOC0050,Dr. Vikram Mehta,Bay Medical,2026-11-22 14:15:00,New Visit,Cancelled,Call Center
APT0010065,P002177,Karan Reddy,DOC0039,Dr. Neha Das,City Medical Center,2026-09-03 15:00:00,New Visit,Completed,Walk-in
APT0010066,P000293,Anika Kapoor,DOC0018,Dr. Ira Patel,Lakeview Hospital,2026-11-01 09:45:00,Procedure,Scheduled,Walk-in
APT0010067,P002488,Nikhil Das,DOC0109,Dr. Aarav Nair,City Medical Center,2026-05-06 10:00:00,New Visit,Completed,Referral
APT0010068,P001523,Karan Patel,DOC0096,Dr. Varun Das,Bay Medical,2026-02-16 12:00:00,Follow-up,Completed,Referral
APT0010069,P001116,Varun Mehta,DOC0063,Dr. Kavya Das,Lakeview Hospital,2026-09-11 08:00:00,New Visit,Completed,Call Center
APT0010070,P001396,Diya Patel,DOC0113,Dr. Kavya Das,North Care,2026-11-12 15:15:00,Procedure,Cancelled,Walk-in
APT0010071,P001624,Ira Verma,DOC0093,Dr. Kavya Kapoor,Lakeview Hospital,2026-06-24 17:00:00,Procedure,Completed,Walk-in
APT0010072,P001057,Rahul Kapoor,DOC0092,Dr. Aditi Menon,North Care,2026-09-01 09:30:00,Procedure,Scheduled,Call Center
APT0010073,P001274,Ira Verma,DOC0007,Dr. Ananya Singh,Metro Hospital,2026-05-09 16:45:00,Consultation,Completed,Walk-in
APT0010074,P001486,Karan Menon,DOC0001,Dr. Varun Iyer,City Medical Center,2026-11-30 13:00:00,New Visit,Completed,Call Center
APT0010075,P000586,Varun Patel,DOC0053,Dr. Rohan Mehta,Bay Medical,2026-08-05 08:45:00,Procedure,Completed,Web
APT0010076,P002440,Karan Rao,DOC0098,Dr. Arjun Reddy,Lakeview Hospital,2026-02-27 14:15:00,Procedure,Completed,Call Center
APT0010077,P001934,Nikhil Patel,DOC0107,Dr. Neha Rao,North Care,2026-12-02 15:00:00,Consultation,No Show,Referral
APT0010078,P001376,Anika Das,DOC0046,Dr. Anika Das,Bay Medical,2026-07-12 10:00:00,Follow-up,Cancelled,Referral
APT0010079,P001021,Nikhil Nair,DOC0019,Dr. Diya Verma,Metro Hospital,2026-01-29 08:45:00,Consultation,Completed,Referral
APT0010080,P001379,Pooja Patel,DOC0048,Dr. Kavya Das,Lakeview Hospital,2026-01-20 14:00:00,Follow-up,Cancelled,Call Center
APT0010081,P000768,Ira Mehta,DOC0097,Dr. Ananya Verma,Bay Medical,2026-03-10 12:30:00,Follow-up,Completed,Walk-in
APT0010082,P000930,Ishaan Gupta,DOC0104,Dr. Varun Gupta,North Care,2026-09-08 12:45:00,Consultation,Completed,Web
APT0010083,P000376,Nikhil Rao,DOC0035,Dr. Aditi Nair,Lakeview Hospital,2026-03-25 14:45:00,Consultation,No Show,Referral
APT0010084,P001680,Neha Gupta,DOC0046,Dr. Anika Das,Bay Medical,2026-07-24 14:45:00,Follow-up,No Show,Web
APT0010085,P001243,Aditi Sharma,DOC0055,Dr. Karan Patel,Metro Hospital,2026-11-16 15:15:00,New Visit,Completed,Call Center
APT0010086,P002045,Ira Singh,DOC0068,Dr. Ananya Kapoor,North Care,2026-04-26 17:00:00,Consultation,No Show,Referral
APT0010087,P002431,Nikhil Menon,DOC0057,Dr. Ananya Singh,Metro Hospital,2026-11-24 11:15:00,Procedure,Cancelled,Call Center
APT0010088,P001406,Aditi Menon,DOC0058,Dr. Karan Gupta,North Care,2026-01-30 08:45:00,Procedure,Completed,Call Center
APT0010089,P002142,Arjun Sharma,DOC0009,Dr. Ishaan Reddy,North Care,2026-08-10 19:15:00,Consultation,Completed,Walk-in
APT0010090,P001674,Diya Das,DOC0050,Dr. Vikram Mehta,Bay Medical,2026-06-17 14:45:00,Procedure,No Show,Walk-in
APT0010091,P000262,Vikram Joshi,DOC0034,Dr. Neha Patel,Central Hospital,2026-08-02 16:30:00,New Visit,No Show,Web
APT0010092,P002018,Ira Kapoor,DOC0104,Dr. Varun Gupta,North Care,2026-08-31 11:15:00,Consultation,No Show,Referral
APT0010093,P002467,Kavya Sharma,DOC0100,Dr. Ishaan Menon,Lakeview Hospital,2026-02-01 10:30:00,Procedure,Completed,Referral
APT0010094,P000261,Rohan Sharma,DOC0084,Dr. Neha Singh,Central Hospital,2026-10-11 09:30:00,Follow-up,No Show,Referral
APT0010095,P000241,Aarav Patel,DOC0063,Dr. Kavya Das,Lakeview Hospital,2026-04-11 19:00:00,Consultation,Completed,Referral
APT0010096,P001566,Aditi Gupta,DOC0072,Dr. Rahul Iyer,Central Hospital,2026-01-04 11:00:00,Consultation,Completed,Call Center
APT0010097,P001547,Vikram Mehta,DOC0030,Dr. Pooja Gupta,North Care,2026-12-07 19:45:00,New Visit,Completed,Referral
APT0010098,P001296,Aarav Das,DOC0060,Dr. Karan Gupta,Metro Hospital,2026-12-20 13:00:00,Follow-up,Completed,Walk-in
APT0010099,P001380,Rahul Reddy,DOC0008,Dr. Neha Kapoor,Lakeview Hospital,2026-02-04 19:00:00,Consultation,Completed,Web
APT0010100,P000609,Aditi Joshi,DOC0116,Dr. Vikram Mehta,Bay Medical,2026-06-07 14:45:00,Procedure,Completed,Web
APT0010101,P001417,Ira Verma,DOC0082,Dr. Rohan Joshi,Lakeview Hospital,2026-11-10 12:30:00,Procedure,Completed,Referral
APT0010102,P000877,Meera Reddy,DOC0062,Dr. Neha Menon,North Care,2026-03-28 16:00:00,Procedure,Completed,Referral
APT0010103,P001985,Aarav Nair,DOC0022,Dr. Varun Sharma,Lakeview Hospital,2026-09-16 16:30:00,Procedure,Scheduled,Walk-in
APT0010104,P000226,Vikram Gupta,DOC0066,Dr. Nikhil Singh,Metro Hospital,2026-07-13 14:45:00,Procedure,Cancelled,Web
APT0010105,P001667,Aarav Rao,DOC0048,Dr. Kavya Das,Lakeview Hospital,2026-06-25 14:15:00,Follow-up,Completed,Referral
APT0010106,P002205,Nikhil Sharma,DOC0001,Dr. Varun Iyer,City Medical Center,2026-11-04 11:45:00,Follow-up,Scheduled,Call Center
APT0010107,P000219,Pooja Rao,DOC0079,Dr. Ishaan Joshi,North Care,2026-09-14 12:00:00,Procedure,Completed,Call Center
APT0010108,P000090,Diya Menon,DOC0111,Dr. Neha Joshi,Metro Hospital,2026-04-15 09:15:00,Consultation,No Show,Call Center
APT0010109,P002163,Ishaan Patel,DOC0111,Dr. Neha Joshi,Metro Hospital,2026-03-04 18:45:00,Procedure,Completed,Web
APT0010110,P001192,Pooja Kapoor,DOC0065,Dr. Sneha Das,Metro Hospital,2026-12-04 18:15:00,Follow-up,Cancelled,Call Center
APT0010111,P002103,Aditi Kapoor,DOC0047,Dr. Rohan Rao,Central Hospital,2026-03-10 10:15:00,Procedure,No Show,Walk-in
APT0010112,P000425,Aarav Menon,DOC0110,Dr. Aditi Iyer,Central Hospital,2026-04-22 10:30:00,Procedure,Scheduled,Web
APT0010113,P002309,Anika Nair,DOC0110,Dr. Aditi Iyer,Central Hospital,2026-06-29 16:15:00,Consultation,Completed,Referral
APT0010114,P000305,Ishaan Gupta,DOC0102,Dr. Anika Singh,Central Hospital,2026-11-28 16:45:00,Procedure,Cancelled,Call Center
APT0010115,P001615,Ira Singh,DOC0083,Dr. Vikram Das,Lakeview Hospital,2026-12-28 16:45:00,Consultation,No Show,Referral
APT0010116,P002221,Vikram Kapoor,DOC0050,Dr. Vikram Mehta,Bay Medical,2026-01-05 11:15:00,New Visit,Scheduled,Web
APT0010117,P001302,Aditi Nair,DOC0076,Dr. Kavya Sharma,North Care,2026-04-18 14:45:00,Follow-up,Completed,Walk-in
APT0010118,P000712,Rohan Das,DOC0063,Dr. Kavya Das,Lakeview Hospital,2026-08-12 09:15:00,New Visit,Cancelled,Walk-in
APT0010119,P002147,Rohan Reddy,DOC0076,Dr. Kavya Sharma,North Care,2026-02-07 14:45:00,Follow-up,Completed,Web
APT0010120,P000002,Aditi Kapoor,DOC0090,Dr. Nikhil Mehta,Bay Medical,2026-04-07 17:45:00,Procedure,Completed,Walk-in
APT0010121,P002342,Priya Verma,DOC0112,Dr. Vikram Rao,Central Hospital,2026-03-23 15:00:00,New Visit,Completed,Web
APT0010122,P000449,Varun Das,DOC0098,Dr. Arjun Reddy,Lakeview Hospital,2026-06-12 12:15:00,Follow-up,Completed,Walk-in
APT0010123,P001396,Diya Patel,DOC0043,Dr. Anika Kapoor,North Care,2026-01-01 09:30:00,Procedure,Scheduled,Referral
APT0010124,P001011,Nikhil Sharma,DOC0110,Dr. Aditi Iyer,Central Hospital,2026-04-24 19:15:00,Follow-up,Completed,Walk-in
APT0010125,P000393,Diya Verma,DOC0082,Dr. Rohan Joshi,Lakeview Hospital,2026-10-13 18:00:00,New Visit,Scheduled,Walk-in
APT0010126,P000585,Varun Gupta,DOC0039,Dr. Neha Das,City Medical Center,2026-11-08 10:00:00,New Visit,Cancelled,Referral
APT0010127,P000659,Aarav Sharma,DOC0070,Dr. Ira Gupta,Metro Hospital,2026-02-10 09:30:00,Procedure,Completed,Call Center
APT0010128,P002422,Kavya Rao,DOC0116,Dr. Vikram Mehta,Bay Medical,2026-03-10 12:45:00,Consultation,Completed,Call Center
APT0010129,P001557,Aarav Mehta,DOC0113,Dr. Kavya Das,North Care,2026-12-11 16:45:00,New Visit,Completed,Walk-in
APT0010130,P000053,Vikram Singh,DOC0029,Dr. Varun Patel,City Medical Center,2026-08-01 18:30:00,Follow-up,Scheduled,Web
APT0010131,P002228,Aditi Reddy,DOC0093,Dr. Kavya Kapoor,Lakeview Hospital,2026-07-10 16:00:00,Follow-up,Cancelled,Walk-in
APT0010132,P002299,Sneha Rao,DOC0096,Dr. Varun Das,Bay Medical,2026-04-13 09:00:00,Follow-up,Completed,Call Center
APT0010133,P002003,Rahul Das,DOC0101,Dr. Varun Singh,City Medical Center,2026-06-17 12:30:00,Consultation,Completed,Referral
APT0010134,P000804,Ishaan Sharma,DOC0080,Dr. Karan Singh,Bay Medical,2026-12-24 13:30:00,Procedure,Completed,Web
APT0010135,P002329,Meera Gupta,DOC0007,Dr. Ananya Singh,Metro Hospital,2026-03-18 17:00:00,Consultation,No Show,Web
APT0010136,P000184,Diya Nair,DOC0064,Dr. Arjun Nair,North Care,2026-01-23 14:00:00,New Visit,Completed,Referral
APT0010137,P000868,Rahul Rao,DOC0059,Dr. Pooja Kapoor,Metro Hospital,2026-08-22 19:30:00,New Visit,Cancelled,Referral
APT0010138,P001220,Vikram Mehta,DOC0052,Dr. Ananya Gupta,Bay Medical,2026-11-01 09:45:00,Follow-up,Completed,Web
APT0010139,P001631,Ira Nair,DOC0021,Dr. Pooja Verma,Metro Hospital,2026-03-25 13:30:00,Procedure,Scheduled,Call Center
APT0010140,P000210,Ishaan Patel,DOC0109,Dr. Aarav Nair,City Medical Center,2026-05-15 16:00:00,Consultation,Scheduled,Referral
APT0010141,P000830,Nikhil Reddy,DOC0055,Dr. Karan Patel,Metro Hospital,2026-05-19 13:15:00,Consultation,No Show,Call Center
APT0010142,P001293,Ananya Verma,DOC0093,Dr. Kavya Kapoor,Lakeview Hospital,2026-01-31 18:45:00,Procedure,Cancelled,Walk-in
APT0010143,P001855,Karan Rao,DOC0097,Dr. Ananya Verma,Bay Medical,2026-06-26 18:00:00,New Visit,Completed,Call Center
APT0010144,P002466,Vikram Patel,DOC0021,Dr. Pooja Verma,Metro Hospital,2026-05-11 11:30:00,New Visit,Completed,Call Center
APT0010145,P001112,Ishaan Sharma,DOC0025,Dr. Rahul Kapoor,Bay Medical,2026-12-17 18:00:00,Procedure,Scheduled,Call Center
APT0010146,P002000,Ishaan Kapoor,DOC0071,Dr. Rahul Kapoor,Metro Hospital,2026-11-17 11:45:00,New Visit,Cancelled,Web
APT0010147,P001182,Anika Verma,DOC0001,Dr. Varun Iyer,City Medical Center,2026-12-15 13:00:00,Procedure,Completed,Referral
APT0010148,P002410,Karan Gupta,DOC0039,Dr. Neha Das,City Medical Center,2026-07-26 18:30:00,Procedure,Completed,Web
APT0010149,P000828,Varun Joshi,DOC0077,Dr. Rohan Sharma,Bay Medical,2026-01-22 16:15:00,New Visit,Completed,Referral
APT0010150,P002472,Sneha Nair,DOC0099,Dr. Ishaan Reddy,Lakeview Hospital,2026-04-27 11:15:00,New Visit,Completed,Web
APT0010151,P000851,Nikhil Sharma,DOC0044,Dr. Ishaan Joshi,City Medical Center,2026-01-09 17:15:00,Follow-up,Cancelled,Referral
APT0010152,P000807,Rahul Das,DOC0001,Dr. Varun Iyer,City Medical Center,2026-05-13 14:45:00,Follow-up,Scheduled,Walk-in
APT0010153,P002156,Varun Joshi,DOC0017,Dr. Pooja Gupta,Lakeview Hospital,2026-11-08 09:00:00,New Visit,Cancelled,Walk-in
APT0010154,P000631,Priya Rao,DOC0105,Dr. Aarav Singh,North Care,2026-09-14 13:15:00,Consultation,Completed,Web
APT0010155,P001245,Aarav Mehta,DOC0075,Dr. Karan Kapoor,Bay Medical,2026-08-10 10:30:00,Consultation,Completed,Web
APT0010156,P000018,Rahul Menon,DOC0038,Dr. Pooja Verma,City Medical Center,2026-04-16 15:45:00,New Visit,Completed,Referral
APT0010157,P000560,Meera Das,DOC0113,Dr. Kavya Das,North Care,2026-05-01 14:15:00,New Visit,Scheduled,Web
APT0010158,P001870,Vikram Iyer,DOC0044,Dr. Ishaan Joshi,City Medical Center,2026-01-24 12:30:00,Procedure,Completed,Walk-in
APT0010159,P000606,Ira Rao,DOC0118,Dr. Karan Das,Central Hospital,2026-08-01 17:30:00,Consultation,Cancelled,Walk-in
APT0010160,P001313,Neha Das,DOC0115,Dr. Varun Verma,Metro Hospital,2026-11-22 19:30:00,Consultation,Completed,Web
APT0010161,P000797,Priya Gupta,DOC0083,Dr. Vikram Das,Lakeview Hospital,2026-11-13 15:00:00,New Visit,Completed,Walk-in
APT0010162,P000362,Neha Iyer,DOC0020,Dr. Pooja Reddy,Lakeview Hospital,2026-04-10 18:30:00,Follow-up,No Show,Referral
APT0010163,P002335,Karan Mehta,DOC0052,Dr. Ananya Gupta,Bay Medical,2026-05-23 11:45:00,New Visit,No Show,Referral
APT0010164,P000390,Aditi Sharma,DOC0033,Dr. Vikram Nair,Lakeview Hospital,2026-09-23 15:15:00,New Visit,Completed,Web
APT0010165,P002042,Kavya Joshi,DOC0022,Dr. Varun Sharma,Lakeview Hospital,2026-03-14 12:30:00,Consultation,Cancelled,Call Center
APT0010166,P001358,Varun Kapoor,DOC0041,Dr. Ananya Das,North Care,2026-01-10 13:45:00,Follow-up,Cancelled,Walk-in
APT0010167,P000887,Ishaan Verma,DOC0109,Dr. Aarav Nair,City Medical Center,2026-04-02 15:00:00,Procedure,Scheduled,Call Center
APT0010168,P000194,Karan Gupta,DOC0112,Dr. Vikram Rao,Central Hospital,2026-01-08 16:15:00,Follow-up,No Show,Call Center
APT0010169,P001866,Neha Verma,DOC0080,Dr. Karan Singh,Bay Medical,2026-12-31 15:45:00,Procedure,No Show,Walk-in
APT0010170,P000378,Ishaan Sharma,DOC0025,Dr. Rahul Kapoor,Bay Medical,2026-11-28 17:30:00,New Visit,Completed,Call Center
APT0010171,P000585,Varun Gupta,DOC0007,Dr. Ananya Singh,Metro Hospital,2026-06-01 11:30:00,New Visit,Scheduled,Web
APT0010172,P001252,Neha Joshi,DOC0090,Dr. Nikhil Mehta,Bay Medical,2026-04-17 16:30:00,New Visit,Cancelled,Walk-in
APT0010173,P001149,Pooja Sharma,DOC0042,Dr. Arjun Kapoor,Bay Medical,2026-01-04 10:15:00,New Visit,No Show,Call Center
APT0010174,P001732,Pooja Mehta,DOC0058,Dr. Karan Gupta,North Care,2026-05-26 18:45:00,Procedure,Cancelled,Web
APT0010175,P000189,Pooja Das,DOC0021,Dr. Pooja Verma,Metro Hospital,2026-08-03 11:30:00,Follow-up,Cancelled,Call Center
APT0010176,P001624,Ira Verma,DOC0050,Dr. Vikram Mehta,Bay Medical,2026-11-22 11:30:00,Follow-up,Completed,Web
APT0010177,P001807,Ira Iyer,DOC0055,Dr. Karan Patel,Metro Hospital,2026-04-08 13:45:00,Consultation,No Show,Walk-in
APT0010178,P000042,Aditi Singh,DOC0042,Dr. Arjun Kapoor,Bay Medical,2026-12-13 16:45:00,Consultation,Scheduled,Call Center
APT0010179,P001076,Vikram Verma,DOC0001,Dr. Varun Iyer,City Medical Center,2026-11-25 10:00:00,Consultation,Completed,Walk-in
APT0010180,P001616,Pooja Rao,DOC0041,Dr. Ananya Das,North Care,2026-03-28 17:45:00,Procedure,Completed,Web
APT0010181,P000798,Nikhil Reddy,DOC0094,Dr. Nikhil Nair,City Medical Center,2026-04-01 15:00:00,Follow-up,Completed,Walk-in
APT0010182,P000920,Rohan Verma,DOC0071,Dr. Rahul Kapoor,Metro Hospital,2026-12-25 13:45:00,New Visit,No Show,Web
APT0010183,P002031,Vikram Nair,DOC0097,Dr. Ananya Verma,Bay Medical,2026-04-08 19:15:00,New Visit,Scheduled,Call Center
APT0010184,P000105,Aditi Patel,DOC0070,Dr. Ira Gupta,Metro Hospital,2026-02-12 13:15:00,New Visit,Completed,Web
APT0010185,P000417,Neha Joshi,DOC0060,Dr. Karan Gupta,Metro Hospital,2026-12-18 08:00:00,Procedure,Completed,Referral
APT0010186,P000590,Arjun Gupta,DOC0103,Dr. Kavya Nair,City Medical Center,2026-07-11 18:45:00,New Visit,Completed,Call Center
APT0010187,P001489,Aditi Sharma,DOC0113,Dr. Kavya Das,North Care,2026-10-18 14:15:00,Consultation,Completed,Referral
APT0010188,P000883,Karan Joshi,DOC0010,Dr. Rohan Patel,City Medical Center,2026-08-07 11:15:00,New Visit,No Show,Web
APT0010189,P000627,Varun Kapoor,DOC0019,Dr. Diya Verma,Metro Hospital,2026-06-18 13:00:00,Consultation,Completed,Referral
APT0010190,P000071,Diya Patel,DOC0023,Dr. Anika Menon,Lakeview Hospital,2026-02-25 17:45:00,New Visit,Cancelled,Web
APT0010191,P001629,Neha Nair,DOC0053,Dr. Rohan Mehta,Bay Medical,2026-08-01 10:00:00,Procedure,No Show,Web
APT0010192,P002354,Priya Nair,DOC0042,Dr. Arjun Kapoor,Bay Medical,2026-11-05 19:15:00,Consultation,Completed,Web
APT0010193,P000190,Aarav Menon,DOC0095,Dr. Priya Iyer,Lakeview Hospital,2026-05-19 18:30:00,Consultation,Completed,Web
APT0010194,P000107,Kavya Gupta,DOC0082,Dr. Rohan Joshi,Lakeview Hospital,2026-04-19 10:15:00,Consultation,Completed,Referral
APT0010195,P001957,Rahul Singh,DOC0029,Dr. Varun Patel,City Medical Center,2026-04-24 17:30:00,Procedure,Scheduled,Referral
APT0010196,P000053,Vikram Singh,DOC0020,Dr. Pooja Reddy,Lakeview Hospital,2026-07-06 10:45:00,New Visit,Completed,Referral
APT0010197,P001884,Anika Reddy,DOC0052,Dr. Ananya Gupta,Bay Medical,2026-05-13 11:00:00,Consultation,Completed,Call Center
APT0010198,P000001,Diya Mehta,DOC0116,Dr. Vikram Mehta,Bay Medical,2026-03-16 12:15:00,Follow-up,Completed,Call Center
APT0010199,P002332,Aarav Menon,DOC0052,Dr. Ananya Gupta,Bay Medical,2026-07-30 10:00:00,Procedure,Scheduled,Referral
APT0010200,P000237,Arjun Menon,DOC0058,Dr. Karan Gupta,North Care,2026-06-21 14:45:00,Follow-up,Completed,Call Center
APT0010201,P001328,Ananya Rao,DOC0090,Dr. Nikhil Mehta,Bay Medical,2026-07-07 14:15:00,Follow-up,Scheduled,Walk-in
APT0010202,P002348,Ananya Nair,DOC0034,Dr. Neha Patel,Central Hospital,2026-06-03 17:15:00,Follow-up,No Show,Call Center
APT0010203,P001885,Ananya Nair,DOC0003,Dr. Pooja Gupta,City Medical Center,2026-12-13 18:45:00,Consultation,Completed,Call Center
APT0010204,P002100,Karan Das,DOC0051,Dr. Ananya Reddy,Metro Hospital,2026-03-24 17:15:00,Follow-up,Completed,Walk-in
APT0010205,P000421,Vikram Das,DOC0015,Dr. Ananya Das,City Medical Center,2026-03-03 12:30:00,New Visit,Completed,Walk-in
APT0010206,P001522,Ananya Verma,DOC0096,Dr. Varun Das,Bay Medical,2026-05-12 13:45:00,Procedure,Completed,Walk-in
APT0010207,P001649,Karan Gupta,DOC0023,Dr. Anika Menon,Lakeview Hospital,2026-01-15 09:00:00,Procedure,Completed,Walk-in
APT0010208,P000366,Arjun Nair,DOC0011,Dr. Nikhil Menon,Metro Hospital,2026-09-12 19:15:00,Consultation,No Show,Walk-in
APT0010209,P001347,Vikram Singh,DOC0036,Dr. Kavya Singh,Bay Medical,2026-06-08 09:45:00,Follow-up,No Show,Walk-in
APT0010210,P002442,Aditi Mehta,DOC0111,Dr. Neha Joshi,Metro Hospital,2026-09-24 16:15:00,New Visit,No Show,Call Center
APT0010211,P001187,Kavya Reddy,DOC0041,Dr. Ananya Das,North Care,2026-01-11 09:45:00,Consultation,Cancelled,Referral
APT0010212,P001266,Meera Menon,DOC0003,Dr. Pooja Gupta,City Medical Center,2026-11-01 16:00:00,Consultation,No Show,Referral
APT0010213,P000924,Kavya Verma,DOC0019,Dr. Diya Verma,Metro Hospital,2026-03-31 10:00:00,Consultation,Completed,Referral
APT0010214,P001759,Anika Rao,DOC0048,Dr. Kavya Das,Lakeview Hospital,2026-05-23 10:45:00,New Visit,Completed,Walk-in
APT0010215,P001221,Ananya Nair,DOC0087,Dr. Aditi Das,Metro Hospital,2026-05-04 08:30:00,Procedure,Completed,Walk-in
APT0010216,P001083,Diya Verma,DOC0055,Dr. Karan Patel,Metro Hospital,2026-04-20 11:15:00,Procedure,Completed,Walk-in
APT0010217,P001351,Rohan Nair,DOC0052,Dr. Ananya Gupta,Bay Medical,2026-06-10 19:30:00,Consultation,Cancelled,Referral
APT0010218,P001796,Ananya Sharma,DOC0063,Dr. Kavya Das,Lakeview Hospital,2026-02-07 10:45:00,Follow-up,Completed,Referral
APT0010219,P001765,Meera Nair,DOC0010,Dr. Rohan Patel,City Medical Center,2026-05-06 12:15:00,Procedure,Completed,Referral
APT0010220,P001206,Kavya Patel,DOC0063,Dr. Kavya Das,Lakeview Hospital,2026-07-18 10:15:00,Consultation,Cancelled,Web
APT0010221,P000985,Anika Gupta,DOC0078,Dr. Pooja Das,Central Hospital,2026-01-24 11:30:00,Follow-up,Completed,Walk-in
APT0010222,P001441,Priya Kapoor,DOC0052,Dr. Ananya Gupta,Bay Medical,2026-01-20 19:15:00,Follow-up,No Show,Web
APT0010223,P001204,Pooja Rao,DOC0014,Dr. Aditi Patel,City Medical Center,2026-12-08 17:30:00,Consultation,Completed,Call Center
APT0010224,P002399,Nikhil Menon,DOC0120,Dr. Meera Das,Metro Hospital,2026-10-03 14:15:00,Follow-up,Completed,Walk-in
APT0010225,P001789,Neha Rao,DOC0060,Dr. Karan Gupta,Metro Hospital,2026-01-04 12:15:00,Procedure,Cancelled,Call Center
APT0010226,P001300,Vikram Nair,DOC0081,Dr. Priya Sharma,Bay Medical,2026-08-29 09:45:00,New Visit,Cancelled,Walk-in
APT0010227,P000331,Anika Singh,DOC0099,Dr. Ishaan Reddy,Lakeview Hospital,2026-08-13 09:15:00,Consultation,Scheduled,Walk-in
APT0010228,P000474,Varun Mehta,DOC0059,Dr. Pooja Kapoor,Metro Hospital,2026-09-30 10:30:00,Consultation,Completed,Web
APT0010229,P002007,Meera Mehta,DOC0105,Dr. Aarav Singh,North Care,2026-01-22 09:00:00,Procedure,Completed,Referral
APT0010230,P000397,Ira Das,DOC0089,Dr. Kavya Nair,City Medical Center,2026-08-28 10:00:00,New Visit,Completed,Call Center
APT0010231,P000343,Priya Das,DOC0004,Dr. Aarav Reddy,Bay Medical,2026-09-11 12:00:00,Procedure,Completed,Walk-in
APT0010232,P000673,Ananya Iyer,DOC0023,Dr. Anika Menon,Lakeview Hospital,2026-07-20 08:45:00,Consultation,Completed,Call Center
APT0010233,P000508,Neha Gupta,DOC0007,Dr. Ananya Singh,Metro Hospital,2026-04-09 13:45:00,Follow-up,No Show,Walk-in
APT0010234,P001839,Ira Gupta,DOC0097,Dr. Ananya Verma,Bay Medical,2026-07-02 15:30:00,New Visit,Completed,Referral
APT0010235,P000543,Meera Iyer,DOC0119,Dr. Varun Iyer,North Care,2026-12-08 17:15:00,New Visit,Completed,Referral
APT0010236,P000821,Aarav Iyer,DOC0065,Dr. Sneha Das,Metro Hospital,2026-01-30 11:45:00,Consultation,Scheduled,Walk-in
APT0010237,P001015,Pooja Iyer,DOC0107,Dr. Neha Rao,North Care,2026-02-08 18:45:00,Follow-up,Completed,Call Center
APT0010238,P001281,Anika Kapoor,DOC0011,Dr. Nikhil Menon,Metro Hospital,2026-03-21 09:30:00,Follow-up,No Show,Call Center
APT0010239,P001783,Karan Gupta,DOC0088,Dr. Arjun Singh,Bay Medical,2026-01-02 14:15:00,Procedure,Cancelled,Web
APT0010240,P000475,Diya Rao,DOC0062,Dr. Neha Menon,North Care,2026-12-18 17:00:00,Follow-up,No Show,Web
APT0010241,P000611,Sneha Gupta,DOC0057,Dr. Ananya Singh,Metro Hospital,2026-05-04 08:45:00,Consultation,Cancelled,Walk-in
APT0010242,P001002,Aarav Reddy,DOC0084,Dr. Neha Singh,Central Hospital,2026-10-05 18:30:00,New Visit,Completed,Web
APT0010243,P001332,Ishaan Reddy,DOC0007,Dr. Ananya Singh,Metro Hospital,2026-09-28 13:45:00,Consultation,Completed,Walk-in
APT0010244,P000910,Rohan Mehta,DOC0042,Dr. Arjun Kapoor,Bay Medical,2026-09-26 18:00:00,Procedure,Cancelled,Web
APT0010245,P000471,Karan Sharma,DOC0075,Dr. Karan Kapoor,Bay Medical,2026-11-07 11:15:00,New Visit,Cancelled,Walk-in
APT0010246,P001314,Diya Rao,DOC0090,Dr. Nikhil Mehta,Bay Medical,2026-11-20 09:15:00,Follow-up,Completed,Walk-in
APT0010247,P001577,Priya Mehta,DOC0002,Dr. Varun Das,Metro Hospital,2026-05-23 11:30:00,New Visit,Completed,Walk-in
APT0010248,P002060,Sneha Das,DOC0054,Dr. Nikhil Rao,Central Hospital,2026-09-27 12:00:00,Follow-up,Completed,Web
APT0010249,P000965,Neha Rao,DOC0045,Dr. Rohan Mehta,City Medical Center,2026-10-20 13:15:00,Follow-up,Completed,Walk-in
APT0010250,P001534,Nikhil Sharma,DOC0103,Dr. Kavya Nair,City Medical Center,2026-06-02 18:45:00,Procedure,Completed,Walk-in
APT0010251,P002500,Ishaan Reddy,DOC0032,Dr. Pooja Kapoor,North Care,2026-09-12 15:30:00,Procedure,No Show,Call Center
APT0010252,P000233,Ira Verma,DOC0007,Dr. Ananya Singh,Metro Hospital,2026-08-04 15:15:00,Procedure,No Show,Call Center
APT0010253,P000882,Ananya Singh,DOC0021,Dr. Pooja Verma,Metro Hospital,2026-02-14 14:15:00,New Visit,No Show,Call Center
APT0010254,P001140,Priya Mehta,DOC0084,Dr. Neha Singh,Central Hospital,2026-08-22 14:30:00,Consultation,No Show,Walk-in
APT0010255,P000149,Kavya Menon,DOC0084,Dr. Neha Singh,Central Hospital,2026-01-29 14:00:00,Consultation,Cancelled,Call Center
APT0010256,P001246,Varun Rao,DOC0083,Dr. Vikram Das,Lakeview Hospital,2026-12-30 19:15:00,Procedure,Completed,Call Center
APT0010257,P002259,Varun Rao,DOC0092,Dr. Aditi Menon,North Care,2026-01-10 10:00:00,Consultation,Scheduled,Call Center
APT0010258,P001482,Sneha Verma,DOC0089,Dr. Kavya Nair,City Medical Center,2026-01-20 13:15:00,Follow-up,Completed,Web
APT0010259,P001249,Meera Mehta,DOC0049,Dr. Meera Iyer,Bay Medical,2026-10-18 14:15:00,Procedure,Completed,Walk-in
APT0010260,P000979,Rohan Nair,DOC0104,Dr. Varun Gupta,North Care,2026-06-25 18:30:00,Consultation,No Show,Referral
APT0010261,P001754,Priya Iyer,DOC0089,Dr. Kavya Nair,City Medical Center,2026-01-15 10:30:00,Procedure,No Show,Referral
APT0010262,P002431,Nikhil Menon,DOC0092,Dr. Aditi Menon,North Care,2026-05-06 12:00:00,Procedure,Scheduled,Referral
APT0010263,P000406,Priya Joshi,DOC0077,Dr. Rohan Sharma,Bay Medical,2026-12-20 13:45:00,Follow-up,Completed,Call Center
APT0010264,P000809,Aarav Menon,DOC0085,Dr. Ira Reddy,Central Hospital,2026-05-26 12:30:00,New Visit,Completed,Call Center
APT0010265,P002019,Arjun Iyer,DOC0079,Dr. Ishaan Joshi,North Care,2026-09-03 09:45:00,Consultation,Cancelled,Web
APT0010266,P000819,Sneha Das,DOC0113,Dr. Kavya Das,North Care,2026-10-15 16:00:00,Consultation,Completed,Web
APT0010267,P001442,Pooja Verma,DOC0036,Dr. Kavya Singh,Bay Medical,2026-01-02 14:30:00,Follow-up,Completed,Web
APT0010268,P001668,Aditi Verma,DOC0017,Dr. Pooja Gupta,Lakeview Hospital,2026-10-12 12:00:00,New Visit,No Show,Call Center
APT0010269,P002185,Vikram Rao,DOC0089,Dr. Kavya Nair,City Medical Center,2026-02-15 10:15:00,Follow-up,Completed,Referral
APT0010270,P000991,Nikhil Sharma,DOC0005,Dr. Ananya Joshi,Lakeview Hospital,2026-11-27 15:15:00,New Visit,Cancelled,Call Center
APT0010271,P002032,Aditi Singh,DOC0011,Dr. Nikhil Menon,Metro Hospital,2026-11-05 12:45:00,New Visit,Completed,Referral
APT0010272,P001264,Varun Reddy,DOC0115,Dr. Varun Verma,Metro Hospital,2026-07-11 17:30:00,Procedure,Completed,Web
APT0010273,P000968,Pooja Nair,DOC0060,Dr. Karan Gupta,Metro Hospital,2026-05-13 08:30:00,Procedure,Scheduled,Walk-in
APT0010274,P000477,Rahul Joshi,DOC0070,Dr. Ira Gupta,Metro Hospital,2026-09-22 17:15:00,New Visit,Completed,Walk-in
APT0010275,P000057,Ishaan Mehta,DOC0085,Dr. Ira Reddy,Central Hospital,2026-09-18 09:45:00,Consultation,Completed,Call Center
APT0010276,P002405,Aditi Kapoor,DOC0046,Dr. Anika Das,Bay Medical,2026-09-28 11:45:00,Follow-up,Cancelled,Walk-in
APT0010277,P000003,Pooja Nair,DOC0083,Dr. Vikram Das,Lakeview Hospital,2026-02-08 16:00:00,New Visit,No Show,Call Center
APT0010278,P002179,Vikram Das,DOC0007,Dr. Ananya Singh,Metro Hospital,2026-07-17 10:45:00,Follow-up,Completed,Walk-in
APT0010279,P001092,Sneha Mehta,DOC0068,Dr. Ananya Kapoor,North Care,2026-05-17 11:15:00,Procedure,Cancelled,Referral
APT0010280,P000269,Ananya Joshi,DOC0025,Dr. Rahul Kapoor,Bay Medical,2026-11-11 18:00:00,Follow-up,Cancelled,Call Center
APT0010281,P000588,Rohan Singh,DOC0051,Dr. Ananya Reddy,Metro Hospital,2026-01-25 08:00:00,New Visit,Scheduled,Walk-in
APT0010282,P002317,Rahul Reddy,DOC0108,Dr. Aditi Singh,North Care,2026-12-21 08:45:00,Follow-up,No Show,Walk-in
APT0010283,P002465,Rahul Singh,DOC0043,Dr. Anika Kapoor,North Care,2026-04-22 14:00:00,New Visit,No Show,Referral
APT0010284,P002247,Varun Patel,DOC0096,Dr. Varun Das,Bay Medical,2026-05-02 12:30:00,New Visit,Scheduled,Call Center
APT0010285,P002120,Varun Das,DOC0032,Dr. Pooja Kapoor,North Care,2026-12-27 16:30:00,Procedure,Cancelled,Web
APT0010286,P000387,Ira Das,DOC0104,Dr. Varun Gupta,North Care,2026-11-29 08:15:00,New Visit,Completed,Referral
APT0010287,P001448,Aditi Patel,DOC0056,Dr. Arjun Rao,Bay Medical,2026-06-17 17:30:00,Procedure,No Show,Web
APT0010288,P001091,Rahul Verma,DOC0097,Dr. Ananya Verma,Bay Medical,2026-04-10 10:30:00,Consultation,Completed,Walk-in
APT0010289,P000389,Aarav Patel,DOC0012,Dr. Neha Rao,North Care,2026-11-19 15:30:00,Consultation,Cancelled,Call Center
APT0010290,P001443,Ananya Kapoor,DOC0044,Dr. Ishaan Joshi,City Medical Center,2026-02-16 10:00:00,Consultation,Scheduled,Call Center
APT0010291,P002020,Priya Joshi,DOC0014,Dr. Aditi Patel,City Medical Center,2026-08-18 14:15:00,Consultation,Completed,Referral
APT0010292,P000710,Arjun Joshi,DOC0095,Dr. Priya Iyer,Lakeview Hospital,2026-07-17 19:30:00,Consultation,Completed,Web
APT0010293,P001233,Varun Mehta,DOC0010,Dr. Rohan Patel,City Medical Center,2026-07-03 12:45:00,New Visit,No Show,Referral
APT0010294,P002385,Ishaan Gupta,DOC0034,Dr. Neha Patel,Central Hospital,2026-01-27 12:15:00,New Visit,Completed,Web
APT0010295,P002013,Anika Nair,DOC0096,Dr. Varun Das,Bay Medical,2026-08-10 19:15:00,Follow-up,Scheduled,Web
APT0010296,P002000,Ishaan Kapoor,DOC0056,Dr. Arjun Rao,Bay Medical,2026-03-13 09:15:00,New Visit,Scheduled,Walk-in
APT0010297,P000217,Sneha Singh,DOC0117,Dr. Meera Rao,Bay Medical,2026-01-01 12:00:00,Procedure,No Show,Web
APT0010298,P001101,Nikhil Patel,DOC0112,Dr. Vikram Rao,Central Hospital,2026-11-02 16:30:00,New Visit,Completed,Call Center
APT0010299,P000644,Neha Gupta,DOC0008,Dr. Neha Kapoor,Lakeview Hospital,2026-12-01 08:30:00,Consultation,No Show,Walk-in
APT0010300,P001368,Aditi Patel,DOC0103,Dr. Kavya Nair,City Medical Center,2026-11-12 11:15:00,Consultation,Completed,Walk-in
APT0010301,P000068,Kavya Patel,DOC0103,Dr. Kavya Nair,City Medical Center,2026-07-19 17:30:00,Consultation,No Show,Walk-in
APT0010302,P002034,Meera Joshi,DOC0035,Dr. Aditi Nair,Lakeview Hospital,2026-01-11 08:30:00,Procedure,Cancelled,Walk-in
APT0010303,P000555,Karan Kapoor,DOC0024,Dr. Anika Menon,City Medical Center,2026-09-27 09:45:00,Procedure,Completed,Referral
APT0010304,P001541,Aarav Verma,DOC0025,Dr. Rahul Kapoor,Bay Medical,2026-10-28 15:45:00,Follow-up,Scheduled,Call Center
APT0010305,P001303,Ananya Iyer,DOC0016,Dr. Karan Joshi,City Medical Center,2026-08-03 19:15:00,Consultation,Cancelled,Call Center
APT0010306,P001421,Pooja Mehta,DOC0045,Dr. Rohan Mehta,City Medical Center,2026-07-07 11:30:00,Procedure,Scheduled,Call Center
APT0010307,P000712,Rohan Das,DOC0053,Dr. Rohan Mehta,Bay Medical,2026-03-07 12:45:00,New Visit,Scheduled,Web
APT0010308,P000767,Vikram Mehta,DOC0086,Dr. Ira Menon,Bay Medical,2026-06-28 16:30:00,Procedure,Completed,Referral
APT0010309,P000410,Aditi Sharma,DOC0058,Dr. Karan Gupta,North Care,2026-11-25 10:30:00,Follow-up,Scheduled,Web
APT0010310,P001701,Karan Kapoor,DOC0035,Dr. Aditi Nair,Lakeview Hospital,2026-03-27 08:15:00,New Visit,Cancelled,Web
APT0010311,P001973,Rahul Kapoor,DOC0119,Dr. Varun Iyer,North Care,2026-04-11 09:00:00,Follow-up,No Show,Call Center
APT0010312,P000079,Sneha Kapoor,DOC0046,Dr. Anika Das,Bay Medical,2026-08-10 15:00:00,New Visit,Cancelled,Referral
APT0010313,P000261,Rohan Sharma,DOC0057,Dr. Ananya Singh,Metro Hospital,2026-09-21 13:45:00,Procedure,Completed,Walk-in
APT0010314,P000236,Sneha Joshi,DOC0075,Dr. Karan Kapoor,Bay Medical,2026-11-07 15:45:00,Follow-up,Cancelled,Web
APT0010315,P000808,Kavya Verma,DOC0002,Dr. Varun Das,Metro Hospital,2026-05-15 12:30:00,New Visit,Completed,Walk-in
APT0010316,P000650,Ishaan Rao,DOC0094,Dr. Nikhil Nair,City Medical Center,2026-05-23 10:00:00,Follow-up,Scheduled,Walk-in
APT0010317,P000544,Ishaan Kapoor,DOC0081,Dr. Priya Sharma,Bay Medical,2026-12-27 15:15:00,New Visit,No Show,Walk-in
APT0010318,P000907,Rahul Patel,DOC0098,Dr. Arjun Reddy,Lakeview Hospital,2026-12-07 19:15:00,Consultation,Cancelled,Call Center
APT0010319,P001305,Aditi Das,DOC0085,Dr. Ira Reddy,Central Hospital,2026-05-30 14:15:00,Consultation,Completed,Referral
APT0010320,P002056,Kavya Sharma,DOC0063,Dr. Kavya Das,Lakeview Hospital,2026-01-17 19:30:00,Procedure,Cancelled,Call Center
APT0010321,P001110,Nikhil Nair,DOC0031,Dr. Pooja Singh,Metro Hospital,2026-09-10 19:30:00,Consultation,Completed,Referral
APT0010322,P001130,Kavya Mehta,DOC0082,Dr. Rohan Joshi,Lakeview Hospital,2026-05-19 19:30:00,Follow-up,Completed,Referral
APT0010323,P001698,Diya Rao,DOC0088,Dr. Arjun Singh,Bay Medical,2026-01-07 12:00:00,Procedure,Completed,Call Center
APT0010324,P001328,Ananya Rao,DOC0080,Dr. Karan Singh,Bay Medical,2026-05-11 14:45:00,Consultation,Completed,Call Center
APT0010325,P002092,Rohan Sharma,DOC0050,Dr. Vikram Mehta,Bay Medical,2026-09-06 17:30:00,New Visit,Completed,Walk-in
APT0010326,P001862,Karan Sharma,DOC0119,Dr. Varun Iyer,North Care,2026-07-08 18:30:00,New Visit,Scheduled,Walk-in
APT0010327,P000264,Nikhil Patel,DOC0090,Dr. Nikhil Mehta,Bay Medical,2026-08-14 19:30:00,Procedure,Completed,Web
APT0010328,P001117,Pooja Sharma,DOC0066,Dr. Nikhil Singh,Metro Hospital,2026-08-15 10:45:00,Consultation,Scheduled,Call Center
APT0010329,P001114,Kavya Sharma,DOC0001,Dr. Varun Iyer,City Medical Center,2026-03-04 15:45:00,Procedure,No Show,Web
APT0010330,P000996,Aditi Das,DOC0003,Dr. Pooja Gupta,City Medical Center,2026-12-20 18:00:00,Consultation,Completed,Referral
APT0010331,P001486,Karan Menon,DOC0072,Dr. Rahul Iyer,Central Hospital,2026-06-19 18:45:00,New Visit,Completed,Referral
APT0010332,P000509,Priya Nair,DOC0071,Dr. Rahul Kapoor,Metro Hospital,2026-06-11 08:30:00,Consultation,Cancelled,Walk-in
APT0010333,P001594,Varun Nair,DOC0111,Dr. Neha Joshi,Metro Hospital,2026-08-26 08:00:00,Consultation,No Show,Call Center
APT0010334,P002426,Aditi Das,DOC0033,Dr. Vikram Nair,Lakeview Hospital,2026-07-31 08:45:00,Consultation,Completed,Walk-in
APT0010335,P001945,Karan Sharma,DOC0043,Dr. Anika Kapoor,North Care,2026-01-17 19:15:00,Follow-up,Completed,Referral
APT0010336,P000046,Neha Verma,DOC0029,Dr. Varun Patel,City Medical Center,2026-01-13 14:00:00,Consultation,Completed,Web
APT0010337,P000556,Meera Joshi,DOC0054,Dr. Nikhil Rao,Central Hospital,2026-12-13 13:30:00,New Visit,Cancelled,Web
APT0010338,P001689,Priya Iyer,DOC0006,Dr. Neha Das,Central Hospital,2026-08-26 10:15:00,Procedure,Completed,Web
APT0010339,P002339,Ananya Joshi,DOC0059,Dr. Pooja Kapoor,Metro Hospital,2026-05-01 12:45:00,Follow-up,Scheduled,Call Center
APT0010340,P002481,Ananya Sharma,DOC0095,Dr. Priya Iyer,Lakeview Hospital,2026-08-12 10:30:00,Follow-up,No Show,Walk-in
APT0010341,P001351,Rohan Nair,DOC0037,Dr. Sneha Patel,City Medical Center,2026-09-20 15:00:00,Consultation,Scheduled,Referral
APT0010342,P001708,Rohan Iyer,DOC0098,Dr. Arjun Reddy,Lakeview Hospital,2026-06-17 15:00:00,Consultation,Completed,Call Center
APT0010343,P002497,Karan Joshi,DOC0104,Dr. Varun Gupta,North Care,2026-04-15 19:30:00,New Visit,Scheduled,Referral
APT0010344,P001760,Arjun Iyer,DOC0062,Dr. Neha Menon,North Care,2026-08-31 12:45:00,Procedure,Completed,Call Center
APT0010345,P001563,Diya Reddy,DOC0110,Dr. Aditi Iyer,Central Hospital,2026-08-22 13:00:00,New Visit,Completed,Referral
APT0010346,P000570,Anika Mehta,DOC0097,Dr. Ananya Verma,Bay Medical,2026-06-14 14:30:00,Procedure,Scheduled,Walk-in
APT0010347,P001172,Ishaan Menon,DOC0110,Dr. Aditi Iyer,Central Hospital,2026-06-22 17:15:00,New Visit,No Show,Call Center
APT0010348,P000898,Nikhil Kapoor,DOC0043,Dr. Anika Kapoor,North Care,2026-09-01 09:00:00,Procedure,Scheduled,Call Center
APT0010349,P001155,Kavya Nair,DOC0041,Dr. Ananya Das,North Care,2026-06-02 12:30:00,Follow-up,Cancelled,Web
APT0010350,P001921,Vikram Iyer,DOC0116,Dr. Vikram Mehta,Bay Medical,2026-01-30 14:15:00,Follow-up,Cancelled,Call Center
APT0010351,P001101,Nikhil Patel,DOC0057,Dr. Ananya Singh,Metro Hospital,2026-01-27 13:45:00,Follow-up,Completed,Referral
APT0010352,P001266,Meera Menon,DOC0052,Dr. Ananya Gupta,Bay Medical,2026-08-28 15:30:00,Procedure,No Show,Walk-in
APT0010353,P002364,Ananya Mehta,DOC0072,Dr. Rahul Iyer,Central Hospital,2026-02-15 16:15:00,New Visit,Scheduled,Call Center
APT0010354,P001724,Pooja Joshi,DOC0026,Dr. Arjun Mehta,Central Hospital,2026-01-30 08:00:00,Follow-up,Scheduled,Referral
APT0010355,P000880,Ira Iyer,DOC0104,Dr. Varun Gupta,North Care,2026-12-29 09:30:00,New Visit,Completed,Call Center
APT0010356,P000956,Aditi Verma,DOC0058,Dr. Karan Gupta,North Care,2026-09-27 10:45:00,Procedure,Completed,Web
APT0010357,P001158,Ananya Das,DOC0048,Dr. Kavya Das,Lakeview Hospital,2026-05-02 11:15:00,New Visit,Completed,Call Center
APT0010358,P000229,Sneha Menon,DOC0003,Dr. Pooja Gupta,City Medical Center,2026-12-11 12:00:00,Procedure,Completed,Web
APT0010359,P001529,Arjun Das,DOC0050,Dr. Vikram Mehta,Bay Medical,2026-10-31 08:30:00,Procedure,Scheduled,Referral
APT0010360,P000077,Vikram Nair,DOC0034,Dr. Neha Patel,Central Hospital,2026-12-01 19:30:00,Follow-up,Completed,Web
APT0010361,P000373,Rohan Menon,DOC0080,Dr. Karan Singh,Bay Medical,2026-03-02 18:15:00,Procedure,Completed,Web
APT0010362,P001947,Sneha Joshi,DOC0034,Dr. Neha Patel,Central Hospital,2026-01-22 16:00:00,New Visit,Completed,Call Center
APT0010363,P002317,Rahul Reddy,DOC0109,Dr. Aarav Nair,City Medical Center,2026-04-13 19:15:00,Procedure,Completed,Call Center
APT0010364,P001332,Ishaan Reddy,DOC0049,Dr. Meera Iyer,Bay Medical,2026-04-03 16:45:00,Consultation,Scheduled,Walk-in
APT0010365,P000123,Aditi Das,DOC0014,Dr. Aditi Patel,City Medical Center,2026-02-12 11:30:00,Consultation,Completed,Web
APT0010366,P002234,Ira Sharma,DOC0112,Dr. Vikram Rao,Central Hospital,2026-10-06 14:00:00,New Visit,Cancelled,Walk-in
APT0010367,P000542,Ananya Kapoor,DOC0113,Dr. Kavya Das,North Care,2026-05-20 14:15:00,Follow-up,Completed,Call Center
APT0010368,P002276,Kavya Iyer,DOC0052,Dr. Ananya Gupta,Bay Medical,2026-06-01 14:15:00,Consultation,Completed,Web
APT0010369,P000565,Ira Kapoor,DOC0010,Dr. Rohan Patel,City Medical Center,2026-03-25 11:15:00,New Visit,No Show,Web
APT0010370,P001177,Kavya Verma,DOC0118,Dr. Karan Das,Central Hospital,2026-03-04 09:30:00,Consultation,No Show,Call Center
APT0010371,P001559,Karan Kapoor,DOC0060,Dr. Karan Gupta,Metro Hospital,2026-10-06 18:45:00,New Visit,Scheduled,Call Center
APT0010372,P001174,Ananya Nair,DOC0058,Dr. Karan Gupta,North Care,2026-06-25 12:45:00,Procedure,Completed,Call Center
APT0010373,P001771,Kavya Kapoor,DOC0026,Dr. Arjun Mehta,Central Hospital,2026-10-16 12:15:00,Consultation,Completed,Referral
APT0010374,P001489,Aditi Sharma,DOC0083,Dr. Vikram Das,Lakeview Hospital,2026-08-24 16:15:00,Follow-up,Completed,Web
APT0010375,P000555,Karan Kapoor,DOC0057,Dr. Ananya Singh,Metro Hospital,2026-03-03 14:00:00,Follow-up,Completed,Web
APT0010376,P002164,Ananya Reddy,DOC0068,Dr. Ananya Kapoor,North Care,2026-06-19 12:30:00,Procedure,Completed,Web
APT0010377,P002337,Arjun Kapoor,DOC0105,Dr. Aarav Singh,North Care,2026-09-10 13:45:00,New Visit,Completed,Call Center
APT0010378,P000280,Karan Rao,DOC0042,Dr. Arjun Kapoor,Bay Medical,2026-05-04 17:45:00,Follow-up,Completed,Call Center
APT0010379,P000939,Meera Nair,DOC0114,Dr. Ananya Iyer,Central Hospital,2026-05-05 14:45:00,Consultation,No Show,Call Center
APT0010380,P002099,Varun Menon,DOC0065,Dr. Sneha Das,Metro Hospital,2026-12-05 16:30:00,Follow-up,Completed,Call Center
APT0010381,P001028,Aditi Gupta,DOC0110,Dr. Aditi Iyer,Central Hospital,2026-11-13 09:30:00,New Visit,No Show,Walk-in
APT0010382,P001557,Aarav Mehta,DOC0034,Dr. Neha Patel,Central Hospital,2026-09-10 17:00:00,Procedure,Completed,Call Center
APT0010383,P001564,Sneha Verma,DOC0084,Dr. Neha Singh,Central Hospital,2026-09-16 13:00:00,New Visit,Cancelled,Web
APT0010384,P001292,Pooja Iyer,DOC0073,Dr. Meera Singh,Metro Hospital,2026-05-19 14:15:00,Consultation,No Show,Web
APT0010385,P001127,Anika Iyer,DOC0058,Dr. Karan Gupta,North Care,2026-12-01 18:00:00,Procedure,Scheduled,Web
APT0010386,P001296,Aarav Das,DOC0076,Dr. Kavya Sharma,North Care,2026-06-19 10:45:00,New Visit,No Show,Referral
APT0010387,P000076,Diya Joshi,DOC0055,Dr. Karan Patel,Metro Hospital,2026-12-30 08:45:00,Follow-up,Cancelled,Referral
APT0010388,P000265,Ira Nair,DOC0024,Dr. Anika Menon,City Medical Center,2026-12-14 08:00:00,Follow-up,Completed,Walk-in
APT0010389,P001846,Rohan Kapoor,DOC0039,Dr. Neha Das,City Medical Center,2026-08-15 09:15:00,New Visit,No Show,Referral
APT0010390,P002075,Ishaan Gupta,DOC0098,Dr. Arjun Reddy,Lakeview Hospital,2026-02-02 08:15:00,Procedure,Completed,Walk-in
APT0010391,P000096,Nikhil Patel,DOC0002,Dr. Varun Das,Metro Hospital,2026-06-07 14:30:00,Consultation,Scheduled,Web
APT0010392,P001998,Kavya Nair,DOC0044,Dr. Ishaan Joshi,City Medical Center,2026-05-17 17:15:00,Procedure,Completed,Walk-in
APT0010393,P001957,Rahul Singh,DOC0015,Dr. Ananya Das,City Medical Center,2026-04-01 10:45:00,Consultation,Cancelled,Referral
APT0010394,P002202,Aditi Rao,DOC0047,Dr. Rohan Rao,Central Hospital,2026-12-10 11:00:00,Follow-up,Scheduled,Web
APT0010395,P000889,Diya Sharma,DOC0055,Dr. Karan Patel,Metro Hospital,2026-11-29 12:15:00,Consultation,No Show,Referral
APT0010396,P002131,Neha Nair,DOC0116,Dr. Vikram Mehta,Bay Medical,2026-08-13 08:30:00,Procedure,Scheduled,Call Center
APT0010397,P001468,Diya Das,DOC0018,Dr. Ira Patel,Lakeview Hospital,2026-02-27 10:45:00,Follow-up,Completed,Walk-in
APT0010398,P002285,Arjun Gupta,DOC0073,Dr. Meera Singh,Metro Hospital,2026-11-23 11:15:00,New Visit,No Show,Referral
APT0010399,P001767,Diya Gupta,DOC0066,Dr. Nikhil Singh,Metro Hospital,2026-05-25 14:00:00,Procedure,Cancelled,Referral
APT0010400,P000773,Pooja Mehta,DOC0096,Dr. Varun Das,Bay Medical,2026-01-07 14:00:00,Consultation,Completed,Call Center
APT0010401,P000175,Aditi Verma,DOC0074,Dr. Aditi Singh,Central Hospital,2026-01-26 11:45:00,New Visit,Scheduled,Web
APT0010402,P002116,Priya Nair,DOC0083,Dr. Vikram Das,Lakeview Hospital,2026-08-21 12:15:00,Consultation,Completed,Web
APT0010403,P001344,Rohan Verma,DOC0063,Dr. Kavya Das,Lakeview Hospital,2026-07-02 12:00:00,Procedure,Completed,Referral
APT0010404,P000809,Aarav Menon,DOC0054,Dr. Nikhil Rao,Central Hospital,2026-09-06 11:45:00,Consultation,Cancelled,Referral
APT0010405,P001609,Nikhil Verma,DOC0002,Dr. Varun Das,Metro Hospital,2026-05-02 11:00:00,Procedure,Scheduled,Web
APT0010406,P001536,Pooja Nair,DOC0013,Dr. Aditi Patel,Lakeview Hospital,2026-07-13 09:30:00,Consultation,Completed,Referral
APT0010407,P000111,Aditi Singh,DOC0002,Dr. Varun Das,Metro Hospital,2026-01-27 10:45:00,Procedure,Completed,Call Center
APT0010408,P002198,Neha Singh,DOC0032,Dr. Pooja Kapoor,North Care,2026-01-10 13:15:00,New Visit,No Show,Web
APT0010409,P002404,Ishaan Sharma,DOC0099,Dr. Ishaan Reddy,Lakeview Hospital,2026-03-29 15:45:00,Consultation,Completed,Web
APT0010410,P000744,Nikhil Nair,DOC0003,Dr. Pooja Gupta,City Medical Center,2026-10-31 08:45:00,Procedure,Scheduled,Call Center
APT0010411,P001279,Diya Verma,DOC0104,Dr. Varun Gupta,North Care,2026-10-23 10:45:00,Procedure,Completed,Referral
APT0010412,P000551,Ishaan Menon,DOC0041,Dr. Ananya Das,North Care,2026-08-30 11:45:00,Procedure,Completed,Referral
APT0010413,P000865,Nikhil Nair,DOC0098,Dr. Arjun Reddy,Lakeview Hospital,2026-01-12 13:30:00,Procedure,Cancelled,Referral
APT0010414,P000149,Kavya Menon,DOC0083,Dr. Vikram Das,Lakeview Hospital,2026-05-12 09:30:00,Follow-up,Completed,Call Center
APT0010415,P000436,Priya Reddy,DOC0020,Dr. Pooja Reddy,Lakeview Hospital,2026-06-22 12:00:00,New Visit,Cancelled,Web
APT0010416,P001920,Ananya Singh,DOC0062,Dr. Neha Menon,North Care,2026-08-04 10:15:00,New Visit,Cancelled,Walk-in
APT0010417,P002195,Ananya Gupta,DOC0037,Dr. Sneha Patel,City Medical Center,2026-07-06 17:15:00,Procedure,Completed,Walk-in
APT0010418,P000831,Karan Menon,DOC0044,Dr. Ishaan Joshi,City Medical Center,2026-12-14 14:30:00,New Visit,Completed,Walk-in
APT0010419,P001939,Anika Nair,DOC0008,Dr. Neha Kapoor,Lakeview Hospital,2026-09-01 14:45:00,Follow-up,Completed,Call Center
APT0010420,P001181,Ananya Nair,DOC0060,Dr. Karan Gupta,Metro Hospital,2026-08-27 18:45:00,Consultation,Completed,Call Center
APT0010421,P001005,Pooja Gupta,DOC0114,Dr. Ananya Iyer,Central Hospital,2026-05-02 15:15:00,New Visit,No Show,Walk-in
APT0010422,P000592,Vikram Reddy,DOC0073,Dr. Meera Singh,Metro Hospital,2026-05-23 10:15:00,New Visit,Completed,Call Center
APT0010423,P001936,Ishaan Patel,DOC0101,Dr. Varun Singh,City Medical Center,2026-07-30 18:15:00,New Visit,Completed,Web
APT0010424,P000445,Pooja Singh,DOC0092,Dr. Aditi Menon,North Care,2026-09-03 17:45:00,Procedure,Completed,Referral
APT0010425,P000394,Meera Singh,DOC0101,Dr. Varun Singh,City Medical Center,2026-02-25 14:45:00,Consultation,Scheduled,Call Center
APT0010426,P001980,Neha Gupta,DOC0029,Dr. Varun Patel,City Medical Center,2026-04-24 12:00:00,Consultation,Completed,Referral
APT0010427,P001326,Priya Kapoor,DOC0069,Dr. Meera Gupta,Metro Hospital,2026-04-29 17:45:00,New Visit,Completed,Walk-in
APT0010428,P000225,Kavya Mehta,DOC0017,Dr. Pooja Gupta,Lakeview Hospital,2026-11-17 18:30:00,Consultation,Scheduled,Call Center
APT0010429,P000257,Rahul Singh,DOC0082,Dr. Rohan Joshi,Lakeview Hospital,2026-10-18 11:45:00,Follow-up,No Show,Web
APT0010430,P002421,Neha Patel,DOC0034,Dr. Neha Patel,Central Hospital,2026-10-13 10:00:00,Follow-up,Scheduled,Walk-in
APT0010431,P002248,Sneha Gupta,DOC0059,Dr. Pooja Kapoor,Metro Hospital,2026-06-08 08:15:00,Procedure,Completed,Referral
APT0010432,P002020,Priya Joshi,DOC0014,Dr. Aditi Patel,City Medical Center,2026-04-30 15:45:00,Consultation,Scheduled,Web
APT0010433,P001063,Sneha Iyer,DOC0096,Dr. Varun Das,Bay Medical,2026-08-01 18:15:00,Follow-up,Cancelled,Call Center
APT0010434,P001074,Neha Nair,DOC0027,Dr. Neha Verma,Central Hospital,2026-06-14 15:45:00,Follow-up,No Show,Walk-in
APT0010435,P000244,Karan Nair,DOC0101,Dr. Varun Singh,City Medical Center,2026-06-03 13:15:00,New Visit,No Show,Referral
APT0010436,P000983,Anika Das,DOC0097,Dr. Ananya Verma,Bay Medical,2026-09-19 19:00:00,Consultation,No Show,Call Center
APT0010437,P001758,Karan Rao,DOC0019,Dr. Diya Verma,Metro Hospital,2026-10-21 12:00:00,Consultation,Scheduled,Web
APT0010438,P002163,Ishaan Patel,DOC0112,Dr. Vikram Rao,Central Hospital,2026-06-27 12:45:00,Procedure,No Show,Call Center
APT0010439,P000416,Kavya Reddy,DOC0006,Dr. Neha Das,Central Hospital,2026-06-05 17:00:00,Procedure,Completed,Web
APT0010440,P002064,Kavya Nair,DOC0004,Dr. Aarav Reddy,Bay Medical,2026-10-09 13:30:00,New Visit,Completed,Referral
APT0010441,P000785,Ishaan Sharma,DOC0003,Dr. Pooja Gupta,City Medical Center,2026-04-23 19:00:00,Procedure,No Show,Walk-in
APT0010442,P000814,Karan Mehta,DOC0090,Dr. Nikhil Mehta,Bay Medical,2026-07-18 17:15:00,Consultation,Scheduled,Call Center
APT0010443,P001085,Kavya Singh,DOC0053,Dr. Rohan Mehta,Bay Medical,2026-07-15 11:15:00,Consultation,Completed,Referral
APT0010444,P000609,Aditi Joshi,DOC0116,Dr. Vikram Mehta,Bay Medical,2026-08-03 10:45:00,Follow-up,Completed,Call Center
APT0010445,P002334,Nikhil Menon,DOC0116,Dr. Vikram Mehta,Bay Medical,2026-06-01 17:30:00,Consultation,Completed,Referral
APT0010446,P001974,Nikhil Kapoor,DOC0095,Dr. Priya Iyer,Lakeview Hospital,2026-12-13 17:15:00,Procedure,Completed,Walk-in
APT0010447,P000078,Diya Mehta,DOC0068,Dr. Ananya Kapoor,North Care,2026-11-27 10:15:00,Consultation,No Show,Walk-in
APT0010448,P000074,Aditi Menon,DOC0014,Dr. Aditi Patel,City Medical Center,2026-06-04 18:15:00,Procedure,Completed,Call Center
APT0010449,P001994,Rahul Gupta,DOC0060,Dr. Karan Gupta,Metro Hospital,2026-04-07 15:30:00,Procedure,Completed,Referral
APT0010450,P000830,Nikhil Reddy,DOC0106,Dr. Sneha Kapoor,Lakeview Hospital,2026-02-01 08:00:00,Follow-up,Cancelled,Referral
APT0010451,P001450,Vikram Menon,DOC0042,Dr. Arjun Kapoor,Bay Medical,2026-08-01 19:45:00,Consultation,Completed,Web
APT0010452,P001518,Arjun Mehta,DOC0064,Dr. Arjun Nair,North Care,2026-10-10 15:00:00,Consultation,Completed,Web
APT0010453,P001764,Aarav Singh,DOC0026,Dr. Arjun Mehta,Central Hospital,2026-08-31 13:15:00,Follow-up,No Show,Walk-in
APT0010454,P001046,Ananya Singh,DOC0025,Dr. Rahul Kapoor,Bay Medical,2026-12-24 17:30:00,Consultation,Scheduled,Walk-in
APT0010455,P000808,Kavya Verma,DOC0076,Dr. Kavya Sharma,North Care,2026-05-04 10:45:00,Follow-up,Cancelled,Web
APT0010456,P002092,Rohan Sharma,DOC0092,Dr. Aditi Menon,North Care,2026-06-03 19:00:00,Consultation,Scheduled,Walk-in
APT0010457,P001588,Ira Das,DOC0074,Dr. Aditi Singh,Central Hospital,2026-07-30 12:30:00,Procedure,Completed,Web
APT0010458,P002004,Ira Sharma,DOC0096,Dr. Varun Das,Bay Medical,2026-01-29 15:00:00,New Visit,Completed,Walk-in
APT0010459,P001177,Kavya Verma,DOC0029,Dr. Varun Patel,City Medical Center,2026-09-07 17:30:00,Consultation,Completed,Call Center
APT0010460,P001286,Priya Reddy,DOC0008,Dr. Neha Kapoor,Lakeview Hospital,2026-07-08 15:15:00,Procedure,Completed,Web
APT0010461,P002308,Ananya Nair,DOC0103,Dr. Kavya Nair,City Medical Center,2026-03-13 09:30:00,New Visit,Cancelled,Web
APT0010462,P000192,Kavya Rao,DOC0072,Dr. Rahul Iyer,Central Hospital,2026-03-15 15:45:00,Follow-up,Completed,Referral
APT0010463,P000565,Ira Kapoor,DOC0040,Dr. Meera Nair,North Care,2026-09-01 18:15:00,Consultation,Cancelled,Web
APT0010464,P001328,Ananya Rao,DOC0105,Dr. Aarav Singh,North Care,2026-12-07 13:00:00,Procedure,Completed,Walk-in
APT0010465,P002147,Rohan Reddy,DOC0038,Dr. Pooja Verma,City Medical Center,2026-06-09 14:15:00,Follow-up,Scheduled,Walk-in
APT0010466,P002067,Diya Das,DOC0073,Dr. Meera Singh,Metro Hospital,2026-12-19 14:15:00,Procedure,Completed,Walk-in
APT0010467,P000192,Kavya Rao,DOC0011,Dr. Nikhil Menon,Metro Hospital,2026-07-31 15:15:00,New Visit,Cancelled,Web
APT0010468,P002075,Ishaan Gupta,DOC0015,Dr. Ananya Das,City Medical Center,2026-08-16 09:45:00,New Visit,No Show,Web
APT0010469,P001353,Neha Joshi,DOC0092,Dr. Aditi Menon,North Care,2026-10-31 17:45:00,Follow-up,No Show,Walk-in
APT0010470,P000705,Arjun Verma,DOC0082,Dr. Rohan Joshi,Lakeview Hospital,2026-09-16 08:30:00,New Visit,No Show,Web
APT0010471,P001018,Pooja Verma,DOC0077,Dr. Rohan Sharma,Bay Medical,2026-06-10 15:30:00,Follow-up,Cancelled,Referral
APT0010472,P000954,Diya Sharma,DOC0035,Dr. Aditi Nair,Lakeview Hospital,2026-03-16 18:15:00,Follow-up,Completed,Call Center
APT0010473,P001196,Vikram Joshi,DOC0030,Dr. Pooja Gupta,North Care,2026-10-31 08:45:00,New Visit,Completed,Call Center
APT0010474,P000224,Sneha Kapoor,DOC0092,Dr. Aditi Menon,North Care,2026-12-30 16:15:00,Follow-up,Scheduled,Web
APT0010475,P000002,Aditi Kapoor,DOC0016,Dr. Karan Joshi,City Medical Center,2026-09-21 16:00:00,New Visit,Scheduled,Referral
APT0010476,P000890,Pooja Nair,DOC0096,Dr. Varun Das,Bay Medical,2026-11-22 19:45:00,Follow-up,Completed,Walk-in
APT0010477,P000988,Rohan Mehta,DOC0101,Dr. Varun Singh,City Medical Center,2026-11-24 09:45:00,Consultation,Cancelled,Call Center
APT0010478,P001614,Ira Kapoor,DOC0047,Dr. Rohan Rao,Central Hospital,2026-06-20 12:00:00,Consultation,Cancelled,Referral
APT0010479,P002015,Rohan Mehta,DOC0006,Dr. Neha Das,Central Hospital,2026-01-04 10:00:00,New Visit,Completed,Call Center
APT0010480,P001838,Rahul Nair,DOC0039,Dr. Neha Das,City Medical Center,2026-02-18 10:15:00,Consultation,Completed,Call Center
APT0010481,P001334,Diya Verma,DOC0076,Dr. Kavya Sharma,North Care,2026-08-17 11:15:00,Consultation,Completed,Web
APT0010482,P001686,Varun Kapoor,DOC0044,Dr. Ishaan Joshi,City Medical Center,2026-01-06 13:15:00,Consultation,No Show,Call Center
APT0010483,P000168,Pooja Gupta,DOC0031,Dr. Pooja Singh,Metro Hospital,2026-04-14 14:30:00,Consultation,Completed,Walk-in
APT0010484,P000767,Vikram Mehta,DOC0060,Dr. Karan Gupta,Metro Hospital,2026-03-05 19:15:00,Follow-up,Completed,Referral
APT0010485,P002255,Rahul Mehta,DOC0021,Dr. Pooja Verma,Metro Hospital,2026-07-21 11:00:00,New Visit,Completed,Walk-in
APT0010486,P000226,Vikram Gupta,DOC0105,Dr. Aarav Singh,North Care,2026-11-21 11:00:00,Procedure,Cancelled,Walk-in
APT0010487,P000004,Diya Das,DOC0096,Dr. Varun Das,Bay Medical,2026-12-18 11:00:00,Follow-up,No Show,Walk-in
APT0010488,P002476,Vikram Singh,DOC0002,Dr. Varun Das,Metro Hospital,2026-05-02 17:30:00,Consultation,Completed,Referral
APT0010489,P000293,Anika Kapoor,DOC0044,Dr. Ishaan Joshi,City Medical Center,2026-09-29 15:45:00,Consultation,Scheduled,Referral
APT0010490,P001449,Karan Singh,DOC0097,Dr. Ananya Verma,Bay Medical,2026-10-24 13:45:00,New Visit,Cancelled,Web
APT0010491,P001310,Meera Das,DOC0107,Dr. Neha Rao,North Care,2026-02-21 13:15:00,Procedure,Completed,Walk-in
APT0010492,P002300,Ishaan Iyer,DOC0092,Dr. Aditi Menon,North Care,2026-03-24 16:00:00,New Visit,Completed,Web
APT0010493,P001083,Diya Verma,DOC0061,Dr. Rahul Nair,Central Hospital,2026-06-06 18:30:00,New Visit,Completed,Call Center
APT0010494,P000076,Diya Joshi,DOC0102,Dr. Anika Singh,Central Hospital,2026-03-12 13:00:00,Procedure,Scheduled,Walk-in
APT0010495,P001177,Kavya Verma,DOC0036,Dr. Kavya Singh,Bay Medical,2026-10-17 16:15:00,Procedure,Scheduled,Referral
APT0010496,P000060,Sneha Joshi,DOC0092,Dr. Aditi Menon,North Care,2026-04-20 13:30:00,New Visit,Completed,Call Center
APT0010497,P000112,Ishaan Gupta,DOC0077,Dr. Rohan Sharma,Bay Medical,2026-02-10 10:30:00,Procedure,Completed,Call Center
APT0010498,P001757,Meera Rao,DOC0119,Dr. Varun Iyer,North Care,2026-02-09 12:00:00,New Visit,Cancelled,Walk-in
APT0010499,P001092,Sneha Mehta,DOC0093,Dr. Kavya Kapoor,Lakeview Hospital,2026-10-24 12:15:00,Follow-up,Cancelled,Walk-in
APT0010500,P001208,Rohan Sharma,DOC0102,Dr. Anika Singh,Central Hospital,2026-07-31 15:15:00,Procedure,Cancelled,Walk-in
APT0010501,P001384,Karan Menon,DOC0077,Dr. Rohan Sharma,Bay Medical,2026-02-22 14:30:00,Procedure,Completed,Web
APT0010502,P000437,Anika Das,DOC0040,Dr. Meera Nair,North Care,2026-04-16 19:30:00,Follow-up,Completed,Call Center
APT0010503,P001518,Arjun Mehta,DOC0097,Dr. Ananya Verma,Bay Medical,2026-08-19 17:00:00,New Visit,Completed,Web
APT0010504,P000694,Nikhil Iyer,DOC0065,Dr. Sneha Das,Metro Hospital,2026-09-18 19:45:00,Procedure,Completed,Web
APT0010505,P000581,Diya Sharma,DOC0002,Dr. Varun Das,Metro Hospital,2026-11-02 11:00:00,Procedure,Scheduled,Walk-in
APT0010506,P002082,Arjun Verma,DOC0036,Dr. Kavya Singh,Bay Medical,2026-08-09 11:15:00,New Visit,Cancelled,Web
APT0010507,P000993,Ira Iyer,DOC0046,Dr. Anika Das,Bay Medical,2026-04-08 12:30:00,New Visit,No Show,Referral
APT0010508,P000516,Priya Das,DOC0032,Dr. Pooja Kapoor,North Care,2026-09-27 16:15:00,Consultation,Cancelled,Referral
APT0010509,P001460,Varun Sharma,DOC0003,Dr. Pooja Gupta,City Medical Center,2026-05-04 09:00:00,Consultation,No Show,Referral
APT0010510,P001449,Karan Singh,DOC0015,Dr. Ananya Das,City Medical Center,2026-06-24 10:45:00,Consultation,No Show,Walk-in
APT0010511,P001239,Diya Sharma,DOC0047,Dr. Rohan Rao,Central Hospital,2026-05-29 19:00:00,Procedure,No Show,Call Center
APT0010512,P000515,Rahul Menon,DOC0070,Dr. Ira Gupta,Metro Hospital,2026-03-01 14:45:00,Procedure,Scheduled,Call Center
APT0010513,P000872,Ishaan Mehta,DOC0039,Dr. Neha Das,City Medical Center,2026-03-08 18:00:00,Follow-up,Completed,Web
APT0010514,P001116,Varun Mehta,DOC0069,Dr. Meera Gupta,Metro Hospital,2026-11-03 17:45:00,New Visit,Completed,Call Center
APT0010515,P000562,Ananya Iyer,DOC0099,Dr. Ishaan Reddy,Lakeview Hospital,2026-07-21 12:30:00,Procedure,No Show,Referral
APT0010516,P002006,Karan Kapoor,DOC0079,Dr. Ishaan Joshi,North Care,2026-01-08 12:00:00,Procedure,No Show,Call Center
APT0010517,P001215,Aditi Joshi,DOC0018,Dr. Ira Patel,Lakeview Hospital,2026-08-31 13:15:00,New Visit,No Show,Walk-in
APT0010518,P001387,Pooja Mehta,DOC0080,Dr. Karan Singh,Bay Medical,2026-12-17 18:15:00,Consultation,Scheduled,Referral
APT0010519,P001094,Kavya Sharma,DOC0057,Dr. Ananya Singh,Metro Hospital,2026-08-11 14:45:00,Procedure,Completed,Web
APT0010520,P001369,Aditi Joshi,DOC0059,Dr. Pooja Kapoor,Metro Hospital,2026-04-08 14:15:00,Procedure,Scheduled,Referral
APT0010521,P002029,Anika Das,DOC0083,Dr. Vikram Das,Lakeview Hospital,2026-05-23 18:30:00,Procedure,Completed,Call Center
APT0010522,P002354,Priya Nair,DOC0098,Dr. Arjun Reddy,Lakeview Hospital,2026-07-16 19:00:00,Follow-up,Completed,Referral
APT0010523,P002411,Neha Patel,DOC0050,Dr. Vikram Mehta,Bay Medical,2026-05-13 16:00:00,New Visit,Completed,Web
APT0010524,P002417,Pooja Patel,DOC0046,Dr. Anika Das,Bay Medical,2026-04-02 14:00:00,Procedure,Completed,Walk-in
APT0010525,P000915,Neha Das,DOC0103,Dr. Kavya Nair,City Medical Center,2026-06-28 16:30:00,Consultation,Cancelled,Referral
APT0010526,P001543,Anika Joshi,DOC0044,Dr. Ishaan Joshi,City Medical Center,2026-04-28 17:15:00,Follow-up,No Show,Referral
APT0010527,P000458,Varun Menon,DOC0075,Dr. Karan Kapoor,Bay Medical,2026-12-26 12:30:00,New Visit,Completed,Web
APT0010528,P000776,Kavya Joshi,DOC0082,Dr. Rohan Joshi,Lakeview Hospital,2026-05-28 17:30:00,Consultation,Completed,Web
APT0010529,P001095,Anika Iyer,DOC0052,Dr. Ananya Gupta,Bay Medical,2026-06-20 14:15:00,Procedure,Completed,Web
APT0010530,P000199,Nikhil Verma,DOC0093,Dr. Kavya Kapoor,Lakeview Hospital,2026-12-08 15:15:00,Follow-up,No Show,Walk-in
APT0010531,P000212,Rahul Singh,DOC0067,Dr. Ishaan Gupta,City Medical Center,2026-02-27 19:15:00,Consultation,No Show,Web
APT0010532,P000358,Neha Kapoor,DOC0066,Dr. Nikhil Singh,Metro Hospital,2026-01-24 10:15:00,New Visit,Scheduled,Call Center
APT0010533,P000686,Vikram Kapoor,DOC0039,Dr. Neha Das,City Medical Center,2026-03-29 12:15:00,Procedure,Cancelled,Call Center
APT0010534,P000248,Vikram Kapoor,DOC0101,Dr. Varun Singh,City Medical Center,2026-01-13 17:45:00,New Visit,Completed,Walk-in
APT0010535,P001948,Neha Iyer,DOC0046,Dr. Anika Das,Bay Medical,2026-11-29 10:30:00,Consultation,Completed,Web
APT0010536,P002029,Anika Das,DOC0111,Dr. Neha Joshi,Metro Hospital,2026-03-05 16:45:00,Follow-up,Scheduled,Walk-in
APT0010537,P000888,Rahul Kapoor,DOC0053,Dr. Rohan Mehta,Bay Medical,2026-09-11 09:45:00,Follow-up,Completed,Walk-in
APT0010538,P000879,Kavya Das,DOC0117,Dr. Meera Rao,Bay Medical,2026-01-27 08:45:00,New Visit,Scheduled,Web
APT0010539,P000308,Varun Gupta,DOC0014,Dr. Aditi Patel,City Medical Center,2026-02-06 10:00:00,New Visit,Completed,Referral
APT0010540,P000696,Sneha Mehta,DOC0047,Dr. Rohan Rao,Central Hospital,2026-08-15 18:30:00,Procedure,No Show,Call Center
APT0010541,P000445,Pooja Singh,DOC0001,Dr. Varun Iyer,City Medical Center,2026-11-04 16:30:00,Consultation,Completed,Referral
APT0010542,P000545,Pooja Nair,DOC0097,Dr. Ananya Verma,Bay Medical,2026-09-16 19:15:00,Procedure,Completed,Web
APT0010543,P001303,Ananya Iyer,DOC0097,Dr. Ananya Verma,Bay Medical,2026-02-28 09:45:00,Follow-up,Completed,Web
APT0010544,P000650,Ishaan Rao,DOC0096,Dr. Varun Das,Bay Medical,2026-01-18 17:45:00,Consultation,No Show,Call Center
APT0010545,P001334,Diya Verma,DOC0036,Dr. Kavya Singh,Bay Medical,2026-07-03 18:00:00,Procedure,Completed,Referral
APT0010546,P002468,Vikram Menon,DOC0087,Dr. Aditi Das,Metro Hospital,2026-03-26 09:30:00,Follow-up,Completed,Walk-in
APT0010547,P002325,Pooja Menon,DOC0100,Dr. Ishaan Menon,Lakeview Hospital,2026-02-13 13:00:00,New Visit,Cancelled,Referral
APT0010548,P001571,Meera Kapoor,DOC0012,Dr. Neha Rao,North Care,2026-06-23 08:00:00,Procedure,Cancelled,Call Center
APT0010549,P001801,Sneha Rao,DOC0009,Dr. Ishaan Reddy,North Care,2026-10-17 17:30:00,Consultation,No Show,Referral
APT0010550,P000035,Ishaan Reddy,DOC0045,Dr. Rohan Mehta,City Medical Center,2026-11-07 08:45:00,Follow-up,Completed,Call Center
APT0010551,P002011,Meera Patel,DOC0100,Dr. Ishaan Menon,Lakeview Hospital,2026-06-12 12:45:00,New Visit,No Show,Call Center
APT0010552,P001435,Kavya Das,DOC0094,Dr. Nikhil Nair,City Medical Center,2026-07-05 08:45:00,New Visit,Scheduled,Web
APT0010553,P000960,Aarav Joshi,DOC0025,Dr. Rahul Kapoor,Bay Medical,2026-04-29 08:00:00,Follow-up,Completed,Web
APT0010554,P001716,Aarav Verma,DOC0030,Dr. Pooja Gupta,North Care,2026-10-23 19:45:00,Procedure,No Show,Web
APT0010555,P000944,Nikhil Gupta,DOC0073,Dr. Meera Singh,Metro Hospital,2026-07-03 12:15:00,Follow-up,Completed,Referral
APT0010556,P000189,Pooja Das,DOC0042,Dr. Arjun Kapoor,Bay Medical,2026-04-26 15:30:00,New Visit,Completed,Walk-in
APT0010557,P002189,Karan Singh,DOC0006,Dr. Neha Das,Central Hospital,2026-07-25 16:30:00,New Visit,No Show,Referral
APT0010558,P000092,Sneha Joshi,DOC0003,Dr. Pooja Gupta,City Medical Center,2026-01-10 14:15:00,Follow-up,Scheduled,Referral
APT0010559,P002408,Rahul Reddy,DOC0073,Dr. Meera Singh,Metro Hospital,2026-01-15 13:15:00,New Visit,No Show,Walk-in
APT0010560,P002165,Diya Patel,DOC0119,Dr. Varun Iyer,North Care,2026-06-12 12:00:00,Follow-up,No Show,Referral
APT0010561,P000341,Ishaan Menon,DOC0072,Dr. Rahul Iyer,Central Hospital,2026-06-18 09:30:00,Procedure,No Show,Walk-in
APT0010562,P001848,Kavya Singh,DOC0108,Dr. Aditi Singh,North Care,2026-05-24 14:45:00,Consultation,Scheduled,Web
APT0010563,P000479,Ishaan Reddy,DOC0115,Dr. Varun Verma,Metro Hospital,2026-04-03 12:15:00,Procedure,No Show,Web
APT0010564,P002110,Ananya Nair,DOC0035,Dr. Aditi Nair,Lakeview Hospital,2026-04-11 08:00:00,Procedure,Completed,Referral
APT0010565,P001485,Sneha Gupta,DOC0054,Dr. Nikhil Rao,Central Hospital,2026-11-29 12:00:00,Follow-up,Cancelled,Web
APT0010566,P002128,Kavya Menon,DOC0028,Dr. Arjun Nair,City Medical Center,2026-01-27 12:30:00,Consultation,Completed,Web
APT0010567,P002379,Sneha Rao,DOC0045,Dr. Rohan Mehta,City Medical Center,2026-04-03 18:45:00,Procedure,Scheduled,Walk-in
APT0010568,P001938,Ananya Gupta,DOC0064,Dr. Arjun Nair,North Care,2026-01-25 12:45:00,Follow-up,No Show,Referral
APT0010569,P000073,Rahul Iyer,DOC0020,Dr. Pooja Reddy,Lakeview Hospital,2026-05-19 09:15:00,Procedure,Completed,Web
APT0010570,P001618,Ishaan Joshi,DOC0066,Dr. Nikhil Singh,Metro Hospital,2026-11-15 16:45:00,Follow-up,Completed,Walk-in
APT0010571,P001328,Ananya Rao,DOC0057,Dr. Ananya Singh,Metro Hospital,2026-08-29 19:30:00,Procedure,Completed,Walk-in
APT0010572,P000553,Karan Das,DOC0012,Dr. Neha Rao,North Care,2026-03-22 17:45:00,Follow-up,Completed,Web
APT0010573,P002445,Rahul Reddy,DOC0097,Dr. Ananya Verma,Bay Medical,2026-05-07 18:30:00,Follow-up,Cancelled,Call Center
APT0010574,P000046,Neha Verma,DOC0032,Dr. Pooja Kapoor,North Care,2026-10-22 10:45:00,New Visit,Completed,Call Center
APT0010575,P000562,Ananya Iyer,DOC0104,Dr. Varun Gupta,North Care,2026-01-04 09:30:00,Consultation,No Show,Walk-in
APT0010576,P000511,Varun Singh,DOC0107,Dr. Neha Rao,North Care,2026-01-29 14:00:00,Follow-up,Cancelled,Referral
APT0010577,P002438,Arjun Mehta,DOC0018,Dr. Ira Patel,Lakeview Hospital,2026-05-09 14:15:00,Consultation,Scheduled,Web
APT0010578,P002080,Arjun Joshi,DOC0015,Dr. Ananya Das,City Medical Center,2026-06-21 08:00:00,Consultation,No Show,Call Center
APT0010579,P002199,Arjun Joshi,DOC0093,Dr. Kavya Kapoor,Lakeview Hospital,2026-09-05 19:30:00,Consultation,Cancelled,Referral
APT0010580,P001239,Diya Sharma,DOC0022,Dr. Varun Sharma,Lakeview Hospital,2026-03-03 19:15:00,Procedure,Completed,Referral
APT0010581,P001869,Vikram Mehta,DOC0025,Dr. Rahul Kapoor,Bay Medical,2026-06-02 17:45:00,New Visit,No Show,Call Center
APT0010582,P001501,Diya Rao,DOC0018,Dr. Ira Patel,Lakeview Hospital,2026-07-26 17:00:00,Procedure,Completed,Web
APT0010583,P001119,Aditi Iyer,DOC0086,Dr. Ira Menon,Bay Medical,2026-11-07 09:30:00,Follow-up,No Show,Walk-in
APT0010584,P001987,Varun Verma,DOC0063,Dr. Kavya Das,Lakeview Hospital,2026-08-30 16:00:00,New Visit,Cancelled,Web
APT0010585,P000571,Priya Iyer,DOC0098,Dr. Arjun Reddy,Lakeview Hospital,2026-04-10 17:30:00,Consultation,Completed,Walk-in
APT0010586,P000727,Meera Kapoor,DOC0046,Dr. Anika Das,Bay Medical,2026-11-24 17:00:00,Follow-up,Completed,Call Center
APT0010587,P000750,Arjun Reddy,DOC0094,Dr. Nikhil Nair,City Medical Center,2026-01-30 17:45:00,New Visit,Completed,Web
APT0010588,P000572,Ishaan Reddy,DOC0022,Dr. Varun Sharma,Lakeview Hospital,2026-07-22 13:45:00,Procedure,No Show,Walk-in
APT0010589,P001038,Kavya Reddy,DOC0006,Dr. Neha Das,Central Hospital,2026-06-21 16:30:00,New Visit,Scheduled,Walk-in
APT0010590,P002412,Karan Joshi,DOC0109,Dr. Aarav Nair,City Medical Center,2026-12-06 19:45:00,Follow-up,No Show,Web
APT0010591,P000276,Karan Rao,DOC0039,Dr. Neha Das,City Medical Center,2026-06-20 10:45:00,Procedure,Completed,Web
APT0010592,P001944,Sneha Joshi,DOC0053,Dr. Rohan Mehta,Bay Medical,2026-09-19 13:15:00,New Visit,Completed,Referral
APT0010593,P000401,Sneha Verma,DOC0103,Dr. Kavya Nair,City Medical Center,2026-02-20 19:15:00,Follow-up,No Show,Walk-in
APT0010594,P000167,Rohan Verma,DOC0085,Dr. Ira Reddy,Central Hospital,2026-02-01 18:15:00,Consultation,Completed,Call Center
APT0010595,P000159,Arjun Singh,DOC0112,Dr. Vikram Rao,Central Hospital,2026-08-01 11:15:00,Follow-up,Completed,Walk-in
APT0010596,P000063,Rohan Das,DOC0116,Dr. Vikram Mehta,Bay Medical,2026-11-26 09:30:00,Follow-up,Completed,Walk-in
APT0010597,P002020,Priya Joshi,DOC0091,Dr. Kavya Singh,Bay Medical,2026-11-12 08:15:00,New Visit,Completed,Call Center
APT0010598,P000695,Aarav Gupta,DOC0076,Dr. Kavya Sharma,North Care,2026-09-12 18:15:00,Consultation,No Show,Call Center
APT0010599,P000899,Ananya Joshi,DOC0022,Dr. Varun Sharma,Lakeview Hospital,2026-08-10 12:00:00,New Visit,Scheduled,Walk-in
APT0010600,P001633,Arjun Rao,DOC0049,Dr. Meera Iyer,Bay Medical,2026-12-03 10:15:00,New Visit,Completed,Call Center
APT0010601,P000616,Neha Patel,DOC0060,Dr. Karan Gupta,Metro Hospital,2026-07-08 15:15:00,Follow-up,Cancelled,Referral
APT0010602,P001071,Karan Nair,DOC0014,Dr. Aditi Patel,City Medical Center,2026-10-03 17:30:00,Consultation,No Show,Referral
APT0010603,P001420,Neha Reddy,DOC0105,Dr. Aarav Singh,North Care,2026-05-23 11:45:00,Follow-up,No Show,Web
APT0010604,P001662,Anika Menon,DOC0052,Dr. Ananya Gupta,Bay Medical,2026-05-04 09:00:00,Consultation,Completed,Call Center
APT0010605,P000980,Diya Nair,DOC0075,Dr. Karan Kapoor,Bay Medical,2026-04-13 18:30:00,Follow-up,Completed,Web
APT0010606,P001412,Karan Rao,DOC0040,Dr. Meera Nair,North Care,2026-08-06 09:00:00,Procedure,Completed,Web
APT0010607,P001110,Nikhil Nair,DOC0118,Dr. Karan Das,Central Hospital,2026-05-23 19:15:00,Procedure,Cancelled,Web
APT0010608,P001555,Ananya Reddy,DOC0111,Dr. Neha Joshi,Metro Hospital,2026-03-11 19:45:00,New Visit,Cancelled,Referral
APT0010609,P000474,Varun Mehta,DOC0001,Dr. Varun Iyer,City Medical Center,2026-05-16 17:00:00,Follow-up,No Show,Referral
APT0010610,P001000,Pooja Das,DOC0119,Dr. Varun Iyer,North Care,2026-06-01 10:00:00,Procedure,Cancelled,Call Center
APT0010611,P001835,Sneha Menon,DOC0015,Dr. Ananya Das,City Medical Center,2026-06-24 11:15:00,New Visit,Scheduled,Referral
APT0010612,P002270,Varun Das,DOC0105,Dr. Aarav Singh,North Care,2026-08-27 14:30:00,Procedure,Scheduled,Call Center
APT0010613,P001448,Aditi Patel,DOC0040,Dr. Meera Nair,North Care,2026-05-21 15:00:00,Procedure,Completed,Web
APT0010614,P001271,Vikram Rao,DOC0114,Dr. Ananya Iyer,Central Hospital,2026-07-21 13:00:00,New Visit,Completed,Web
APT0010615,P001925,Karan Gupta,DOC0071,Dr. Rahul Kapoor,Metro Hospital,2026-10-23 11:45:00,Follow-up,Scheduled,Web
APT0010616,P001793,Anika Das,DOC0058,Dr. Karan Gupta,North Care,2026-02-01 17:30:00,Follow-up,No Show,Web
APT0010617,P000993,Ira Iyer,DOC0028,Dr. Arjun Nair,City Medical Center,2026-11-30 15:15:00,Follow-up,Cancelled,Walk-in
APT0010618,P000939,Meera Nair,DOC0099,Dr. Ishaan Reddy,Lakeview Hospital,2026-02-05 15:15:00,New Visit,No Show,Call Center
APT0010619,P000294,Varun Iyer,DOC0071,Dr. Rahul Kapoor,Metro Hospital,2026-07-25 08:30:00,Follow-up,Scheduled,Walk-in
APT0010620,P001632,Aditi Iyer,DOC0002,Dr. Varun Das,Metro Hospital,2026-04-15 12:45:00,Procedure,Completed,Walk-in
APT0010621,P000873,Sneha Sharma,DOC0062,Dr. Neha Menon,North Care,2026-01-26 13:30:00,Follow-up,Scheduled,Walk-in
APT0010622,P002023,Meera Singh,DOC0001,Dr. Varun Iyer,City Medical Center,2026-11-27 11:15:00,New Visit,Completed,Walk-in
APT0010623,P002368,Diya Reddy,DOC0070,Dr. Ira Gupta,Metro Hospital,2026-01-19 09:15:00,Procedure,No Show,Referral
APT0010624,P001694,Meera Sharma,DOC0072,Dr. Rahul Iyer,Central Hospital,2026-04-29 18:15:00,New Visit,Completed,Referral
APT0010625,P001341,Rohan Gupta,DOC0017,Dr. Pooja Gupta,Lakeview Hospital,2026-06-12 12:00:00,Procedure,Completed,Walk-in
APT0010626,P001250,Ananya Verma,DOC0023,Dr. Anika Menon,Lakeview Hospital,2026-07-04 08:00:00,Consultation,Cancelled,Web
APT0010627,P000601,Rahul Iyer,DOC0078,Dr. Pooja Das,Central Hospital,2026-06-14 12:30:00,Consultation,Completed,Web
APT0010628,P002262,Nikhil Menon,DOC0029,Dr. Varun Patel,City Medical Center,2026-05-04 19:15:00,Procedure,No Show,Call Center
APT0010629,P002478,Rohan Iyer,DOC0027,Dr. Neha Verma,Central Hospital,2026-09-12 13:30:00,Consultation,No Show,Walk-in
APT0010630,P000234,Nikhil Verma,DOC0061,Dr. Rahul Nair,Central Hospital,2026-02-07 14:45:00,Procedure,Completed,Referral
APT0010631,P001308,Arjun Singh,DOC0074,Dr. Aditi Singh,Central Hospital,2026-03-01 09:00:00,Procedure,Completed,Walk-in
APT0010632,P000066,Vikram Nair,DOC0024,Dr. Anika Menon,City Medical Center,2026-05-11 16:00:00,Consultation,Cancelled,Call Center
APT0010633,P000730,Sneha Iyer,DOC0114,Dr. Ananya Iyer,Central Hospital,2026-12-26 17:00:00,Procedure,Completed,Walk-in
APT0010634,P002319,Nikhil Singh,DOC0120,Dr. Meera Das,Metro Hospital,2026-01-16 11:45:00,Follow-up,Completed,Referral
APT0010635,P000093,Aditi Rao,DOC0041,Dr. Ananya Das,North Care,2026-01-15 09:30:00,Follow-up,Completed,Referral
APT0010636,P001370,Nikhil Nair,DOC0118,Dr. Karan Das,Central Hospital,2026-12-25 11:15:00,Procedure,Scheduled,Web
APT0010637,P001478,Neha Rao,DOC0119,Dr. Varun Iyer,North Care,2026-02-24 10:45:00,New Visit,Completed,Referral
APT0010638,P001452,Karan Joshi,DOC0012,Dr. Neha Rao,North Care,2026-05-20 16:45:00,Consultation,No Show,Call Center
APT0010639,P001486,Karan Menon,DOC0105,Dr. Aarav Singh,North Care,2026-10-26 11:00:00,New Visit,Scheduled,Call Center
APT0010640,P000143,Nikhil Gupta,DOC0051,Dr. Ananya Reddy,Metro Hospital,2026-02-17 12:00:00,Consultation,Completed,Call Center
APT0010641,P001182,Anika Verma,DOC0013,Dr. Aditi Patel,Lakeview Hospital,2026-05-16 16:30:00,Follow-up,Completed,Referral
APT0010642,P000072,Ananya Singh,DOC0014,Dr. Aditi Patel,City Medical Center,2026-06-11 10:45:00,Procedure,Completed,Walk-in
APT0010643,P001934,Nikhil Patel,DOC0097,Dr. Ananya Verma,Bay Medical,2026-04-02 19:30:00,Follow-up,Cancelled,Referral
APT0010644,P001412,Karan Rao,DOC0035,Dr. Aditi Nair,Lakeview Hospital,2026-08-19 16:45:00,Procedure,Scheduled,Walk-in
APT0010645,P000747,Pooja Rao,DOC0061,Dr. Rahul Nair,Central Hospital,2026-06-12 11:45:00,Follow-up,Completed,Walk-in
APT0010646,P001739,Rohan Nair,DOC0097,Dr. Ananya Verma,Bay Medical,2026-02-14 12:45:00,New Visit,Completed,Walk-in
APT0010647,P000306,Nikhil Gupta,DOC0009,Dr. Ishaan Reddy,North Care,2026-01-15 18:15:00,Procedure,Cancelled,Web
APT0010648,P002130,Ishaan Menon,DOC0098,Dr. Arjun Reddy,Lakeview Hospital,2026-09-01 09:45:00,Procedure,Scheduled,Walk-in
APT0010649,P001052,Varun Joshi,DOC0118,Dr. Karan Das,Central Hospital,2026-04-10 14:15:00,New Visit,No Show,Call Center
APT0010650,P002219,Anika Menon,DOC0082,Dr. Rohan Joshi,Lakeview Hospital,2026-06-03 11:30:00,Follow-up,No Show,Walk-in
APT0010651,P000703,Ishaan Kapoor,DOC0075,Dr. Karan Kapoor,Bay Medical,2026-09-14 16:15:00,Procedure,Scheduled,Call Center
APT0010652,P000234,Nikhil Verma,DOC0080,Dr. Karan Singh,Bay Medical,2026-07-07 09:15:00,Procedure,Scheduled,Call Center
APT0010653,P002469,Neha Kapoor,DOC0057,Dr. Ananya Singh,Metro Hospital,2026-04-16 12:30:00,Consultation,Completed,Walk-in
APT0010654,P000242,Anika Gupta,DOC0083,Dr. Vikram Das,Lakeview Hospital,2026-05-23 18:15:00,New Visit,Cancelled,Referral
APT0010655,P002452,Ira Singh,DOC0034,Dr. Neha Patel,Central Hospital,2026-01-14 10:45:00,Consultation,Completed,Walk-in
APT0010656,P002488,Nikhil Das,DOC0109,Dr. Aarav Nair,City Medical Center,2026-04-15 08:45:00,Consultation,Completed,Referral
APT0010657,P001305,Aditi Das,DOC0042,Dr. Arjun Kapoor,Bay Medical,2026-10-15 11:45:00,Follow-up,Scheduled,Call Center
APT0010658,P001144,Ishaan Menon,DOC0084,Dr. Neha Singh,Central Hospital,2026-08-02 17:00:00,Consultation,No Show,Web
APT0010659,P001405,Rahul Iyer,DOC0041,Dr. Ananya Das,North Care,2026-09-25 10:15:00,Consultation,Completed,Walk-in
APT0010660,P000054,Neha Sharma,DOC0040,Dr. Meera Nair,North Care,2026-08-23 15:00:00,Consultation,Completed,Walk-in
APT0010661,P002375,Meera Das,DOC0004,Dr. Aarav Reddy,Bay Medical,2026-02-21 09:15:00,Follow-up,No Show,Referral
APT0010662,P002488,Nikhil Das,DOC0063,Dr. Kavya Das,Lakeview Hospital,2026-02-08 18:00:00,New Visit,Scheduled,Web
APT0010663,P002049,Aditi Rao,DOC0030,Dr. Pooja Gupta,North Care,2026-03-18 08:30:00,New Visit,Completed,Walk-in
APT0010664,P000593,Varun Kapoor,DOC0039,Dr. Neha Das,City Medical Center,2026-10-02 15:00:00,New Visit,Completed,Call Center
APT0010665,P002347,Meera Das,DOC0050,Dr. Vikram Mehta,Bay Medical,2026-06-10 12:00:00,Consultation,Completed,Referral
APT0010666,P001355,Meera Menon,DOC0001,Dr. Varun Iyer,City Medical Center,2026-09-04 08:30:00,New Visit,No Show,Walk-in
APT0010667,P001884,Anika Reddy,DOC0028,Dr. Arjun Nair,City Medical Center,2026-01-17 09:00:00,Procedure,Completed,Referral
APT0010668,P001067,Karan Das,DOC0076,Dr. Kavya Sharma,North Care,2026-11-02 10:00:00,Follow-up,Completed,Walk-in
APT0010669,P000831,Karan Menon,DOC0060,Dr. Karan Gupta,Metro Hospital,2026-02-06 12:45:00,Procedure,Completed,Call Center
APT0010670,P001787,Sneha Iyer,DOC0037,Dr. Sneha Patel,City Medical Center,2026-10-07 08:15:00,New Visit,Completed,Web
APT0010671,P001944,Sneha Joshi,DOC0120,Dr. Meera Das,Metro Hospital,2026-02-13 12:30:00,Consultation,Cancelled,Referral
APT0010672,P000869,Ananya Gupta,DOC0094,Dr. Nikhil Nair,City Medical Center,2026-08-25 15:45:00,Follow-up,No Show,Walk-in
APT0010673,P001107,Ishaan Das,DOC0078,Dr. Pooja Das,Central Hospital,2026-02-07 10:30:00,Follow-up,Completed,Call Center
APT0010674,P001329,Pooja Iyer,DOC0003,Dr. Pooja Gupta,City Medical Center,2026-08-04 19:00:00,Consultation,Scheduled,Web
APT0010675,P000642,Priya Mehta,DOC0047,Dr. Rohan Rao,Central Hospital,2026-10-19 14:45:00,Procedure,Completed,Web
APT0010676,P000912,Diya Verma,DOC0120,Dr. Meera Das,Metro Hospital,2026-09-12 09:45:00,Procedure,Completed,Walk-in
APT0010677,P001944,Sneha Joshi,DOC0104,Dr. Varun Gupta,North Care,2026-06-04 15:15:00,Follow-up,Completed,Web
APT0010678,P002233,Nikhil Verma,DOC0108,Dr. Aditi Singh,North Care,2026-05-25 12:45:00,Follow-up,Cancelled,Call Center
APT0010679,P002315,Priya Rao,DOC0067,Dr. Ishaan Gupta,City Medical Center,2026-04-07 12:45:00,Consultation,Scheduled,Call Center
APT0010680,P000159,Arjun Singh,DOC0105,Dr. Aarav Singh,North Care,2026-05-14 10:45:00,Consultation,Completed,Call Center
APT0010681,P002031,Vikram Nair,DOC0090,Dr. Nikhil Mehta,Bay Medical,2026-09-09 17:45:00,Consultation,Completed,Call Center
APT0010682,P000065,Nikhil Mehta,DOC0051,Dr. Ananya Reddy,Metro Hospital,2026-09-05 18:15:00,Consultation,Completed,Walk-in
APT0010683,P000638,Kavya Reddy,DOC0083,Dr. Vikram Das,Lakeview Hospital,2026-12-02 08:00:00,Consultation,Cancelled,Walk-in
APT0010684,P001316,Pooja Joshi,DOC0070,Dr. Ira Gupta,Metro Hospital,2026-11-12 12:30:00,New Visit,Cancelled,Walk-in
APT0010685,P001898,Meera Mehta,DOC0078,Dr. Pooja Das,Central Hospital,2026-10-23 10:30:00,Consultation,Completed,Walk-in
APT0010686,P000281,Aarav Menon,DOC0039,Dr. Neha Das,City Medical Center,2026-09-09 08:30:00,Follow-up,Scheduled,Walk-in
APT0010687,P000380,Aditi Gupta,DOC0033,Dr. Vikram Nair,Lakeview Hospital,2026-04-29 19:15:00,Procedure,Completed,Referral
APT0010688,P000564,Ishaan Gupta,DOC0107,Dr. Neha Rao,North Care,2026-07-23 13:45:00,Follow-up,Completed,Web
APT0010689,P000479,Ishaan Reddy,DOC0092,Dr. Aditi Menon,North Care,2026-04-07 15:00:00,Procedure,No Show,Walk-in
APT0010690,P001256,Diya Gupta,DOC0009,Dr. Ishaan Reddy,North Care,2026-07-05 09:30:00,Consultation,Completed,Referral
APT0010691,P000187,Diya Verma,DOC0098,Dr. Arjun Reddy,Lakeview Hospital,2026-07-19 08:45:00,Follow-up,Cancelled,Referral
APT0010692,P000104,Ananya Verma,DOC0115,Dr. Varun Verma,Metro Hospital,2026-01-14 16:30:00,Consultation,Scheduled,Web
APT0010693,P000817,Arjun Sharma,DOC0001,Dr. Varun Iyer,City Medical Center,2026-04-10 15:45:00,Procedure,No Show,Call Center
APT0010694,P002376,Diya Sharma,DOC0001,Dr. Varun Iyer,City Medical Center,2026-02-19 17:00:00,New Visit,Scheduled,Referral
APT0010695,P000244,Karan Nair,DOC0109,Dr. Aarav Nair,City Medical Center,2026-07-05 15:00:00,Follow-up,Scheduled,Referral
APT0010696,P000517,Aditi Joshi,DOC0070,Dr. Ira Gupta,Metro Hospital,2026-02-22 13:30:00,Procedure,Scheduled,Walk-in
APT0010697,P001332,Ishaan Reddy,DOC0095,Dr. Priya Iyer,Lakeview Hospital,2026-02-19 15:00:00,New Visit,Cancelled,Walk-in
APT0010698,P000239,Diya Singh,DOC0056,Dr. Arjun Rao,Bay Medical,2026-07-16 17:00:00,New Visit,Completed,Referral
APT0010699,P000148,Ananya Verma,DOC0118,Dr. Karan Das,Central Hospital,2026-08-14 15:15:00,New Visit,Completed,Call Center
APT0010700,P001822,Ira Joshi,DOC0114,Dr. Ananya Iyer,Central Hospital,2026-04-22 14:45:00,New Visit,Cancelled,Walk-in
APT0010701,P001617,Ira Gupta,DOC0115,Dr. Varun Verma,Metro Hospital,2026-06-24 19:15:00,Follow-up,Scheduled,Web
APT0010702,P001048,Aarav Iyer,DOC0045,Dr. Rohan Mehta,City Medical Center,2026-08-12 12:00:00,New Visit,Completed,Referral
APT0010703,P000187,Diya Verma,DOC0099,Dr. Ishaan Reddy,Lakeview Hospital,2026-09-26 17:30:00,Follow-up,Completed,Web
APT0010704,P000700,Neha Iyer,DOC0055,Dr. Karan Patel,Metro Hospital,2026-06-08 16:00:00,Follow-up,Completed,Call Center
APT0010705,P001083,Diya Verma,DOC0066,Dr. Nikhil Singh,Metro Hospital,2026-11-17 15:00:00,Consultation,No Show,Walk-in
APT0010706,P000211,Arjun Kapoor,DOC0092,Dr. Aditi Menon,North Care,2026-08-02 11:45:00,Follow-up,No Show,Call Center
APT0010707,P001674,Diya Das,DOC0115,Dr. Varun Verma,Metro Hospital,2026-02-26 16:00:00,Procedure,No Show,Walk-in
APT0010708,P000269,Ananya Joshi,DOC0066,Dr. Nikhil Singh,Metro Hospital,2026-04-26 16:00:00,Procedure,Cancelled,Call Center
APT0010709,P001662,Anika Menon,DOC0011,Dr. Nikhil Menon,Metro Hospital,2026-02-24 11:00:00,Procedure,Cancelled,Walk-in
APT0010710,P001073,Aarav Rao,DOC0091,Dr. Kavya Singh,Bay Medical,2026-05-18 08:30:00,New Visit,Completed,Call Center
APT0010711,P002031,Vikram Nair,DOC0048,Dr. Kavya Das,Lakeview Hospital,2026-12-02 10:00:00,Follow-up,Completed,Walk-in
APT0010712,P002108,Sneha Rao,DOC0117,Dr. Meera Rao,Bay Medical,2026-08-24 17:30:00,Follow-up,Completed,Walk-in
APT0010713,P002408,Rahul Reddy,DOC0105,Dr. Aarav Singh,North Care,2026-09-14 10:30:00,Follow-up,Completed,Walk-in
APT0010714,P000120,Meera Verma,DOC0116,Dr. Vikram Mehta,Bay Medical,2026-12-14 10:00:00,Procedure,Completed,Walk-in
APT0010715,P001909,Ira Joshi,DOC0039,Dr. Neha Das,City Medical Center,2026-03-05 19:30:00,Consultation,Completed,Walk-in
APT0010716,P000776,Kavya Joshi,DOC0003,Dr. Pooja Gupta,City Medical Center,2026-01-04 19:45:00,Follow-up,No Show,Web
APT0010717,P002386,Arjun Das,DOC0052,Dr. Ananya Gupta,Bay Medical,2026-07-15 09:30:00,New Visit,Cancelled,Call Center
APT0010718,P000060,Sneha Joshi,DOC0042,Dr. Arjun Kapoor,Bay Medical,2026-09-19 10:45:00,Consultation,Cancelled,Web
APT0010719,P001151,Sneha Verma,DOC0049,Dr. Meera Iyer,Bay Medical,2026-07-14 13:45:00,New Visit,Cancelled,Call Center
APT0010720,P002442,Aditi Mehta,DOC0010,Dr. Rohan Patel,City Medical Center,2026-12-11 15:00:00,Follow-up,Cancelled,Web
APT0010721,P001994,Rahul Gupta,DOC0001,Dr. Varun Iyer,City Medical Center,2026-03-07 16:30:00,Consultation,Cancelled,Walk-in
APT0010722,P001066,Aditi Patel,DOC0010,Dr. Rohan Patel,City Medical Center,2026-05-13 14:45:00,Procedure,No Show,Call Center
APT0010723,P000882,Ananya Singh,DOC0086,Dr. Ira Menon,Bay Medical,2026-06-25 08:30:00,Consultation,No Show,Call Center
APT0010724,P000818,Aarav Das,DOC0120,Dr. Meera Das,Metro Hospital,2026-05-06 15:30:00,Follow-up,Completed,Referral
APT0010725,P001375,Rohan Mehta,DOC0008,Dr. Neha Kapoor,Lakeview Hospital,2026-02-06 13:00:00,Consultation,No Show,Call Center
APT0010726,P000905,Karan Reddy,DOC0022,Dr. Varun Sharma,Lakeview Hospital,2026-08-30 08:15:00,Follow-up,Cancelled,Referral
APT0010727,P001712,Varun Menon,DOC0078,Dr. Pooja Das,Central Hospital,2026-11-20 11:15:00,Consultation,No Show,Web
APT0010728,P001887,Varun Mehta,DOC0064,Dr. Arjun Nair,North Care,2026-11-02 10:00:00,Procedure,Completed,Referral
APT0010729,P001872,Diya Rao,DOC0067,Dr. Ishaan Gupta,City Medical Center,2026-11-19 19:00:00,Consultation,Scheduled,Web
APT0010730,P000733,Karan Iyer,DOC0109,Dr. Aarav Nair,City Medical Center,2026-09-14 11:15:00,Consultation,No Show,Referral
APT0010731,P000949,Rohan Verma,DOC0107,Dr. Neha Rao,North Care,2026-02-27 17:15:00,Follow-up,Completed,Call Center
APT0010732,P000060,Sneha Joshi,DOC0091,Dr. Kavya Singh,Bay Medical,2026-09-14 19:00:00,Follow-up,Completed,Referral
APT0010733,P001481,Meera Reddy,DOC0102,Dr. Anika Singh,Central Hospital,2026-06-26 14:45:00,Follow-up,Cancelled,Web
APT0010734,P000226,Vikram Gupta,DOC0027,Dr. Neha Verma,Central Hospital,2026-04-30 17:45:00,New Visit,Completed,Walk-in
APT0010735,P001213,Rahul Verma,DOC0034,Dr. Neha Patel,Central Hospital,2026-11-18 16:15:00,Consultation,Completed,Walk-in
APT0010736,P000364,Kavya Joshi,DOC0043,Dr. Anika Kapoor,North Care,2026-12-28 11:15:00,Procedure,Completed,Web
APT0010737,P001507,Ishaan Nair,DOC0010,Dr. Rohan Patel,City Medical Center,2026-06-15 11:15:00,Procedure,Completed,Walk-in
APT0010738,P001612,Ananya Kapoor,DOC0052,Dr. Ananya Gupta,Bay Medical,2026-08-24 08:45:00,New Visit,Completed,Call Center
APT0010739,P000838,Ananya Verma,DOC0046,Dr. Anika Das,Bay Medical,2026-06-25 11:15:00,New Visit,Completed,Call Center
APT0010740,P001306,Ananya Reddy,DOC0034,Dr. Neha Patel,Central Hospital,2026-05-10 19:00:00,Consultation,Scheduled,Web
APT0010741,P000385,Varun Sharma,DOC0043,Dr. Anika Kapoor,North Care,2026-07-23 11:45:00,Follow-up,Scheduled,Referral
APT0010742,P000429,Varun Mehta,DOC0077,Dr. Rohan Sharma,Bay Medical,2026-07-31 12:30:00,Follow-up,Scheduled,Call Center
APT0010743,P001524,Arjun Joshi,DOC0014,Dr. Aditi Patel,City Medical Center,2026-12-11 12:00:00,Follow-up,Scheduled,Web
APT0010744,P001739,Rohan Nair,DOC0038,Dr. Pooja Verma,City Medical Center,2026-06-26 08:45:00,Consultation,No Show,Call Center
APT0010745,P000461,Anika Reddy,DOC0082,Dr. Rohan Joshi,Lakeview Hospital,2026-06-24 17:00:00,Consultation,No Show,Walk-in
APT0010746,P002262,Nikhil Menon,DOC0042,Dr. Arjun Kapoor,Bay Medical,2026-09-14 15:00:00,Consultation,Completed,Referral
APT0010747,P002059,Priya Gupta,DOC0077,Dr. Rohan Sharma,Bay Medical,2026-02-10 11:45:00,New Visit,Cancelled,Referral
APT0010748,P002354,Priya Nair,DOC0041,Dr. Ananya Das,North Care,2026-01-23 12:15:00,New Visit,Completed,Call Center
APT0010749,P000315,Aarav Iyer,DOC0079,Dr. Ishaan Joshi,North Care,2026-10-19 12:30:00,New Visit,Completed,Referral
APT0010750,P000242,Anika Gupta,DOC0090,Dr. Nikhil Mehta,Bay Medical,2026-03-20 16:30:00,Follow-up,Cancelled,Referral
APT0010751,P001058,Vikram Mehta,DOC0040,Dr. Meera Nair,North Care,2026-10-04 14:45:00,Consultation,Scheduled,Web
APT0010752,P001293,Ananya Verma,DOC0096,Dr. Varun Das,Bay Medical,2026-12-13 15:15:00,New Visit,Completed,Walk-in
APT0010753,P000155,Kavya Joshi,DOC0029,Dr. Varun Patel,City Medical Center,2026-03-26 19:15:00,Procedure,Cancelled,Walk-in
APT0010754,P000693,Nikhil Rao,DOC0115,Dr. Varun Verma,Metro Hospital,2026-03-06 19:30:00,Consultation,Completed,Web
APT0010755,P002418,Arjun Joshi,DOC0019,Dr. Diya Verma,Metro Hospital,2026-01-03 11:30:00,Consultation,No Show,Call Center
APT0010756,P001018,Pooja Verma,DOC0120,Dr. Meera Das,Metro Hospital,2026-04-06 13:15:00,Consultation,No Show,Referral
APT0010757,P000194,Karan Gupta,DOC0096,Dr. Varun Das,Bay Medical,2026-10-03 11:00:00,Follow-up,Completed,Walk-in
APT0010758,P001535,Nikhil Das,DOC0101,Dr. Varun Singh,City Medical Center,2026-03-23 08:00:00,Procedure,Completed,Web
APT0010759,P002364,Ananya Mehta,DOC0078,Dr. Pooja Das,Central Hospital,2026-04-01 08:00:00,Procedure,Cancelled,Call Center
APT0010760,P000168,Pooja Gupta,DOC0071,Dr. Rahul Kapoor,Metro Hospital,2026-10-04 09:45:00,Procedure,No Show,Web
APT0010761,P000840,Ira Verma,DOC0091,Dr. Kavya Singh,Bay Medical,2026-11-30 16:45:00,Follow-up,No Show,Walk-in
APT0010762,P001673,Meera Sharma,DOC0109,Dr. Aarav Nair,City Medical Center,2026-11-05 14:30:00,Procedure,No Show,Call Center
APT0010763,P000356,Ananya Menon,DOC0027,Dr. Neha Verma,Central Hospital,2026-10-13 12:15:00,New Visit,Completed,Walk-in
APT0010764,P002308,Ananya Nair,DOC0016,Dr. Karan Joshi,City Medical Center,2026-07-30 14:00:00,Consultation,Scheduled,Web
APT0010765,P000879,Kavya Das,DOC0017,Dr. Pooja Gupta,Lakeview Hospital,2026-12-07 18:30:00,New Visit,Scheduled,Walk-in
APT0010766,P001819,Kavya Kapoor,DOC0083,Dr. Vikram Das,Lakeview Hospital,2026-04-20 14:45:00,Follow-up,Completed,Web
APT0010767,P000803,Pooja Singh,DOC0055,Dr. Karan Patel,Metro Hospital,2026-09-06 13:00:00,Follow-up,Completed,Referral
APT0010768,P001399,Aditi Das,DOC0090,Dr. Nikhil Mehta,Bay Medical,2026-10-09 12:00:00,Consultation,Completed,Walk-in
APT0010769,P001782,Diya Verma,DOC0022,Dr. Varun Sharma,Lakeview Hospital,2026-05-13 17:30:00,Follow-up,Cancelled,Call Center
APT0010770,P000923,Diya Rao,DOC0085,Dr. Ira Reddy,Central Hospital,2026-05-21 13:00:00,Procedure,Completed,Walk-in
APT0010771,P000576,Rahul Rao,DOC0053,Dr. Rohan Mehta,Bay Medical,2026-07-12 11:30:00,Follow-up,No Show,Walk-in
APT0010772,P000640,Sneha Rao,DOC0118,Dr. Karan Das,Central Hospital,2026-11-11 09:00:00,Follow-up,Cancelled,Call Center
APT0010773,P000279,Sneha Patel,DOC0005,Dr. Ananya Joshi,Lakeview Hospital,2026-11-02 14:00:00,Consultation,Completed,Web
APT0010774,P000605,Rahul Rao,DOC0120,Dr. Meera Das,Metro Hospital,2026-12-03 17:00:00,Procedure,Completed,Web
APT0010775,P000428,Anika Patel,DOC0003,Dr. Pooja Gupta,City Medical Center,2026-04-12 17:15:00,Consultation,No Show,Referral
APT0010776,P001409,Neha Menon,DOC0007,Dr. Ananya Singh,Metro Hospital,2026-02-17 17:00:00,Consultation,No Show,Referral
APT0010777,P001671,Priya Nair,DOC0115,Dr. Varun Verma,Metro Hospital,2026-04-21 12:30:00,Procedure,No Show,Walk-in
APT0010778,P001367,Diya Rao,DOC0024,Dr. Anika Menon,City Medical Center,2026-09-24 14:30:00,Procedure,Completed,Walk-in
APT0010779,P000543,Meera Iyer,DOC0050,Dr. Vikram Mehta,Bay Medical,2026-11-27 13:45:00,Follow-up,Completed,Walk-in
APT0010780,P000590,Arjun Gupta,DOC0051,Dr. Ananya Reddy,Metro Hospital,2026-05-29 18:00:00,Follow-up,Cancelled,Walk-in
APT0010781,P000691,Aarav Singh,DOC0070,Dr. Ira Gupta,Metro Hospital,2026-09-13 18:15:00,New Visit,No Show,Walk-in
APT0010782,P002341,Vikram Rao,DOC0096,Dr. Varun Das,Bay Medical,2026-05-22 16:15:00,New Visit,Completed,Walk-in
APT0010783,P000216,Vikram Gupta,DOC0097,Dr. Ananya Verma,Bay Medical,2026-01-13 16:30:00,Consultation,Scheduled,Walk-in
APT0010784,P001692,Ishaan Reddy,DOC0004,Dr. Aarav Reddy,Bay Medical,2026-05-04 17:00:00,Procedure,Cancelled,Call Center
APT0010785,P000573,Kavya Mehta,DOC0120,Dr. Meera Das,Metro Hospital,2026-05-14 19:00:00,New Visit,Completed,Referral
APT0010786,P002162,Neha Das,DOC0060,Dr. Karan Gupta,Metro Hospital,2026-05-20 09:45:00,Consultation,Completed,Referral
APT0010787,P000700,Neha Iyer,DOC0107,Dr. Neha Rao,North Care,2026-04-30 10:30:00,Follow-up,No Show,Walk-in
APT0010788,P000330,Ira Iyer,DOC0108,Dr. Aditi Singh,North Care,2026-04-23 10:30:00,Follow-up,Completed,Web
APT0010789,P001773,Karan Mehta,DOC0107,Dr. Neha Rao,North Care,2026-08-17 17:45:00,Follow-up,Completed,Referral
APT0010790,P001591,Rohan Nair,DOC0045,Dr. Rohan Mehta,City Medical Center,2026-07-22 18:45:00,Consultation,Scheduled,Walk-in
APT0010791,P001948,Neha Iyer,DOC0043,Dr. Anika Kapoor,North Care,2026-04-08 15:30:00,Follow-up,Completed,Web
APT0010792,P001311,Aarav Verma,DOC0057,Dr. Ananya Singh,Metro Hospital,2026-09-07 12:00:00,New Visit,Completed,Call Center
APT0010793,P001012,Ishaan Verma,DOC0041,Dr. Ananya Das,North Care,2026-07-16 16:30:00,Consultation,Cancelled,Web
APT0010794,P001032,Meera Reddy,DOC0043,Dr. Anika Kapoor,North Care,2026-12-17 13:00:00,Consultation,No Show,Call Center
APT0010795,P000219,Pooja Rao,DOC0039,Dr. Neha Das,City Medical Center,2026-04-06 17:15:00,New Visit,Completed,Web
APT0010796,P000007,Neha Iyer,DOC0055,Dr. Karan Patel,Metro Hospital,2026-12-15 13:15:00,Follow-up,Scheduled,Call Center
APT0010797,P001804,Neha Patel,DOC0029,Dr. Varun Patel,City Medical Center,2026-10-17 10:00:00,Procedure,Completed,Web
APT0010798,P000855,Rahul Kapoor,DOC0020,Dr. Pooja Reddy,Lakeview Hospital,2026-05-12 12:45:00,Procedure,No Show,Web
APT0010799,P000723,Ira Menon,DOC0020,Dr. Pooja Reddy,Lakeview Hospital,2026-09-19 15:45:00,Procedure,Completed,Walk-in
APT0010800,P001157,Vikram Reddy,DOC0065,Dr. Sneha Das,Metro Hospital,2026-05-25 15:00:00,New Visit,No Show,Web
APT0010801,P000855,Rahul Kapoor,DOC0026,Dr. Arjun Mehta,Central Hospital,2026-02-05 13:30:00,Procedure,Cancelled,Walk-in
APT0010802,P002216,Aditi Joshi,DOC0014,Dr. Aditi Patel,City Medical Center,2026-05-16 13:15:00,New Visit,No Show,Call Center
APT0010803,P000928,Aarav Gupta,DOC0032,Dr. Pooja Kapoor,North Care,2026-03-18 17:00:00,New Visit,Completed,Walk-in
APT0010804,P002319,Nikhil Singh,DOC0030,Dr. Pooja Gupta,North Care,2026-10-18 08:15:00,Follow-up,Completed,Referral
APT0010805,P000916,Meera Kapoor,DOC0002,Dr. Varun Das,Metro Hospital,2026-04-26 17:45:00,New Visit,Scheduled,Call Center
APT0010806,P001983,Sneha Das,DOC0070,Dr. Ira Gupta,Metro Hospital,2026-10-09 18:15:00,New Visit,Cancelled,Call Center
APT0010807,P001082,Nikhil Verma,DOC0118,Dr. Karan Das,Central Hospital,2026-07-01 11:30:00,Procedure,Completed,Referral
APT0010808,P000449,Varun Das,DOC0057,Dr. Ananya Singh,Metro Hospital,2026-01-27 15:45:00,New Visit,Cancelled,Web
APT0010809,P001335,Ananya Joshi,DOC0005,Dr. Ananya Joshi,Lakeview Hospital,2026-10-02 13:45:00,Consultation,Completed,Web
APT0010810,P002392,Rohan Joshi,DOC0020,Dr. Pooja Reddy,Lakeview Hospital,2026-05-07 17:45:00,Procedure,Completed,Web
APT0010811,P002123,Aditi Mehta,DOC0115,Dr. Varun Verma,Metro Hospital,2026-03-31 09:15:00,Procedure,Completed,Walk-in
APT0010812,P000376,Nikhil Rao,DOC0005,Dr. Ananya Joshi,Lakeview Hospital,2026-08-26 16:45:00,Consultation,Completed,Web
APT0010813,P000210,Ishaan Patel,DOC0105,Dr. Aarav Singh,North Care,2026-07-13 14:15:00,Consultation,Cancelled,Walk-in
APT0010814,P001625,Pooja Sharma,DOC0059,Dr. Pooja Kapoor,Metro Hospital,2026-11-08 17:45:00,Follow-up,Completed,Walk-in
APT0010815,P000808,Kavya Verma,DOC0007,Dr. Ananya Singh,Metro Hospital,2026-06-21 12:45:00,New Visit,Completed,Referral
APT0010816,P002202,Aditi Rao,DOC0006,Dr. Neha Das,Central Hospital,2026-01-04 09:30:00,Procedure,Completed,Call Center
APT0010817,P000588,Rohan Singh,DOC0074,Dr. Aditi Singh,Central Hospital,2026-12-27 16:30:00,Follow-up,Cancelled,Referral
APT0010818,P002491,Vikram Patel,DOC0106,Dr. Sneha Kapoor,Lakeview Hospital,2026-11-15 13:15:00,Follow-up,Completed,Referral
APT0010819,P002013,Anika Nair,DOC0094,Dr. Nikhil Nair,City Medical Center,2026-11-12 08:00:00,New Visit,Cancelled,Walk-in
APT0010820,P002005,Rohan Mehta,DOC0070,Dr. Ira Gupta,Metro Hospital,2026-12-28 16:45:00,Follow-up,Completed,Referral
APT0010821,P001717,Meera Singh,DOC0101,Dr. Varun Singh,City Medical Center,2026-07-20 17:45:00,Consultation,Cancelled,Web
APT0010822,P001470,Ira Reddy,DOC0105,Dr. Aarav Singh,North Care,2026-08-15 14:00:00,New Visit,Cancelled,Web
APT0010823,P001246,Varun Rao,DOC0041,Dr. Ananya Das,North Care,2026-11-12 08:00:00,Follow-up,No Show,Call Center
APT0010824,P000464,Sneha Joshi,DOC0047,Dr. Rohan Rao,Central Hospital,2026-08-04 13:30:00,Follow-up,Completed,Walk-in
APT0010825,P002152,Rohan Iyer,DOC0109,Dr. Aarav Nair,City Medical Center,2026-02-15 15:30:00,Follow-up,Scheduled,Walk-in
APT0010826,P001581,Priya Menon,DOC0101,Dr. Varun Singh,City Medical Center,2026-04-25 16:00:00,Procedure,Scheduled,Walk-in
APT0010827,P000012,Karan Das,DOC0075,Dr. Karan Kapoor,Bay Medical,2026-04-05 17:30:00,Follow-up,Completed,Web
APT0010828,P001800,Varun Rao,DOC0050,Dr. Vikram Mehta,Bay Medical,2026-01-24 13:30:00,Consultation,Completed,Call Center
APT0010829,P001825,Arjun Gupta,DOC0040,Dr. Meera Nair,North Care,2026-05-09 09:00:00,Follow-up,Completed,Web
APT0010830,P001516,Varun Rao,DOC0101,Dr. Varun Singh,City Medical Center,2026-12-19 18:00:00,New Visit,Cancelled,Walk-in
APT0010831,P000777,Ira Patel,DOC0089,Dr. Kavya Nair,City Medical Center,2026-04-26 11:15:00,Consultation,Cancelled,Referral
APT0010832,P001083,Diya Verma,DOC0090,Dr. Nikhil Mehta,Bay Medical,2026-11-04 10:00:00,Consultation,No Show,Web
APT0010833,P000742,Rahul Gupta,DOC0020,Dr. Pooja Reddy,Lakeview Hospital,2026-11-09 10:45:00,Procedure,No Show,Web
APT0010834,P001151,Sneha Verma,DOC0085,Dr. Ira Reddy,Central Hospital,2026-10-27 11:45:00,Consultation,Completed,Referral
APT0010835,P000347,Vikram Rao,DOC0090,Dr. Nikhil Mehta,Bay Medical,2026-07-16 09:30:00,Consultation,Scheduled,Call Center
APT0010836,P000814,Karan Mehta,DOC0027,Dr. Neha Verma,Central Hospital,2026-03-19 18:30:00,Follow-up,Scheduled,Call Center
APT0010837,P002179,Vikram Das,DOC0094,Dr. Nikhil Nair,City Medical Center,2026-04-13 15:15:00,Consultation,Completed,Web
APT0010838,P000828,Varun Joshi,DOC0072,Dr. Rahul Iyer,Central Hospital,2026-11-03 10:45:00,Consultation,Completed,Walk-in
APT0010839,P001107,Ishaan Das,DOC0015,Dr. Ananya Das,City Medical Center,2026-04-16 16:30:00,New Visit,Completed,Walk-in
APT0010840,P001286,Priya Reddy,DOC0096,Dr. Varun Das,Bay Medical,2026-12-22 16:00:00,New Visit,Completed,Referral
APT0010841,P000105,Aditi Patel,DOC0022,Dr. Varun Sharma,Lakeview Hospital,2026-12-04 12:00:00,Follow-up,Scheduled,Web
APT0010842,P002274,Vikram Patel,DOC0056,Dr. Arjun Rao,Bay Medical,2026-09-02 12:00:00,Procedure,Completed,Walk-in
APT0010843,P001059,Pooja Singh,DOC0024,Dr. Anika Menon,City Medical Center,2026-06-17 17:00:00,Follow-up,Scheduled,Web
APT0010844,P001995,Nikhil Gupta,DOC0018,Dr. Ira Patel,Lakeview Hospital,2026-01-15 11:00:00,Procedure,No Show,Walk-in
APT0010845,P000717,Nikhil Das,DOC0111,Dr. Neha Joshi,Metro Hospital,2026-12-17 13:30:00,Procedure,Scheduled,Referral
APT0010846,P000421,Vikram Das,DOC0031,Dr. Pooja Singh,Metro Hospital,2026-04-25 16:00:00,Follow-up,No Show,Referral
APT0010847,P002409,Diya Rao,DOC0044,Dr. Ishaan Joshi,City Medical Center,2026-11-23 18:45:00,Consultation,No Show,Walk-in
APT0010848,P000735,Ananya Gupta,DOC0034,Dr. Neha Patel,Central Hospital,2026-08-19 09:00:00,Consultation,Cancelled,Web
APT0010849,P001583,Rahul Menon,DOC0078,Dr. Pooja Das,Central Hospital,2026-11-07 14:15:00,Consultation,Completed,Web
