patient_id,contact_type,contact_value,contact_name
P000001,Mobile,+91-9526326173,Diya Mehta
P000002,Mobile,+91-7018368660,Aditi Kapoor
P000003,Mobile,+91-6644498472,Pooja Nair
P000004,Mobile,+91-8170179317,Diya Das
P000005,Mobile,+91-8229027316,Anika Iyer
P000006,Mobile,+91-6715528063,Arjun Joshi
P000007,Mobile,+91-6561039946,Neha Iyer
P000008,Mobile,+91-6304251765,Arjun Rao
P000009,Mobile,+91-6550720413,Ira Gupta
P000010,Mobile,+91-8405613304,Sneha Verma
P000011,Mobile,+91-7653669697,Rohan Gupta
P000012,Mobile,+91-9708021380,Karan Das
P000013,Mobile,+91-7930657908,Varun Singh
P000014,Mobile,+91-7126871568,Rahul Gupta
P000015,Mobile,+91-8162475059,Karan Nair
P000015,Emergency,+91-7836784602,Neha Kapoor
P000016,Mobile,+91-9258977790,Aditi Das
P000017,Mobile,+91-6243119985,Sneha Singh
P000018,Mobile,+91-7648133797,Rahul Menon
P000019,Mobile,+91-8986357519,Pooja Singh
P000019,Emergency,+91-8241115664,Ira Menon
P000020,Mobile,+91-6907314270,Karan Verma
P000021,Mobile,+91-7080892626,Nikhil Patel
P000022,Mobile,+91-8082921448,Arjun Sharma
P000023,Mobile,+91-6939225158,Meera Nair
P000024,Mobile,+91-8213298410,Ishaan Sharma
P000025,Mobile,+91-6180068252,Rahul Nair
P000026,Mobile,+91-9974508118,Karan Menon
P000027,Mobile,+91-8971493830,Karan Rao
P000028,Mobile,+91-7283870596,Aarav Patel
P000029,Mobile,+91-9975345654,Aarav Sharma
P000030,Mobile,+91-7219812615,Priya Patel
P000031,Mobile,+91-7963131796,Neha Joshi
P000032,Mobile,+91-6538295868,Aditi Nair
P000033,Mobile,+91-7362645450,Meera Menon
P000034,Mobile,+91-6558089783,Meera Das
P000035,Mobile,+91-6617928767,Ishaan Reddy
P000035,Emergency,+91-7364565564,Rahul Reddy
P000036,Mobile,+91-7798820149,Rahul Rao
P000036,Emergency,+91-6192008792,Sneha Singh
P000037,Mobile,+91-7853654206,Kavya Iyer
P000038,Mobile,+91-9663848428,Kavya Mehta
P000039,Mobile,+91-9227083043,Ira Gupta
P000040,Mobile,+91-7281335686,Arjun Das
P000041,Mobile,+91-9344497722,Nikhil Verma
P000042,Mobile,+91-8429335508,Aditi Singh
P000043,Mobile,+91-7071329748,Vikram Kapoor
P000043,Emergency,+91-9818115038,Arjun Singh
P000044,Mobile,+91-9293156828,Diya Rao
P000045,Mobile,+91-6245422689,Kavya Menon
P000046,Mobile,+91-7594840952,Neha Verma
P000047,Mobile,+91-6839953079,Sneha Patel
P000048,Mobile,+91-8582556123,Ananya Patel
P000049,Mobile,+91-8374134875,Rahul Kapoor
P000050,Mobile,+91-9698894990,Priya Kapoor
P000051,Mobile,+91-7722863500,Nikhil Verma
P000051,Emergency,+91-8434641449,Diya Das
P000052,Mobile,+91-8675372848,Ananya Singh
P000052,Emergency,+91-8814845125,Aarav Reddy
P000053,Mobile,+91-7224485133,Vikram Singh
P000054,Mobile,+91-6125808865,Neha Sharma
P000055,Mobile,+91-8572880869,Kavya Kapoor
P000056,Mobile,+91-8303510298,Nikhil Kapoor
P000057,Mobile,+91-6206485504,Ishaan Mehta
P000058,Mobile,+91-9941976545,Rohan Gupta
P000058,Emergency,+91-7112936553,Varun Verma
P000059,Mobile,+91-7706135515,Rahul Rao
P000059,Emergency,+91-6027018117,Rohan Iyer
P000060,Mobile,+91-9363927495,Sneha Joshi
P000061,Mobile,+91-9302848978,Neha Patel
P000062,Mobile,+91-9729457708,Sneha Mehta
P000063,Mobile,+91-6483966610,Rohan Das
P000064,Mobile,+91-8462473012,Nikhil Gupta
P000065,Mobile,+91-6114482670,Nikhil Mehta
P000066,Mobile,+91-8852215033,Vikram Nair
P000067,Mobile,+91-7038284341,Nikhil Verma
P000068,Mobile,+91-9099042742,Kavya Patel
P000069,Mobile,+91-7870288830,Diya Sharma
P000070,Mobile,+91-6565111428,Ananya Rao
P000071,Mobile,+91-7632088940,Diya Patel
P000072,Mobile,+91-7946462283,Ananya Singh
P000072,Emergency,+91-8256637340,Ananya Kapoor
P000073,Mobile,+91-9972759600,Rahul Iyer
P000074,Mobile,+91-6469561963,Aditi Menon
P000074,Emergency,+91-6732430853,Aarav Menon
P000075,Mobile,+91-6415464378,Aarav Reddy
P000076,Mobile,+91-9686493211,Diya Joshi
P000076,Emergency,+91-9261474422,Sneha Menon
P000077,Mobile,+91-8543384690,Vikram Nair
P000078,Mobile,+91-6295430141,Diya Mehta
P000078,Emergency,+91-6889113477,Aarav Das
P000079,Mobile,+91-8391387892,Sneha Kapoor
P000080,Mobile,+91-8401056563,Diya Joshi
P000081,Mobile,+91-7806535036,Nikhil Patel
P000082,Mobile,+91-6659445993,Rohan Reddy
P000083,Mobile,+91-8908601315,Varun Rao
P000084,Mobile,+91-9631683785,Nikhil Gupta
P000085,Mobile,+91-7195806373,Ishaan Das
P000086,Mobile,+91-9831407732,Sneha Mehta
P000087,Mobile,+91-9621019341,Sneha Reddy
P000088,Mobile,+91-6080117392,Rahul Gupta
P000089,Mobile,+91-6839431957,Anika Sharma
P000090,Mobile,+91-6903095948,Diya Menon
P000091,Mobile,+91-8351289941,Nikhil Menon
P000091,Emergency,+91-9017997688,Priya Singh
P000092,Mobile,+91-9711850257,Sneha Joshi
P000093,Mobile,+91-6014858113,Aditi Rao
P000094,Mobile,+91-6160379500,Ananya Gupta
P000095,Mobile,+91-9888575893,Aarav Gupta
P000096,Mobile,+91-9282794527,Nikhil Patel
P000097,Mobile,+91-7857823946,Ishaan Mehta
P000098,Mobile,+91-6811393852,Arjun Kapoor
P000099,Mobile,+91-9792361190,Aarav Iyer
P000100,Mobile,+91-8382507310,Priya Mehta
P000101,Mobile,+91-9994073496,Varun Mehta
P000102,Mobile,+91-9114793721,Aarav Das
P000103,Mobile,+91-8936094928,Nikhil Iyer
P000104,Mobile,+91-8793772156,Ananya Verma
P000105,Mobile,+91-8303915669,Aditi Patel
P000106,Mobile,+91-8007685615,Priya Menon
P000107,Mobile,+91-6128285564,Kavya Gupta
P000107,Emergency,+91-6819477990,Ishaan Singh
P000108,Mobile,+91-7258630332,Aditi Nair
P000109,Mobile,+91-8154199232,Ira Verma
P000110,Mobile,+91-8405939859,Varun Reddy
P000111,Mobile,+91-6668327411,Aditi Singh
P000112,Mobile,+91-6192728944,Ishaan Gupta
P000113,Mobile,+91-7468258382,Vikram Verma
P000114,Mobile,+91-8164179613,Pooja Reddy
P000114,Emergency,+91-6656704832,Aarav Joshi
P000115,Mobile,+91-7526594827,Aditi Das
P000116,Mobile,+91-6733740439,Nikhil Joshi
P000117,Mobile,+91-7136615086,Priya Reddy
P000118,Mobile,+91-6233070047,Ananya Patel
P000119,Mobile,+91-6785771773,Aarav Reddy
P000119,Emergency,+91-6112771392,Rahul Kapoor
P000120,Mobile,+91-8415378554,Meera Verma
P000121,Mobile,+91-7131639279,Meera Mehta
P000122,Mobile,+91-6942943580,Nikhil Singh
P000122,Emergency,+91-8220274540,Arjun Das
P000123,Mobile,+91-6741442919,Aditi Das
P000124,Mobile,+91-6847032362,Nikhil Singh
P000125,Mobile,+91-8561715805,Kavya Nair
P000126,Mobile,+91-6474694121,Rahul Reddy
P000127,Mobile,+91-7900787099,Aarav Das
P000128,Mobile,+91-9580065588,Ishaan Patel
P000129,Mobile,+91-6840275532,Pooja Rao
P000130,Mobile,+91-6828291777,Arjun Das
P000131,Mobile,+91-7368264500,Vikram Sharma
P000132,Mobile,+91-7228534930,Pooja Kapoor
P000133,Mobile,+91-7963787040,Varun Joshi
P000134,Mobile,+91-9825909194,Diya Rao
P000135,Mobile,+91-9351748140,Ananya Singh
P000136,Mobile,+91-8663963446,Ishaan Iyer
P000136,Emergency,+91-9349644263,Kavya Nair
P000137,Mobile,+91-9052347543,Anika Nair
P000137,Emergency,+91-6276520186,Ira Joshi
P000138,Mobile,+91-6991793663,Rohan Kapoor
P000139,Mobile,+91-6786057329,Varun Kapoor
P000140,Mobile,+91-9674930620,Meera Rao
P000141,Mobile,+91-8831652980,Vikram Nair
P000142,Mobile,+91-8882466699,Aarav Mehta
P000143,Mobile,+91-7228285712,Nikhil Gupta
P000144,Mobile,+91-8904336857,Anika Gupta
P000145,Mobile,+91-7719115924,Rohan Nair
P000146,Mobile,+91-7521400286,Arjun Iyer
P000146,Emergency,+91-6135861040,Karan Kapoor
P000147,Mobile,+91-9158026945,Rahul Menon
P000148,Mobile,+91-6897968527,Ananya Verma
P000149,Mobile,+91-7399769517,Kavya Menon
P000150,Mobile,+91-7608168284,Aditi Menon
P000151,Mobile,+91-9339534140,Kavya Joshi
P000152,Mobile,+91-6765310685,Ananya Joshi
P000152,Emergency,+91-7542109220,Kavya Joshi
P000153,Mobile,+91-9298849877,Arjun Nair
P000154,Mobile,+91-6069719892,Arjun Das
P000154,Emergency,+91-9808131102,Nikhil Reddy
P000155,Mobile,+91-7891142582,Kavya Joshi
P000156,Mobile,+91-6567191057,Kavya Das
P000157,Mobile,+91-6672538687,Neha Verma
P000158,Mobile,+91-6469207130,Kavya Das
P000159,Mobile,+91-6749373530,Arjun Singh
P000160,Mobile,+91-9564213717,Nikhil Patel
P000161,Mobile,+91-7095110587,Diya Rao
P000162,Mobile,+91-9424691339,Rahul Sharma
P000163,Mobile,+91-7002685058,Diya Nair
P000164,Mobile,+91-7168541191,Arjun Reddy
P000165,Mobile,+91-6154942703,Karan Iyer
P000166,Mobile,+91-7060228380,Anika Menon
P000167,Mobile,+91-7487639226,Rohan Verma
P000168,Mobile,+91-9799672868,Pooja Gupta
P000169,Mobile,+91-8684123248,Karan Das
P000170,Mobile,+91-8623546911,Rahul Sharma
P000171,Mobile,+91-7399541846,Rohan Verma
P000171,Emergency,+91-6886879247,Nikhil Nair
P000172,Mobile,+91-9780130999,Anika Reddy
P000173,Mobile,+91-9736226334,Aditi Joshi
P000174,Mobile,+91-6439527462,Nikhil Verma
P000175,Mobile,+91-6114849088,Aditi Verma
P000176,Mobile,+91-9491859637,Ishaan Das
P000177,Mobile,+91-6579391821,Vikram Singh
P000178,Mobile,+91-9808143670,Vikram Verma
P000179,Mobile,+91-6357234438,Ira Mehta
P000179,Emergency,+91-6713966667,Meera Gupta
P000180,Mobile,+91-6188123627,Karan Joshi
P000181,Mobile,+91-7546740196,Rahul Kapoor
P000182,Mobile,+91-8208693407,Meera Reddy
P000183,Mobile,+91-8248847681,Karan Joshi
P000184,Mobile,+91-7473433625,Diya Nair
P000185,Mobile,+91-7409993222,Diya Rao
P000186,Mobile,+91-6239936218,Arjun Gupta
P000187,Mobile,+91-7367811933,Diya Verma
P000188,Mobile,+91-8083197449,Aditi Reddy
P000189,Mobile,+91-8732548874,Pooja Das
P000190,Mobile,+91-8440220037,Aarav Menon
P000190,Emergency,+91-9592907579,Neha Iyer
P000191,Mobile,+91-6832467724,Ananya Das
P000192,Mobile,+91-7266221412,Kavya Rao
P000193,Mobile,+91-6923760433,Diya Mehta
P000193,Emergency,+91-9149159306,Arjun Verma
P000194,Mobile,+91-6085274424,Karan Gupta
P000195,Mobile,+91-9099012108,Arjun Kapoor
P000196,Mobile,+91-6778752608,Aditi Verma
P000197,Mobile,+91-6495838496,Karan Iyer
P000198,Mobile,+91-7588088724,Pooja Iyer
P000199,Mobile,+91-8142496496,Nikhil Verma
P000200,Mobile,+91-7000394855,Aditi Nair
P000201,Mobile,+91-9119508162,Diya Menon
P000202,Mobile,+91-6164002441,Pooja Kapoor
P000203,Mobile,+91-9138636543,Neha Mehta
P000204,Mobile,+91-9624811089,Anika Singh
P000205,Mobile,+91-9537134255,Karan Das
P000206,Mobile,+91-6271040703,Rahul Gupta
P000207,Mobile,+91-6423911539,Anika Iyer
P000208,Mobile,+91-7609419777,Ananya Patel
P000209,Mobile,+91-8593082380,Rahul Das
P000210,Mobile,+91-7046299368,Ishaan Patel
P000211,Mobile,+91-9933125505,Arjun Kapoor
P000212,Mobile,+91-8402968307,Rahul Singh
P000212,Emergency,+91-9142089551,Nikhil Menon
P000213,Mobile,+91-9024157255,Pooja Nair
P000214,Mobile,+91-8168226756,Rahul Reddy
P000214,Emergency,+91-8932278662,Ananya Reddy
P000215,Mobile,+91-8338128669,Pooja Kapoor
P000216,Mobile,+91-6708763013,Vikram Gupta
P000217,Mobile,+91-9904548562,Sneha Singh
P000218,Mobile,+91-6922422799,Priya Reddy
P000219,Mobile,+91-8251408779,Pooja Rao
P000220,Mobile,+91-8063513363,Nikhil Kapoor
P000221,Mobile,+91-7580491677,Priya Iyer
P000222,Mobile,+91-7105209896,Arjun Singh
P000222,Emergency,+91-8237775313,Kavya Gupta
P000223,Mobile,+91-9392628645,Kavya Reddy
P000224,Mobile,+91-8119279038,Sneha Kapoor
P000225,Mobile,+91-8208293812,Kavya Mehta
P000226,Mobile,+91-6681392446,Vikram Gupta
P000227,Mobile,+91-8939161193,Sneha Das
P000228,Mobile,+91-9124762554,Pooja Rao
P000229,Mobile,+91-7933631130,Sneha Menon
P000230,Mobile,+91-8946367259,Vikram Iyer
P000231,Mobile,+91-8397415218,Arjun Nair
P000232,Mobile,+91-9118918262,Priya Nair
P000233,Mobile,+91-7671849882,Ira Verma
P000233,Emergency,+91-9071989522,Sneha Sharma
P000234,Mobile,+91-6177186897,Nikhil Verma
P000235,Mobile,+91-6146101196,Karan Sharma
P000236,Mobile,+91-7749271088,Sneha Joshi
P000237,Mobile,+91-6907874618,Arjun Menon
P000238,Mobile,+91-9628127058,Aditi Sharma
P000239,Mobile,+91-9758781273,Diya Singh
P000240,Mobile,+91-8151852543,Rohan Rao
P000241,Mobile,+91-9127477100,Aarav Patel
P000242,Mobile,+91-7176930315,Anika Gupta
P000243,Mobile,+91-8007645103,Vikram Gupta
P000244,Mobile,+91-8005291490,Karan Nair
P000245,Mobile,+91-7264622182,Aditi Joshi
P000245,Emergency,+91-8997068489,Aditi Mehta
P000246,Mobile,+91-7117451193,Priya Singh
P000247,Mobile,+91-6563321294,Sneha Reddy
P000247,Emergency,+91-8300010388,Aditi Rao
P000248,Mobile,+91-6386844098,Vikram Kapoor
P000249,Mobile,+91-6498242970,Vikram Singh
P000250,Mobile,+91-8270456214,Arjun Gupta
P000251,Mobile,+91-7555428612,Karan Patel
P000252,Mobile,+91-8191566359,Ishaan Nair
P000253,Mobile,+91-6693098694,Aditi Menon
P000253,Emergency,+91-9480137790,Kavya Singh
P000254,Mobile,+91-7954578147,Neha Iyer
P000255,Mobile,+91-7743336621,Arjun Gupta
P000256,Mobile,+91-9324192060,Aarav Reddy
P000257,Mobile,+91-6105768161,Rahul Singh
P000258,Mobile,+91-6236805356,Aarav Singh
P000258,Emergency,+91-7491377883,Rohan Patel
P000259,Mobile,+91-6395195799,Aarav Das
P000260,Mobile,+91-9165442935,Ananya Nair
P000261,Mobile,+91-6416470193,Rohan Sharma
P000262,Mobile,+91-6833442993,Vikram Joshi
P000262,Emergency,+91-6685208693,Priya Nair
P000263,Mobile,+91-6440263494,Anika Verma
P000264,Mobile,+91-9710493333,Nikhil Patel
P000265,Mobile,+91-8934777550,Ira Nair
P000266,Mobile,+91-9638913183,Aarav Sharma
P000267,Mobile,+91-6147353481,Arjun Rao
P000268,Mobile,+91-6676071363,Neha Nair
P000269,Mobile,+91-7985290476,Ananya Joshi
P000270,Mobile,+91-7566508632,Aarav Verma
P000271,Mobile,+91-8278011622,Aditi Reddy
P000272,Mobile,+91-8888554015,Meera Das
P000273,Mobile,+91-9791102604,Karan Patel
P000273,Emergency,+91-9395378905,Vikram Menon
P000274,Mobile,+91-7558220915,Aditi Kapoor
P000275,Mobile,+91-8748913523,Varun Verma
P000275,Emergency,+91-8246839915,Arjun Gupta
P000276,Mobile,+91-9491393067,Karan Rao
P000277,Mobile,+91-9331641443,Karan Gupta
P000278,Mobile,+91-7198573794,Pooja Nair
P000279,Mobile,+91-9061120787,Sneha Patel
P000280,Mobile,+91-7189179031,Karan Rao
P000281,Mobile,+91-8331422904,Aarav Menon
P000282,Mobile,+91-7570636145,Ishaan Menon
P000282,Emergency,+91-8246653610,Priya Joshi
P000283,Mobile,+91-6072413989,Kavya Joshi
P000284,Mobile,+91-6842002032,Nikhil Sharma
P000285,Mobile,+91-9688978415,Ira Kapoor
P000285,Emergency,+91-8114296173,Nikhil Kapoor
P000286,Mobile,+91-6995243916,Diya Mehta
P000287,Mobile,+91-8025998851,Rohan Nair
P000288,Mobile,+91-8224800165,Neha Mehta
P000289,Mobile,+91-7660768247,Ira Verma
P000290,Mobile,+91-7259499434,Ira Reddy
P000291,Mobile,+91-9080352362,Diya Nair
P000291,Emergency,+91-9688901213,Priya Menon
P000292,Mobile,+91-9992135158,Ananya Sharma
P000293,Mobile,+91-6253806147,Anika Kapoor
P000293,Emergency,+91-6828293192,Sneha Rao
P000294,Mobile,+91-9369080409,Varun Iyer
P000294,Emergency,+91-7701191454,Kavya Gupta
P000295,Mobile,+91-9251995575,Arjun Nair
P000296,Mobile,+91-8118881688,Karan Nair
P000297,Mobile,+91-6996052662,Diya Reddy
P000298,Mobile,+91-7074987257,Arjun Rao
P000298,Emergency,+91-9909975285,Rahul Nair
P000299,Mobile,+91-9933299151,Rahul Menon
P000300,Mobile,+91-6816860000,Sneha Nair
P000301,Mobile,+91-8803132198,Aarav Reddy
P000302,Mobile,+91-9243223349,Nikhil Verma
P000303,Mobile,+91-6603402487,Sneha Joshi
P000304,Mobile,+91-8207552657,Ira Nair
P000305,Mobile,+91-7087975546,Ishaan Gupta
P000305,Emergency,+91-9772581563,Karan Singh
P000306,Mobile,+91-6472668824,Nikhil Gupta
P000307,Mobile,+91-8931541582,Kavya Nair
P000308,Mobile,+91-7426672627,Varun Gupta
P000309,Mobile,+91-9360397156,Ananya Iyer
P000310,Mobile,+91-6367849527,Vikram Verma
P000311,Mobile,+91-8705306361,Ishaan Iyer
P000311,Emergency,+91-7389114467,Meera Verma
P000312,Mobile,+91-8410064167,Kavya Kapoor
P000312,Emergency,+91-6743762585,Priya Patel
P000313,Mobile,+91-9628833600,Anika Rao
P000314,Mobile,+91-9157072806,Aditi Nair
P000315,Mobile,+91-9161045028,Aarav Iyer
P000316,Mobile,+91-9389112715,Neha Rao
P000317,Mobile,+91-8594645780,Rohan Nair
P000318,Mobile,+91-9144550192,Rahul Verma
P000319,Mobile,+91-6534964142,Aditi Rao
P000320,Mobile,+91-6242617664,Vikram Gupta
P000321,Mobile,+91-6152386149,Aarav Mehta
P000322,Mobile,+91-7506416457,Anika Menon
P000322,Emergency,+91-9396945064,Arjun Gupta
P000323,Mobile,+91-8346657213,Neha Rao
P000323,Emergency,+91-8454647667,Aditi Reddy
P000324,Mobile,+91-6229912674,Ananya Das
P000325,Mobile,+91-9456585772,Neha Rao
P000326,Mobile,+91-7841827338,Neha Mehta
P000327,Mobile,+91-6262898025,Aarav Sharma
P000328,Mobile,+91-7427464947,Aarav Sharma
P000329,Mobile,+91-6069847052,Varun Sharma
P000329,Emergency,+91-8414741672,Arjun Kapoor
P000330,Mobile,+91-6561519810,Ira Iyer
P000330,Emergency,+91-7149551702,Kavya Nair
P000331,Mobile,+91-9471985984,Anika Singh
P000332,Mobile,+91-6533794111,Arjun Verma
P000333,Mobile,+91-6096267799,Sneha Nair
P000334,Mobile,+91-8220764947,Pooja Das
P000335,Mobile,+91-9273440301,Nikhil Verma
P000336,Mobile,+91-8611925984,Anika Das
P000337,Mobile,+91-9076266716,Neha Kapoor
P000338,Mobile,+91-7409225616,Ishaan Singh
P000339,Mobile,+91-6147030738,Kavya Reddy
P000339,Emergency,+91-6353925698,Aarav Menon
P000340,Mobile,+91-7539018375,Kavya Kapoor
P000341,Mobile,+91-8191278185,Ishaan Menon
P000342,Mobile,+91-6479278578,Kavya Sharma
P000343,Mobile,+91-7016078449,Priya Das
P000344,Mobile,+91-8131082703,Varun Singh
P000345,Mobile,+91-9980409227,Karan Verma
P000346,Mobile,+91-7804437543,Priya Sharma
P000347,Mobile,+91-7413766215,Vikram Rao
P000348,Mobile,+91-6972671888,Vikram Mehta
P000348,Emergency,+91-9094404630,Ira Sharma
P000349,Mobile,+91-7524907564,Ira Mehta
P000350,Mobile,+91-8242080188,Diya Nair
P000351,Mobile,+91-8888178393,Ananya Iyer
P000352,Mobile,+91-7712843868,Ira Singh
P000353,Mobile,+91-9458367784,Aarav Patel
P000354,Mobile,+91-9968855308,Sneha Iyer
P000355,Mobile,+91-6584803162,Varun Mehta
P000356,Mobile,+91-9464144277,Ananya Menon
P000357,Mobile,+91-6627793862,Kavya Menon
P000357,Emergency,+91-6093697442,Nikhil Rao
P000358,Mobile,+91-9227819711,Neha Kapoor
P000359,Mobile,+91-7223406954,Rohan Das
P000359,Emergency,+91-8301533245,Kavya Kapoor
P000360,Mobile,+91-6823268968,Pooja Kapoor
P000361,Mobile,+91-8030533850,Ishaan Iyer
P000362,Mobile,+91-7982659489,Neha Iyer
P000363,Mobile,+91-6983939550,Nikhil Joshi
P000364,Mobile,+91-8151130282,Kavya Joshi
P000365,Mobile,+91-9854531644,Karan Singh
P000366,Mobile,+91-9210036902,Arjun Nair
P000367,Mobile,+91-8519688795,Neha Singh
P000368,Mobile,+91-7767406461,Rahul Menon
P000368,Emergency,+91-8278080008,Rohan Menon
P000369,Mobile,+91-8181580404,Arjun Das
P000370,Mobile,+91-8713762068,Varun Iyer
P000371,Mobile,+91-9852114333,Rahul Joshi
P000372,Mobile,+91-7160753276,Aarav Iyer
P000373,Mobile,+91-8746012963,Rohan Menon
P000374,Mobile,+91-9314199383,Priya Rao
P000375,Mobile,+91-9824234423,Nikhil Iyer
P000376,Mobile,+91-9036551336,Nikhil Rao
P000377,Mobile,+91-8682582940,Sneha Singh
P000378,Mobile,+91-9851706458,Ishaan Sharma
P000379,Mobile,+91-9104894051,Priya Verma
P000380,Mobile,+91-8734755030,Aditi Gupta
P000381,Mobile,+91-9453844529,Anika Joshi
P000382,Mobile,+91-7858715227,Neha Kapoor
P000383,Mobile,+91-9950744828,Nikhil Mehta
P000384,Mobile,+91-9285234130,Nikhil Mehta
P000385,Mobile,+91-6640120506,Varun Sharma
P000386,Mobile,+91-9483351091,Priya Nair
P000387,Mobile,+91-8418923077,Ira Das
P000388,Mobile,+91-9937384580,Meera Rao
P000388,Emergency,+91-7206841312,Diya Mehta
P000389,Mobile,+91-8641346783,Aarav Patel
P000390,Mobile,+91-7061925475,Aditi Sharma
P000390,Emergency,+91-6742331570,Neha Gupta
P000391,Mobile,+91-7277197678,Priya Joshi
P000392,Mobile,+91-9774687783,Priya Singh
P000393,Mobile,+91-9746699882,Diya Verma
P000394,Mobile,+91-9274568832,Meera Singh
P000395,Mobile,+91-7026793229,Arjun Das
P000396,Mobile,+91-6369838982,Priya Verma
P000397,Mobile,+91-8758793835,Ira Das
P000398,Mobile,+91-8356386426,Varun Patel
P000399,Mobile,+91-9156191908,Arjun Reddy
P000400,Mobile,+91-9379802171,Varun Das
P000401,Mobile,+91-8257179477,Sneha Verma
P000402,Mobile,+91-9760558603,Neha Gupta
P000403,Mobile,+91-8497863982,Meera Verma
P000404,Mobile,+91-9289610874,Neha Patel
P000405,Mobile,+91-8811321766,Aditi Mehta
P000406,Mobile,+91-9803452051,Priya Joshi
P000406,Emergency,+91-6961738207,Aditi Sharma
P000407,Mobile,+91-8302811260,Ishaan Mehta
P000408,Mobile,+91-7801187461,Anika Mehta
P000409,Mobile,+91-9689557615,Anika Verma
P000409,Emergency,+91-8937222405,Ira Mehta
P000410,Mobile,+91-7067787287,Aditi Sharma
P000411,Mobile,+91-7391525309,Ishaan Joshi
P000412,Mobile,+91-6004046982,Aarav Mehta
P000412,Emergency,+91-8141919435,Anika Patel
P000413,Mobile,+91-6519819809,Aarav Verma
P000414,Mobile,+91-8667423689,Anika Mehta
P000415,Mobile,+91-7623737106,Meera Verma
P000416,Mobile,+91-6675515085,Kavya Reddy
P000417,Mobile,+91-7304873577,Neha Joshi
P000418,Mobile,+91-7345099746,Aarav Gupta
P000419,Mobile,+91-7780679793,Diya Kapoor
P000420,Mobile,+91-6177088749,Rohan Verma
P000421,Mobile,+91-8598648693,Vikram Das
P000421,Emergency,+91-9776806080,Rahul Singh
P000422,Mobile,+91-9883002478,Aditi Kapoor
P000423,Mobile,+91-8953652420,Kavya Kapoor
P000424,Mobile,+91-8377795650,Karan Patel
P000425,Mobile,+91-6732443273,Aarav Menon
P000426,Mobile,+91-9123286090,Ira Sharma
P000427,Mobile,+91-9066190727,Priya Singh
P000428,Mobile,+91-6069277824,Anika Patel
P000428,Emergency,+91-6870164545,Rohan Iyer
P000429,Mobile,+91-8711524776,Varun Mehta
P000430,Mobile,+91-6662051797,Meera Sharma
P000431,Mobile,+91-9866865391,Anika Reddy
P000432,Mobile,+91-9292087285,Sneha Verma
P000433,Mobile,+91-8838026782,Rohan Rao
P000433,Emergency,+91-8436437140,Diya Gupta
P000434,Mobile,+91-8903437073,Diya Sharma
P000435,Mobile,+91-6453969673,Arjun Iyer
P000436,Mobile,+91-8545118241,Priya Reddy
P000437,Mobile,+91-8969018773,Anika Das
P000437,Emergency,+91-6281669021,Diya Patel
P000438,Mobile,+91-9991678706,Aarav Mehta
P000439,Mobile,+91-7559534936,Neha Gupta
P000439,Emergency,+91-7325113262,Rohan Reddy
P000440,Mobile,+91-8803313859,Aditi Singh
P000441,Mobile,+91-7628869920,Diya Nair
P000442,Mobile,+91-9912502052,Anika Sharma
P000443,Mobile,+91-9458091110,Anika Iyer
P000444,Mobile,+91-8711398469,Rohan Das
P000445,Mobile,+91-6140399427,Pooja Singh
P000446,Mobile,+91-9473979105,Meera Rao
P000447,Mobile,+91-7382706701,Kavya Rao
P000447,Emergency,+91-8663091383,Neha Joshi
P000448,Mobile,+91-8640223710,Sneha Singh
P000448,Emergency,+91-7166122466,Aditi Iyer
P000449,Mobile,+91-7930612736,Varun Das
P000450,Mobile,+91-7109290176,Vikram Gupta
P000451,Mobile,+91-6689650620,Aarav Verma
P000451,Emergency,+91-9882877585,Varun Reddy
P000452,Mobile,+91-9731759069,Rahul Patel
P000453,Mobile,+91-8578134863,Varun Joshi
P000454,Mobile,+91-9164033901,Vikram Kapoor
P000455,Mobile,+91-8476734086,Karan Menon
P000456,Mobile,+91-9102779487,Vikram Iyer
P000456,Emergency,+91-9985506492,Ira Mehta
P000457,Mobile,+91-8515395762,Rohan Rao
P000458,Mobile,+91-7633667431,Varun Menon
P000459,Mobile,+91-6182094490,Priya Patel
P000460,Mobile,+91-9178242729,Ananya Sharma
P000461,Mobile,+91-9362549075,Anika Reddy
P000462,Mobile,+91-7684340816,Pooja Menon
P000463,Mobile,+91-7005215804,Anika Kapoor
P000464,Mobile,+91-6441169312,Sneha Joshi
P000464,Emergency,+91-6922968111,Vikram Mehta
P000465,Mobile,+91-9346482672,Aditi Verma
P000466,Mobile,+91-9491481325,Aditi Rao
P000467,Mobile,+91-7207560806,Aarav Sharma
P000468,Mobile,+91-9394007133,Aarav Das
P000469,Mobile,+91-6439227007,Nikhil Mehta
P000469,Emergency,+91-7476792367,Arjun Das
P000470,Mobile,+91-8977866494,Vikram Sharma
P000471,Mobile,+91-9881440167,Karan Sharma
P000472,Mobile,+91-7163152599,Meera Mehta
P000473,Mobile,+91-6348802088,Ananya Joshi
P000474,Mobile,+91-7478152522,Varun Mehta
P000475,Mobile,+91-7832522753,Diya Rao
P000476,Mobile,+91-7979620161,Neha Reddy
P000477,Mobile,+91-7530491030,Rahul Joshi
P000478,Mobile,+91-9808114087,Neha Menon
P000479,Mobile,+91-6990275177,Ishaan Reddy
P000479,Emergency,+91-8255263214,Pooja Rao
P000480,Mobile,+91-6179626382,Priya Patel
P000480,Emergency,+91-7764777402,Sneha Gupta
P000481,Mobile,+91-9907296699,Meera Iyer
P000482,Mobile,+91-7518344987,Arjun Rao
P000482,Emergency,+91-7858931721,Nikhil Verma
P000483,Mobile,+91-9775211256,Ira Patel
P000484,Mobile,+91-9306504774,Sneha Joshi
P000485,Mobile,+91-6137721769,Vikram Das
P000486,Mobile,+91-7393718706,Ananya Mehta
P000487,Mobile,+91-6071916621,Nikhil Das
P000488,Mobile,+91-7168002861,Arjun Sharma
P000488,Emergency,+91-7968259805,Pooja Mehta
P000489,Mobile,+91-6691411941,Ishaan Nair
P000490,Mobile,+91-8938663689,Karan Mehta
P000490,Emergency,+91-7636684482,Ananya Menon
P000491,Mobile,+91-6164060441,Ishaan Nair
P000492,Mobile,+91-9352955813,Ananya Singh
P000492,Emergency,+91-7809493243,Karan Kapoor
P000493,Mobile,+91-9411952132,Anika Patel
P000494,Mobile,+91-7020305324,Meera Nair
P000495,Mobile,+91-9207031678,Kavya Patel
P000496,Mobile,+91-7730834253,Karan Patel
P000497,Mobile,+91-9488127201,Neha Menon
P000498,Mobile,+91-6325105881,Ishaan Mehta
P000499,Mobile,+91-7416766177,Sneha Rao
P000500,Mobile,+91-6932907721,Karan Mehta
P000501,Mobile,+91-8401600178,Rahul Patel
P000502,Mobile,+91-8605381070,Ananya Nair
P000503,Mobile,+91-6012389425,Varun Patel
P000504,Mobile,+91-9098740144,Priya Patel
P000505,Mobile,+91-6599235602,Kavya Iyer
P000506,Mobile,+91-8745642934,Diya Gupta
P000507,Mobile,+91-9169351918,Diya Sharma
P000508,Mobile,+91-8519975478,Neha Gupta
P000509,Mobile,+91-7353671390,Priya Nair
P000510,Mobile,+91-8185344507,Diya Menon
P000511,Mobile,+91-8227538757,Varun Singh
P000512,Mobile,+91-8457325356,Ananya Patel
P000513,Mobile,+91-6448850259,Diya Verma
P000514,Mobile,+91-8169500263,Diya Rao
P000515,Mobile,+91-9167855346,Rahul Menon
P000516,Mobile,+91-8985922116,Priya Das
P000517,Mobile,+91-9816510261,Aditi Joshi
P000518,Mobile,+91-7171779135,Vikram Kapoor
P000519,Mobile,+91-7015937131,Aarav Patel
P000519,Emergency,+91-7242004110,Varun Das
P000520,Mobile,+91-6379052426,Neha Menon
P000521,Mobile,+91-6899054509,Neha Patel
P000522,Mobile,+91-6066787490,Ananya Patel
P000523,Mobile,+91-7861294895,Ishaan Sharma
P000524,Mobile,+91-8016395585,Ira Iyer
P000525,Mobile,+91-7417091043,Pooja Rao
P000526,Mobile,+91-9913917921,Neha Das
P000527,Mobile,+91-8810184691,Rohan Rao
P000528,Mobile,+91-8370885510,Diya Patel
P000529,Mobile,+91-6840250478,Ananya Das
P000530,Mobile,+91-8995740561,Meera Das
P000531,Mobile,+91-6248342453,Ishaan Das
P000532,Mobile,+91-6462676510,Priya Verma
P000533,Mobile,+91-6323180166,Nikhil Reddy
P000533,Emergency,+91-9404790042,Priya Iyer
P000534,Mobile,+91-9563526894,Arjun Nair
P000535,Mobile,+91-8001758621,Sneha Singh
P000536,Mobile,+91-9009404631,Karan Kapoor
P000536,Emergency,+91-6405471678,Kavya Joshi
P000537,Mobile,+91-7187440346,Anika Gupta
P000537,Emergency,+91-8635806931,Pooja Singh
P000538,Mobile,+91-6633351694,Anika Menon
P000538,Emergency,+91-9710555093,Meera Joshi
P000539,Mobile,+91-8555194154,Neha Mehta
P000539,Emergency,+91-9080818216,Neha Rao
P000540,Mobile,+91-6205980973,Vikram Nair
P000541,Mobile,+91-8888387137,Pooja Reddy
P000542,Mobile,+91-8075887557,Ananya Kapoor
P000543,Mobile,+91-7617818820,Meera Iyer
P000544,Mobile,+91-7633961008,Ishaan Kapoor
P000544,Emergency,+91-6882408811,Rohan Joshi
P000545,Mobile,+91-6365822196,Pooja Nair
P000546,Mobile,+91-6809494571,Diya Iyer
P000546,Emergency,+91-8222937284,Rohan Mehta
P000547,Mobile,+91-7039878029,Neha Rao
P000548,Mobile,+91-9106581321,Ananya Das
P000548,Emergency,+91-8991988476,Priya Joshi
P000549,Mobile,+91-6049646375,Aarav Joshi
P000550,Mobile,+91-8141890824,Anika Verma
P000551,Mobile,+91-9517481893,Ishaan Menon
P000552,Mobile,+91-9437442293,Diya Nair
P000553,Mobile,+91-7239944880,Karan Das
P000554,Mobile,+91-6974886637,Karan Mehta
P000555,Mobile,+91-9031857202,Karan Kapoor
P000556,Mobile,+91-8115922635,Meera Joshi
P000557,Mobile,+91-6492701741,Varun Rao
P000558,Mobile,+91-7548340521,Ishaan Verma
P000559,Mobile,+91-7793654201,Meera Gupta
P000560,Mobile,+91-9576143737,Meera Das
P000561,Mobile,+91-7488251112,Diya Das
P000562,Mobile,+91-8539159715,Ananya Iyer
P000563,Mobile,+91-6091333943,Ira Iyer
P000564,Mobile,+91-8610992448,Ishaan Gupta
P000564,Emergency,+91-7529650976,Vikram Das
P000565,Mobile,+91-7844224345,Ira Kapoor
P000565,Emergency,+91-6142089456,Diya Verma
P000566,Mobile,+91-6640650212,Meera Patel
P000567,Mobile,+91-9423498694,Pooja Kapoor
P000567,Emergency,+91-6053772787,Anika Nair
P000568,Mobile,+91-9371874930,Ishaan Patel
P000569,Mobile,+91-6962687361,Karan Patel
P000570,Mobile,+91-6155393611,Anika Mehta
P000571,Mobile,+91-7591694515,Priya Iyer
P000572,Mobile,+91-9495758817,Ishaan Reddy
P000573,Mobile,+91-9824469024,Kavya Mehta
P000574,Mobile,+91-9332961982,Neha Singh
P000575,Mobile,+91-9809752056,Nikhil Nair
P000576,Mobile,+91-7994747054,Rahul Rao
P000577,Mobile,+91-8617034328,Karan Iyer
P000578,Mobile,+91-8538474514,Karan Iyer
P000579,Mobile,+91-9023648220,Diya Menon
P000580,Mobile,+91-8151967585,Aarav Rao
P000581,Mobile,+91-8124716120,Diya Sharma
P000582,Mobile,+91-9343537263,Neha Sharma
P000583,Mobile,+91-8173598541,Ishaan Kapoor
P000584,Mobile,+91-7821032872,Arjun Sharma
P000585,Mobile,+91-8086716219,Varun Gupta
P000586,Mobile,+91-9372355526,Varun Patel
P000587,Mobile,+91-9812256007,Ira Gupta
P000588,Mobile,+91-7929318155,Rohan Singh
P000589,Mobile,+91-7352472524,Aarav Reddy
P000590,Mobile,+91-9465751854,Arjun Gupta
P000591,Mobile,+91-7005853671,Nikhil Mehta
P000592,Mobile,+91-8244734501,Vikram Reddy
P000593,Mobile,+91-9950525883,Varun Kapoor
P000594,Mobile,+91-8629577761,Priya Patel
P000595,Mobile,+91-7544189979,Sneha Joshi
P000596,Mobile,+91-9789796330,Varun Patel
P000597,Mobile,+91-6555100772,Karan Joshi
P000598,Mobile,+91-6227468156,Aarav Nair
P000599,Mobile,+91-9480204528,Varun Kapoor
P000599,Emergency,+91-9918352021,Arjun Singh
P000600,Mobile,+91-9199347181,Sneha Rao
P000600,Emergency,+91-7603001943,Rohan Iyer
P000601,Mobile,+91-6122580439,Rahul Iyer
P000601,Emergency,+91-9615918140,Ishaan Mehta
P000602,Mobile,+91-6844467421,Meera Gupta
P000603,Mobile,+91-7022194007,Pooja Joshi
P000603,Emergency,+91-6471784283,Aditi Joshi
P000604,Mobile,+91-6066207078,Aditi Rao
P000604,Emergency,+91-9915242805,Vikram Rao
P000605,Mobile,+91-6612472189,Rahul Rao
P000606,Mobile,+91-6763932827,Ira Rao
P000607,Mobile,+91-9421898888,Arjun Mehta
P000607,Emergency,+91-9914400726,Sneha Kapoor
P000608,Mobile,+91-8749636724,Neha Sharma
P000609,Mobile,+91-6676661879,Aditi Joshi
P000610,Mobile,+91-7745303521,Kavya Das
P000611,Mobile,+91-6706665369,Sneha Gupta
P000611,Emergency,+91-7068763630,Ishaan Reddy
P000612,Mobile,+91-8898477993,Karan Das
P000613,Mobile,+91-8318283611,Ishaan Singh
P000614,Mobile,+91-6500545784,Priya Iyer
P000615,Mobile,+91-8333500356,Varun Nair
P000616,Mobile,+91-9047395078,Neha Patel
P000617,Mobile,+91-7973497726,Aditi Sharma
P000618,Mobile,+91-7918677912,Diya Kapoor
P000619,Mobile,+91-9616293184,Sneha Kapoor
P000620,Mobile,+91-9321096466,Meera Iyer
P000621,Mobile,+91-9052530466,Aarav Mehta
P000622,Mobile,+91-9074449535,Nikhil Kapoor
P000623,Mobile,+91-9357973837,Meera Patel
P000624,Mobile,+91-9997759740,Neha Reddy
P000625,Mobile,+91-7840328621,Arjun Das
P000626,Mobile,+91-9945561067,Diya Reddy
P000627,Mobile,+91-7860284274,Varun Kapoor
P000628,Mobile,+91-6419403740,Anika Reddy
P000629,Mobile,+91-9048152662,Priya Iyer
P000630,Mobile,+91-6328972800,Kavya Gupta
P000631,Mobile,+91-6942069367,Priya Rao
P000632,Mobile,+91-9082125177,Sneha Iyer
P000632,Emergency,+91-7258718229,Ishaan Gupta
P000633,Mobile,+91-7089513930,Aarav Patel
P000634,Mobile,+91-6675850891,Neha Iyer
P000635,Mobile,+91-7017629754,Sneha Mehta
P000636,Mobile,+91-6760938838,Ira Reddy
P000637,Mobile,+91-6023462729,Varun Iyer
P000638,Mobile,+91-7212654444,Kavya Reddy
P000639,Mobile,+91-6911423292,Vikram Kapoor
P000640,Mobile,+91-7763162529,Sneha Rao
P000640,Emergency,+91-7388769317,Pooja Joshi
P000641,Mobile,+91-8578356982,Ananya Gupta
P000642,Mobile,+91-8668668730,Priya Mehta
P000643,Mobile,+91-8864053121,Vikram Mehta
P000644,Mobile,+91-6320637914,Neha Gupta
P000645,Mobile,+91-6403518782,Vikram Gupta
P000646,Mobile,+91-7909694898,Aarav Das
P000647,Mobile,+91-6038342902,Sneha Rao
P000648,Mobile,+91-6685367876,Varun Verma
P000649,Mobile,+91-7305505840,Aditi Iyer
P000650,Mobile,+91-8529273569,Ishaan Rao
P000651,Mobile,+91-8363448153,Nikhil Nair
P000652,Mobile,+91-8311000773,Neha Patel
P000653,Mobile,+91-7831508628,Kavya Patel
P000654,Mobile,+91-7820995768,Sneha Mehta
P000655,Mobile,+91-8633547324,Aditi Menon
P000656,Mobile,+91-6136644964,Vikram Das
P000657,Mobile,+91-7326456401,Sneha Nair
P000657,Emergency,+91-8087176695,Ira Nair
P000658,Mobile,+91-8311755945,Sneha Rao
P000659,Mobile,+91-6553076896,Aarav Sharma
P000660,Mobile,+91-8687779357,Meera Kapoor
P000661,Mobile,+91-7494747460,Rohan Reddy
P000662,Mobile,+91-6208774796,Ira Nair
P000663,Mobile,+91-6306371750,Anika Joshi
P000664,Mobile,+91-7235766075,Rahul Gupta
P000665,Mobile,+91-6035338516,Rohan Iyer
P000666,Mobile,+91-6644368716,Sneha Patel
P000667,Mobile,+91-6210354695,Ishaan Joshi
P000667,Emergency,+91-8406518882,Neha Joshi
P000668,Mobile,+91-7387016198,Varun Das
P000669,Mobile,+91-6077673213,Rahul Patel
P000670,Mobile,+91-8006784273,Arjun Menon
P000671,Mobile,+91-7609512358,Vikram Rao
P000672,Mobile,+91-9137288684,Neha Iyer
P000672,Emergency,+91-9684096912,Ira Singh
P000673,Mobile,+91-6882673279,Ananya Iyer
P000674,Mobile,+91-7667034823,Nikhil Das
P000674,Emergency,+91-7354756311,Kavya Nair
P000675,Mobile,+91-6100486778,Aarav Patel
P000676,Mobile,+91-7929388021,Aarav Verma
P000677,Mobile,+91-7346831873,Arjun Singh
P000678,Mobile,+91-7888042159,Vikram Patel
P000678,Emergency,+91-7875176501,Ira Reddy
P000679,Mobile,+91-6629998747,Priya Iyer
P000680,Mobile,+91-7566285421,Ira Joshi
P000681,Mobile,+91-9423100508,Varun Das
P000682,Mobile,+91-7337406929,Anika Gupta
P000682,Emergency,+91-7247830944,Pooja Gupta
P000683,Mobile,+91-6258495761,Ishaan Gupta
P000684,Mobile,+91-7344908038,Aarav Joshi
P000685,Mobile,+91-7801271762,Priya Gupta
P000686,Mobile,+91-6121956773,Vikram Kapoor
P000687,Mobile,+91-7561352952,Priya Joshi
P000688,Mobile,+91-6178181219,Rohan Patel
P000689,Mobile,+91-9272460416,Rahul Iyer
P000690,Mobile,+91-9169888478,Ira Verma
P000691,Mobile,+91-6517877422,Aarav Singh
P000691,Emergency,+91-9612466224,Sneha Singh
P000692,Mobile,+91-6815756999,Diya Patel
P000693,Mobile,+91-7006663405,Nikhil Rao
P000694,Mobile,+91-7137355466,Nikhil Iyer
P000695,Mobile,+91-6510815487,Aarav Gupta
P000696,Mobile,+91-8711831686,Sneha Mehta
P000697,Mobile,+91-7866793150,Ishaan Kapoor
P000698,Mobile,+91-9559324903,Priya Patel
P000699,Mobile,+91-9025137973,Karan Iyer
P000700,Mobile,+91-7635257310,Neha Iyer
P000701,Mobile,+91-7911106565,Rohan Joshi
P000702,Mobile,+91-6560370514,Kavya Reddy
P000703,Mobile,+91-7715186776,Ishaan Kapoor
P000704,Mobile,+91-7762232007,Vikram Das
P000704,Emergency,+91-7459391890,Rahul Das
P000705,Mobile,+91-9841494052,Arjun Verma
P000706,Mobile,+91-7258912010,Nikhil Kapoor
P000707,Mobile,+91-6885847656,Arjun Sharma
P000708,Mobile,+91-6935275299,Diya Gupta
P000709,Mobile,+91-9492385086,Meera Mehta
P000709,Emergency,+91-8512565703,Pooja Joshi
P000710,Mobile,+91-6066582505,Arjun Joshi
P000711,Mobile,+91-8639854996,Aarav Rao
P000712,Mobile,+91-8980446330,Rohan Das
P000713,Mobile,+91-6257811339,Rahul Patel
P000714,Mobile,+91-9314462861,Vikram Patel
P000715,Mobile,+91-7867298631,Karan Verma
P000716,Mobile,+91-6960774454,Varun Kapoor
P000717,Mobile,+91-9373106686,Nikhil Das
P000717,Emergency,+91-8343697461,Ishaan Mehta
P000718,Mobile,+91-6083425294,Nikhil Verma
P000719,Mobile,+91-6198690427,Ishaan Joshi
P000719,Emergency,+91-6926063097,Anika Iyer
P000720,Mobile,+91-9985076229,Ishaan Gupta
P000721,Mobile,+91-6476830728,Pooja Joshi
P000722,Mobile,+91-9467303461,Nikhil Gupta
P000723,Mobile,+91-7380872743,Ira Menon
P000724,Mobile,+91-8341837012,Nikhil Nair
P000725,Mobile,+91-6111678384,Aarav Reddy
P000726,Mobile,+91-6269145660,Ananya Singh
P000727,Mobile,+91-6832550980,Meera Kapoor
P000728,Mobile,+91-7552436225,Priya Sharma
P000729,Mobile,+91-9445633327,Diya Singh
P000730,Mobile,+91-6600143713,Sneha Iyer
P000731,Mobile,+91-9564900958,Ishaan Menon
P000732,Mobile,+91-7820920981,Karan Joshi
P000733,Mobile,+91-6121974749,Karan Iyer
P000734,Mobile,+91-7781118642,Kavya Menon
P000735,Mobile,+91-6234308761,Ananya Gupta
P000736,Mobile,+91-6540922839,Ishaan Iyer
P000737,Mobile,+91-8457786486,Anika Sharma
P000737,Emergency,+91-7293888555,Ishaan Rao
P000738,Mobile,+91-7167532740,Varun Das
P000739,Mobile,+91-8090197767,Neha Menon
P000740,Mobile,+91-6216290495,Kavya Das
P000741,Mobile,+91-7534649488,Ishaan Verma
P000742,Mobile,+91-8736564657,Rahul Gupta
P000743,Mobile,+91-6515582075,Kavya Nair
P000744,Mobile,+91-7761553571,Nikhil Nair
P000745,Mobile,+91-9099126899,Priya Menon
P000746,Mobile,+91-7795982072,Ishaan Kapoor
P000746,Emergency,+91-9931425955,Pooja Gupta
P000747,Mobile,+91-7740435200,Pooja Rao
P000748,Mobile,+91-8266764892,Pooja Singh
P000749,Mobile,+91-7505479042,Pooja Reddy
P000750,Mobile,+91-6531800327,Arjun Reddy
P000751,Mobile,+91-9749039396,Neha Nair
P000752,Mobile,+91-7520883860,Varun Rao
P000753,Mobile,+91-9545871960,Priya Verma
P000754,Mobile,+91-9748340608,Nikhil Nair
P000755,Mobile,+91-9507470879,Neha Patel
P000755,Emergency,+91-7784879877,Ishaan Patel
P000756,Mobile,+91-6788439868,Aditi Kapoor
P000756,Emergency,+91-6049644770,Rahul Joshi
P000757,Mobile,+91-9271847206,Diya Gupta
P000758,Mobile,+91-7219679345,Diya Das
P000759,Mobile,+91-9115682177,Ananya Sharma
P000760,Mobile,+91-7638884826,Vikram Mehta
P000761,Mobile,+91-8148020441,Ananya Nair
P000762,Mobile,+91-7106535326,Varun Sharma
P000763,Mobile,+91-6738436458,Sneha Sharma
P000764,Mobile,+91-6007553185,Ira Reddy
P000765,Mobile,+91-7755608370,Neha Das
P000765,Emergency,+91-7069463466,Rahul Joshi
P000766,Mobile,+91-8869450567,Aditi Rao
P000766,Emergency,+91-8649553608,Sneha Patel
P000767,Mobile,+91-6005059983,Vikram Mehta
P000768,Mobile,+91-9629053582,Ira Mehta
P000769,Mobile,+91-8144038520,Pooja Joshi
P000770,Mobile,+91-6731845373,Diya Joshi
P000771,Mobile,+91-9311176714,Neha Das
P000772,Mobile,+91-6935461668,Aditi Patel
P000773,Mobile,+91-6817014773,Pooja Mehta
P000774,Mobile,+91-8897659574,Vikram Nair
P000775,Mobile,+91-8798515740,Sneha Mehta
P000775,Emergency,+91-9741096850,Rahul Nair
P000776,Mobile,+91-6536917796,Kavya Joshi
P000777,Mobile,+91-8618482184,Ira Patel
P000778,Mobile,+91-8932356197,Neha Verma
P000779,Mobile,+91-6280156590,Sneha Menon
P000780,Mobile,+91-8304802522,Rohan Das
P000780,Emergency,+91-6338433559,Priya Iyer
P000781,Mobile,+91-7326232437,Aarav Iyer
P000782,Mobile,+91-9928002774,Neha Menon
P000783,Mobile,+91-7099992835,Aarav Nair
P000784,Mobile,+91-8003327294,Vikram Nair
P000785,Mobile,+91-9798775646,Ishaan Sharma
P000786,Mobile,+91-7372720694,Nikhil Sharma
P000787,Mobile,+91-9469037208,Rahul Reddy
P000787,Emergency,+91-6909515724,Priya Joshi
P000788,Mobile,+91-9916363322,Ishaan Patel
P000788,Emergency,+91-9507075575,Aarav Joshi
P000789,Mobile,+91-9413703471,Priya Verma
P000790,Mobile,+91-6384750944,Neha Joshi
P000791,Mobile,+91-8186633673,Sneha Reddy
P000792,Mobile,+91-9832752108,Karan Das
P000793,Mobile,+91-8865282741,Ananya Rao
P000794,Mobile,+91-6342067502,Arjun Patel
P000795,Mobile,+91-6825281212,Rohan Singh
P000796,Mobile,+91-8443724386,Diya Reddy
P000797,Mobile,+91-7514118261,Priya Gupta
P000797,Emergency,+91-9250790025,Ishaan Menon
P000798,Mobile,+91-7221473661,Nikhil Reddy
P000799,Mobile,+91-6410479217,Varun Singh
P000800,Mobile,+91-9819927014,Ananya Rao
P000801,Mobile,+91-9015355285,Priya Verma
P000802,Mobile,+91-9297458577,Arjun Reddy
P000802,Emergency,+91-7198836136,Aarav Patel
P000803,Mobile,+91-8599095063,Pooja Singh
P000804,Mobile,+91-7989903501,Ishaan Sharma
P000805,Mobile,+91-9856799727,Rohan Reddy
P000806,Mobile,+91-9840488711,Ananya Das
P000807,Mobile,+91-7503544705,Rahul Das
P000808,Mobile,+91-9863893697,Kavya Verma
P000809,Mobile,+91-7123723454,Aarav Menon
P000810,Mobile,+91-9974010828,Rahul Singh
P000810,Emergency,+91-8769885658,Karan Singh
P000811,Mobile,+91-9135423018,Pooja Rao
P000812,Mobile,+91-7997105020,Arjun Rao
P000813,Mobile,+91-9094551912,Varun Kapoor
P000813,Emergency,+91-6968284927,Diya Patel
P000814,Mobile,+91-6198009314,Karan Mehta
P000815,Mobile,+91-8624146351,Neha Mehta
P000816,Mobile,+91-9992693216,Meera Menon
P000817,Mobile,+91-7222824773,Arjun Sharma
P000818,Mobile,+91-7663687755,Aarav Das
P000818,Emergency,+91-7222292372,Priya Rao
P000819,Mobile,+91-8763545705,Sneha Das
P000820,Mobile,+91-8732645177,Aditi Iyer
P000821,Mobile,+91-9638215765,Aarav Iyer
P000822,Mobile,+91-9491549796,Priya Singh
P000823,Mobile,+91-7654958279,Ira Patel
P000824,Mobile,+91-7714697155,Vikram Reddy
P000824,Emergency,+91-8371443291,Sneha Menon
P000825,Mobile,+91-6826766563,Pooja Rao
P000826,Mobile,+91-8605350661,Ananya Singh
P000827,Mobile,+91-7509088429,Diya Singh
P000828,Mobile,+91-8838870328,Varun Joshi
P000829,Mobile,+91-9662468062,Nikhil Singh
P000830,Mobile,+91-7221452357,Nikhil Reddy
P000831,Mobile,+91-8404095450,Karan Menon
P000832,Mobile,+91-8877555564,Diya Iyer
P000833,Mobile,+91-6154752687,Sneha Kapoor
P000834,Mobile,+91-8115879755,Meera Menon
P000835,Mobile,+91-8812471574,Karan Singh
P000836,Mobile,+91-8812168337,Pooja Kapoor
P000837,Mobile,+91-7750401051,Ishaan Nair
P000838,Mobile,+91-6298870105,Ananya Verma
P000839,Mobile,+91-6012802010,Vikram Menon
P000839,Emergency,+91-8910363266,Vikram Rao
P000840,Mobile,+91-8416210809,Ira Verma
P000841,Mobile,+91-9175613280,Aditi Gupta
P000842,Mobile,+91-7082824153,Rahul Reddy
P000843,Mobile,+91-6069609392,Aarav Das
P000844,Mobile,+91-6983156116,Kavya Sharma
P000845,Mobile,+91-8180725266,Ananya Iyer
P000845,Emergency,+91-8233404386,Aarav Kapoor
P000846,Mobile,+91-6474325765,Anika Singh
P000847,Mobile,+91-9067425046,Meera Reddy
P000848,Mobile,+91-8660052550,Sneha Iyer
P000849,Mobile,+91-6037711642,Neha Iyer
P000850,Mobile,+91-7749651006,Diya Joshi
P000851,Mobile,+91-6981218094,Nikhil Sharma
P000852,Mobile,+91-7476534805,Ishaan Patel
P000853,Mobile,+91-9794416992,Ananya Gupta
P000854,Mobile,+91-8248146936,Diya Verma
P000855,Mobile,+91-7601528424,Rahul Kapoor
P000856,Mobile,+91-6685855369,Rahul Verma
P000857,Mobile,+91-7143367466,Aarav Joshi
P000858,Mobile,+91-8650142634,Aditi Mehta
P000858,Emergency,+91-9232397421,Aarav Rao
P000859,Mobile,+91-7873813881,Diya Patel
P000860,Mobile,+91-9196256706,Karan Verma
P000861,Mobile,+91-6089202961,Nikhil Rao
P000861,Emergency,+91-6844196911,Rahul Gupta
P000862,Mobile,+91-8728906478,Ananya Reddy
P000863,Mobile,+91-6977242086,Karan Kapoor
P000864,Mobile,+91-7058882620,Varun Nair
P000865,Mobile,+91-9271567028,Nikhil Nair
P000866,Mobile,+91-6872477558,Ishaan Patel
P000867,Mobile,+91-6424779850,Diya Mehta
P000868,Mobile,+91-7582560766,Rahul Rao
P000868,Emergency,+91-7099582956,Neha Singh
P000869,Mobile,+91-6253739879,Ananya Gupta
P000870,Mobile,+91-6481021429,Nikhil Sharma
P000871,Mobile,+91-6207428562,Rahul Nair
P000871,Emergency,+91-9182292297,Vikram Iyer
P000872,Mobile,+91-8998214447,Ishaan Mehta
P000873,Mobile,+91-7777660452,Sneha Sharma
P000874,Mobile,+91-6211608155,Karan Gupta
P000875,Mobile,+91-7034321729,Rahul Joshi
P000876,Mobile,+91-6683011737,Nikhil Mehta
P000877,Mobile,+91-6010992894,Meera Reddy
P000878,Mobile,+91-9364285296,Sneha Menon
P000878,Emergency,+91-7307125126,Neha Kapoor
P000879,Mobile,+91-7815952893,Kavya Das
P000879,Emergency,+91-7004244768,Aditi Patel
P000880,Mobile,+91-9461455671,Ira Iyer
P000880,Emergency,+91-9780399931,Rohan Das
P000881,Mobile,+91-7807270616,Varun Das
P000882,Mobile,+91-7633464669,Ananya Singh
P000883,Mobile,+91-6015389209,Karan Joshi
P000884,Mobile,+91-6888451253,Ananya Sharma
P000885,Mobile,+91-8288083906,Diya Iyer
P000885,Emergency,+91-9150280530,Rahul Joshi
P000886,Mobile,+91-7011313654,Priya Iyer
P000886,Emergency,+91-8154620806,Priya Nair
P000887,Mobile,+91-8210154920,Ishaan Verma
P000888,Mobile,+91-6277986141,Rahul Kapoor
P000889,Mobile,+91-9628645779,Diya Sharma
P000889,Emergency,+91-8125494142,Ishaan Verma
P000890,Mobile,+91-6881326612,Pooja Nair
P000891,Mobile,+91-6655014795,Meera Gupta
P000891,Emergency,+91-9180898763,Varun Patel
P000892,Mobile,+91-8021388435,Varun Reddy
P000893,Mobile,+91-9576095084,Aarav Singh
P000894,Mobile,+91-8247170037,Kavya Patel
P000895,Mobile,+91-6607998025,Rohan Das
P000896,Mobile,+91-7897148487,Varun Patel
P000897,Mobile,+91-6503260095,Aarav Gupta
P000898,Mobile,+91-7942426184,Nikhil Kapoor
P000899,Mobile,+91-6896884639,Ananya Joshi
P000900,Mobile,+91-9123279458,Ishaan Reddy
P000901,Mobile,+91-6850802907,Arjun Singh
P000902,Mobile,+91-7578187013,Nikhil Mehta
P000903,Mobile,+91-9877694195,Nikhil Joshi
P000904,Mobile,+91-6469743740,Vikram Rao
P000905,Mobile,+91-7870149934,Karan Reddy
P000905,Emergency,+91-7429333205,Sneha Mehta
P000906,Mobile,+91-7274892615,Diya Das
P000907,Mobile,+91-8916388943,Rahul Patel
P000907,Emergency,+91-8551942474,Vikram Joshi
P000908,Mobile,+91-6982850656,Karan Sharma
P000909,Mobile,+91-9389471776,Diya Gupta
P000910,Mobile,+91-6443044779,Rohan Mehta
P000911,Mobile,+91-6371948419,Nikhil Nair
P000912,Mobile,+91-6369889811,Diya Verma
P000913,Mobile,+91-7072606645,Nikhil Singh
P000913,Emergency,+91-8195924223,Ishaan Iyer
P000914,Mobile,+91-6803021314,Ishaan Gupta
P000914,Emergency,+91-8863172119,Rohan Singh
P000915,Mobile,+91-6262803490,Neha Das
P000916,Mobile,+91-7700161572,Meera Kapoor
P000917,Mobile,+91-6011649120,Aditi Joshi
P000917,Emergency,+91-9336376563,Varun Gupta
P000918,Mobile,+91-7406281902,Kavya Verma
P000918,Emergency,+91-8469535471,Karan Menon
P000919,Mobile,+91-8371371878,Ishaan Gupta
P000920,Mobile,+91-9235960784,Rohan Verma
P000920,Emergency,+91-9540727827,Kavya Joshi
P000921,Mobile,+91-6284001992,Sneha Singh
P000922,Mobile,+91-9383775462,Ira Joshi
P000922,Emergency,+91-7589989991,Vikram Singh
P000923,Mobile,+91-9685193909,Diya Rao
P000923,Emergency,+91-9552030079,Ishaan Mehta
P000924,Mobile,+91-9026138450,Kavya Verma
P000925,Mobile,+91-7642279472,Nikhil Patel
P000926,Mobile,+91-8358793242,Priya Iyer
P000927,Mobile,+91-7362096563,Aditi Patel
P000928,Mobile,+91-9825720657,Aarav Gupta
P000929,Mobile,+91-9747573656,Karan Reddy
P000930,Mobile,+91-9253921635,Ishaan Gupta
P000931,Mobile,+91-6550879629,Arjun Sharma
P000932,Mobile,+91-6870456589,Rahul Menon
P000933,Mobile,+91-9813504681,Varun Das
P000933,Emergency,+91-6071977024,Priya Singh
P000934,Mobile,+91-6093752952,Arjun Sharma
P000935,Mobile,+91-7714499183,Rohan Verma
P000936,Mobile,+91-8317711579,Vikram Sharma
P000937,Mobile,+91-8588075397,Arjun Verma
P000938,Mobile,+91-6883954612,Rohan Singh
P000938,Emergency,+91-9646408052,Meera Nair
P000939,Mobile,+91-7916990190,Meera Nair
P000940,Mobile,+91-8051022316,Varun Joshi
P000941,Mobile,+91-9174488383,Aarav Iyer
P000942,Mobile,+91-9398729279,Ishaan Verma
P000942,Emergency,+91-8883558301,Vikram Joshi
P000943,Mobile,+91-9069908683,Ishaan Joshi
P000944,Mobile,+91-8764982625,Nikhil Gupta
P000944,Emergency,+91-9217766287,Karan Reddy
P000945,Mobile,+91-8923738194,Ishaan Patel
P000946,Mobile,+91-6488262646,Anika Gupta
P000947,Mobile,+91-7850905115,Aditi Menon
P000947,Emergency,+91-6397915127,Ishaan Iyer
P000948,Mobile,+91-8105530371,Rohan Verma
P000949,Mobile,+91-9584277897,Rohan Verma
P000950,Mobile,+91-8054270763,Karan Patel
P000951,Mobile,+91-6647516508,Neha Gupta
P000952,Mobile,+91-8901957628,Kavya Mehta
P000953,Mobile,+91-7570457510,Varun Sharma
P000954,Mobile,+91-9285297982,Diya Sharma
P000955,Mobile,+91-9735907261,Priya Das
P000956,Mobile,+91-8132032053,Aditi Verma
P000957,Mobile,+91-7542554757,Anika Sharma
P000958,Mobile,+91-6530085804,Rohan Nair
P000959,Mobile,+91-6281874857,Anika Iyer
P000959,Emergency,+91-6208263021,Vikram Rao
P000960,Mobile,+91-6993587538,Aarav Joshi
P000961,Mobile,+91-7600273436,Ishaan Verma
P000961,Emergency,+91-6495918286,Vikram Gupta
P000962,Mobile,+91-6599118129,Ishaan Rao
P000963,Mobile,+91-7344872100,Varun Patel
P000963,Emergency,+91-6780642514,Ira Verma
P000964,Mobile,+91-9255293614,Aarav Das
P000965,Mobile,+91-7832109680,Neha Rao
P000966,Mobile,+91-8755038245,Aarav Iyer
P000967,Mobile,+91-8029303297,Karan Gupta
P000968,Mobile,+91-9043035302,Pooja Nair
P000969,Mobile,+91-7254927936,Nikhil Das
P000970,Mobile,+91-8038601470,Diya Verma
P000971,Mobile,+91-8643390425,Rohan Reddy
P000972,Mobile,+91-6447138632,Ananya Iyer
P000973,Mobile,+91-8337069551,Aarav Das
P000974,Mobile,+91-8461180367,Kavya Sharma
P000975,Mobile,+91-8565946133,Nikhil Verma
P000976,Mobile,+91-9381478533,Rohan Singh
P000977,Mobile,+91-7903427666,Priya Patel
P000978,Mobile,+91-6824779193,Nikhil Patel
P000979,Mobile,+91-9787136082,Rohan Nair
P000980,Mobile,+91-8574629594,Diya Nair
P000981,Mobile,+91-7605772141,Diya Das
P000982,Mobile,+91-6931070350,Sneha Gupta
P000983,Mobile,+91-7751568404,Anika Das
P000984,Mobile,+91-9831234416,Meera Das
P000985,Mobile,+91-9536230387,Anika Gupta
P000985,Emergency,+91-9707139256,Neha Iyer
P000986,Mobile,+91-7372041210,Karan Verma
P000986,Emergency,+91-7451406324,Sneha Menon
P000987,Mobile,+91-8766120651,Ananya Iyer
P000988,Mobile,+91-9645584294,Rohan Mehta
P000989,Mobile,+91-7425490667,Ishaan Rao
P000990,Mobile,+91-7713629544,Vikram Singh
P000991,Mobile,+91-8995638939,Nikhil Sharma
P000992,Mobile,+91-8470984896,Aditi Sharma
P000992,Emergency,+91-6183883332,Sneha Mehta
P000993,Mobile,+91-9964275782,Ira Iyer
P000994,Mobile,+91-6568510046,Meera Patel
P000995,Mobile,+91-8590894996,Ira Nair
P000996,Mobile,+91-7305633231,Aditi Das
P000997,Mobile,+91-6610884624,Aarav Iyer
P000998,Mobile,+91-7670704095,Aarav Joshi
P000999,Mobile,+91-6516025667,Varun Das
P001000,Mobile,+91-9646158334,Pooja Das
P001001,Mobile,+91-9324805464,Kavya Iyer
P001002,Mobile,+91-8955501783,Aarav Reddy
P001003,Mobile,+91-6594427484,Pooja Sharma
P001003,Emergency,+91-9503387070,Arjun Rao
P001004,Mobile,+91-9774274485,Neha Kapoor
P001005,Mobile,+91-8186281577,Pooja Gupta
P001006,Mobile,+91-6150853693,Anika Verma
P001007,Mobile,+91-7797636853,Nikhil Gupta
P001008,Mobile,+91-6527980280,Diya Gupta
P001009,Mobile,+91-7362454559,Sneha Nair
P001010,Mobile,+91-6959619154,Ishaan Joshi
P001011,Mobile,+91-9266144777,Nikhil Sharma
P001012,Mobile,+91-8655885682,Ishaan Verma
P001012,Emergency,+91-9288081253,Karan Verma
P001013,Mobile,+91-8816291335,Ishaan Mehta
P001014,Mobile,+91-6406561292,Aditi Mehta
P001015,Mobile,+91-8774476600,Pooja Iyer
P001016,Mobile,+91-7294341835,Neha Verma
P001017,Mobile,+91-9418328236,Sneha Reddy
P001018,Mobile,+91-9922297707,Pooja Verma
P001019,Mobile,+91-9723217780,Arjun Joshi
P001020,Mobile,+91-8074128008,Kavya Sharma
P001021,Mobile,+91-6859968533,Nikhil Nair
P001022,Mobile,+91-8969573199,Vikram Kapoor
P001023,Mobile,+91-8459382273,Anika Mehta
P001024,Mobile,+91-9801406457,Rahul Singh
P001025,Mobile,+91-6679529586,Meera Verma
P001026,Mobile,+91-7107002934,Aarav Sharma
P001027,Mobile,+91-8530185638,Priya Patel
P001028,Mobile,+91-9996961821,Aditi Gupta
P001028,Emergency,+91-8781611039,Anika Patel
P001029,Mobile,+91-9390620960,Priya Menon
P001030,Mobile,+91-8642742566,Anika Sharma
P001031,Mobile,+91-9874792238,Pooja Iyer
P001031,Emergency,+91-7843739192,Karan Reddy
P001032,Mobile,+91-6365277696,Meera Reddy
P001033,Mobile,+91-9628991569,Neha Nair
P001034,Mobile,+91-6388860536,Ira Das
P001035,Mobile,+91-9030392437,Rahul Rao
P001035,Emergency,+91-8210093487,Varun Das
P001036,Mobile,+91-7882767740,Meera Verma
P001036,Emergency,+91-7925210336,Meera Mehta
P001037,Mobile,+91-6382955840,Anika Das
P001038,Mobile,+91-9918629992,Kavya Reddy
P001039,Mobile,+91-8925202403,Rohan Nair
P001040,Mobile,+91-7762586474,Ananya Reddy
P001041,Mobile,+91-6673454474,Meera Singh
P001042,Mobile,+91-9332197625,Karan Nair
P001043,Mobile,+91-7130621337,Ishaan Mehta
P001044,Mobile,+91-7616750433,Ishaan Reddy
P001044,Emergency,+91-7026701952,Priya Nair
P001045,Mobile,+91-7711405543,Diya Mehta
P001046,Mobile,+91-6432902410,Ananya Singh
P001047,Mobile,+91-7293140268,Pooja Verma
P001048,Mobile,+91-6380210959,Aarav Iyer
P001049,Mobile,+91-9315323855,Ira Iyer
P001050,Mobile,+91-7045534877,Arjun Gupta
P001051,Mobile,+91-6791858062,Aditi Patel
P001052,Mobile,+91-6676670381,Varun Joshi
P001053,Mobile,+91-7298123317,Sneha Sharma
P001054,Mobile,+91-6330334911,Neha Gupta
P001055,Mobile,+91-8691025155,Diya Sharma
P001056,Mobile,+91-9747789485,Sneha Menon
P001057,Mobile,+91-9630827613,Rahul Kapoor
P001058,Mobile,+91-9007010825,Vikram Mehta
P001059,Mobile,+91-9376431195,Pooja Singh
P001060,Mobile,+91-8874442049,Vikram Gupta
P001061,Mobile,+91-7510874346,Ira Das
P001061,Emergency,+91-8511698549,Priya Verma
P001062,Mobile,+91-7802481299,Aarav Iyer
P001063,Mobile,+91-7493594210,Sneha Iyer
P001064,Mobile,+91-7704520467,Ishaan Das
P001064,Emergency,+91-8135264987,Priya Sharma
P001065,Mobile,+91-8753968634,Nikhil Singh
P001066,Mobile,+91-9744172625,Aditi Patel
P001067,Mobile,+91-6611451714,Karan Das
P001068,Mobile,+91-7208595541,Meera Joshi
P001069,Mobile,+91-8846665775,Rahul Patel
P001070,Mobile,+91-8591763841,Anika Iyer
P001071,Mobile,+91-7528358971,Karan Nair
P001072,Mobile,+91-8233316312,Diya Patel
P001073,Mobile,+91-7403407651,Aarav Rao
P001074,Mobile,+91-7266111574,Neha Nair
P001075,Mobile,+91-6221412547,Sneha Nair
P001076,Mobile,+91-9188076289,Vikram Verma
P001077,Mobile,+91-6858222828,Neha Das
P001078,Mobile,+91-8208141907,Varun Singh
P001078,Emergency,+91-6545027367,Priya Verma
P001079,Mobile,+91-9230168198,Meera Reddy
P001080,Mobile,+91-8940540073,Nikhil Reddy
P001081,Mobile,+91-8509155810,Anika Verma
P001082,Mobile,+91-8959681248,Nikhil Verma
P001083,Mobile,+91-9321313600,Diya Verma
P001084,Mobile,+91-7247898434,Diya Rao
P001084,Emergency,+91-6488705960,Ira Patel
P001085,Mobile,+91-8148241442,Kavya Singh
P001086,Mobile,+91-6120903069,Diya Mehta
P001087,Mobile,+91-9325994552,Karan Reddy
P001088,Mobile,+91-9180920721,Ananya Mehta
P001089,Mobile,+91-9352450369,Aditi Reddy
P001090,Mobile,+91-7993712687,Varun Rao
P001091,Mobile,+91-9721216830,Rahul Verma
P001092,Mobile,+91-6984286093,Sneha Mehta
P001093,Mobile,+91-6218986555,Karan Nair
P001094,Mobile,+91-8987361869,Kavya Sharma
P001095,Mobile,+91-7852558227,Anika Iyer
P001095,Emergency,+91-6791062222,Vikram Iyer
P001096,Mobile,+91-7308035132,Rohan Gupta
P001097,Mobile,+91-9987579007,Varun Kapoor
P001098,Mobile,+91-6986841823,Diya Menon
P001099,Mobile,+91-9561712964,Ananya Verma
P001100,Mobile,+91-9254636614,Nikhil Joshi
P001101,Mobile,+91-8727413276,Nikhil Patel
P001102,Mobile,+91-9859318835,Neha Kapoor
P001103,Mobile,+91-9186932886,Priya Das
P001104,Mobile,+91-6705931022,Varun Joshi
P001105,Mobile,+91-6351332641,Rohan Reddy
P001105,Emergency,+91-9636969778,Ananya Iyer
P001106,Mobile,+91-7226412033,Ananya Gupta
P001107,Mobile,+91-9896607797,Ishaan Das
P001107,Emergency,+91-9177818131,Aditi Joshi
P001108,Mobile,+91-8939718134,Neha Rao
P001109,Mobile,+91-9212558100,Aditi Rao
P001110,Mobile,+91-7292430620,Nikhil Nair
P001111,Mobile,+91-6372360156,Priya Das
P001112,Mobile,+91-6797084957,Ishaan Sharma
P001113,Mobile,+91-6844858937,Arjun Mehta
P001114,Mobile,+91-6321439729,Kavya Sharma
P001115,Mobile,+91-8199905979,Vikram Gupta
P001116,Mobile,+91-8481590909,Varun Mehta
P001116,Emergency,+91-8775971784,Anika Joshi
P001117,Mobile,+91-7698229726,Pooja Sharma
P001118,Mobile,+91-6555626932,Kavya Joshi
P001119,Mobile,+91-7429635428,Aditi Iyer
P001120,Mobile,+91-8081756576,Kavya Menon
P001121,Mobile,+91-8598731735,Arjun Joshi
P001121,Emergency,+91-6830899585,Ananya Mehta
P001122,Mobile,+91-8676301823,Arjun Gupta
P001123,Mobile,+91-8429754346,Nikhil Sharma
P001124,Mobile,+91-8678171378,Rahul Patel
P001125,Mobile,+91-8314025941,Priya Verma
P001126,Mobile,+91-7779208768,Sneha Das
P001127,Mobile,+91-9838438876,Anika Iyer
P001128,Mobile,+91-6535571008,Vikram Sharma
P001129,Mobile,+91-6843736470,Ishaan Iyer
P001129,Emergency,+91-8276520648,Aarav Iyer
P001130,Mobile,+91-7329849767,Kavya Mehta
P001130,Emergency,+91-9917576278,Nikhil Gupta
P001131,Mobile,+91-9290930454,Ishaan Verma
P001132,Mobile,+91-8948720366,Priya Kapoor
P001133,Mobile,+91-8981549126,Karan Mehta
P001134,Mobile,+91-7538065604,Arjun Verma
P001135,Mobile,+91-8470007763,Anika Verma
P001136,Mobile,+91-6163027592,Ishaan Singh
P001136,Emergency,+91-7072936178,Sneha Sharma
P001137,Mobile,+91-9916586678,Kavya Kapoor
P001138,Mobile,+91-6194300370,Pooja Menon
P001138,Emergency,+91-9774958310,Ira Joshi
P001139,Mobile,+91-8692437589,Nikhil Iyer
P001140,Mobile,+91-9337886539,Priya Mehta
P001141,Mobile,+91-6221864835,Karan Menon
P001141,Emergency,+91-8646320888,Ira Kapoor
P001142,Mobile,+91-9558896949,Rahul Das
P001143,Mobile,+91-8197088493,Rahul Kapoor
P001144,Mobile,+91-7247574497,Ishaan Menon
P001144,Emergency,+91-7025179226,Rahul Patel
P001145,Mobile,+91-8914254842,Anika Patel
P001146,Mobile,+91-8719226316,Varun Das
P001147,Mobile,+91-6742110839,Rahul Rao
P001148,Mobile,+91-9538201787,Varun Mehta
P001149,Mobile,+91-8435533268,Pooja Sharma
P001149,Emergency,+91-8135349912,Varun Iyer
P001150,Mobile,+91-8169126259,Meera Joshi
P001151,Mobile,+91-8285977655,Sneha Verma
P001152,Mobile,+91-8753631488,Aditi Gupta
P001153,Mobile,+91-9052383939,Anika Mehta
P001153,Emergency,+91-9319259861,Ananya Menon
P001154,Mobile,+91-8673780316,Diya Rao
P001155,Mobile,+91-7787925065,Kavya Nair
P001155,Emergency,+91-8705972363,Aarav Mehta
P001156,Mobile,+91-9506615799,Ira Mehta
P001157,Mobile,+91-8456417525,Vikram Reddy
P001158,Mobile,+91-7153554078,Ananya Das
P001159,Mobile,+91-8929197397,Priya Patel
P001160,Mobile,+91-7367021716,Arjun Iyer
P001161,Mobile,+91-7761009070,Priya Mehta
P001162,Mobile,+91-8496752396,Priya Nair
P001163,Mobile,+91-9246712986,Aditi Reddy
P001164,Mobile,+91-6665949309,Sneha Menon
P001165,Mobile,+91-6755215865,Vikram Patel
P001165,Emergency,+91-9958662646,Kavya Joshi
P001166,Mobile,+91-6546217734,Karan Das
P001167,Mobile,+91-6558723360,Aditi Sharma
P001168,Mobile,+91-9596698259,Rahul Iyer
P001169,Mobile,+91-9865817955,Aarav Reddy
P001169,Emergency,+91-6685752609,Ananya Joshi
P001170,Mobile,+91-6708126273,Ishaan Rao
P001171,Mobile,+91-7578352394,Sneha Joshi
P001172,Mobile,+91-9521600463,Ishaan Menon
P001173,Mobile,+91-6622939294,Ananya Rao
P001173,Emergency,+91-8602098787,Aditi Patel
P001174,Mobile,+91-7680370370,Ananya Nair
P001174,Emergency,+91-8455748328,Priya Das
P001175,Mobile,+91-9594625059,Neha Menon
P001176,Mobile,+91-9364017705,Kavya Singh
P001177,Mobile,+91-8481074332,Kavya Verma
P001177,Emergency,+91-9056214508,Nikhil Singh
P001178,Mobile,+91-7858286643,Arjun Kapoor
P001179,Mobile,+91-6215579754,Kavya Iyer
P001180,Mobile,+91-8588911725,Neha Gupta
P001181,Mobile,+91-9367184280,Ananya Nair
P001182,Mobile,+91-9331457638,Anika Verma
P001182,Emergency,+91-9748327200,Rahul Mehta
P001183,Mobile,+91-9494683280,Priya Das
P001184,Mobile,+91-9148585853,Nikhil Rao
P001184,Emergency,+91-8548356962,Varun Iyer
P001185,Mobile,+91-9967979722,Meera Iyer
P001186,Mobile,+91-6369991792,Neha Sharma
P001187,Mobile,+91-7960335664,Kavya Reddy
P001188,Mobile,+91-6217745186,Aarav Patel
P001189,Mobile,+91-8974591599,Priya Mehta
P001189,Emergency,+91-8094872939,Meera Sharma
P001190,Mobile,+91-6206560364,Neha Das
P001191,Mobile,+91-6785178374,Karan Reddy
P001192,Mobile,+91-6359805005,Pooja Kapoor
P001193,Mobile,+91-9264786302,Ananya Sharma
P001194,Mobile,+91-7283340488,Vikram Iyer
P001195,Mobile,+91-9456386494,Karan Menon
P001196,Mobile,+91-6475010515,Vikram Joshi
P001197,Mobile,+91-7648315771,Neha Nair
P001198,Mobile,+91-7353025143,Diya Rao
P001199,Mobile,+91-6615841302,Priya Nair
P001200,Mobile,+91-9831259157,Ira Nair
P001200,Emergency,+91-7532548542,Vikram Verma
P001201,Mobile,+91-9230698010,Vikram Singh
P001202,Mobile,+91-6908658465,Priya Singh
P001203,Mobile,+91-6202708618,Neha Menon
P001204,Mobile,+91-6133794211,Pooja Rao
P001205,Mobile,+91-6997143186,Ananya Nair
P001206,Mobile,+91-7637178910,Kavya Patel
P001207,Mobile,+91-9214652258,Arjun Das
P001208,Mobile,+91-8476263764,Rohan Sharma
P001208,Emergency,+91-9351424272,Arjun Reddy
P001209,Mobile,+91-9606418995,Nikhil Nair
P001210,Mobile,+91-8295594344,Varun Rao
P001211,Mobile,+91-8394816916,Varun Singh
P001212,Mobile,+91-8726264805,Rahul Joshi
P001213,Mobile,+91-9018710340,Rahul Verma
P001214,Mobile,+91-6096377456,Kavya Menon
P001215,Mobile,+91-7640329950,Aditi Joshi
P001216,Mobile,+91-6626773129,Priya Iyer
P001217,Mobile,+91-6787506612,Kavya Menon
P001218,Mobile,+91-9064740896,Nikhil Gupta
P001219,Mobile,+91-9001401926,Vikram Menon
P001220,Mobile,+91-7914376971,Vikram Mehta
P001221,Mobile,+91-7994911682,Ananya Nair
P001221,Emergency,+91-7850298405,Diya Das
P001222,Mobile,+91-8863177492,Kavya Gupta
P001222,Emergency,+91-7871128536,Priya Reddy
P001223,Mobile,+91-6797065354,Ishaan Nair
P001224,Mobile,+91-8105024955,Arjun Menon
P001225,Mobile,+91-8591980662,Diya Patel
P001226,Mobile,+91-7302628046,Pooja Menon
P001226,Emergency,+91-6476648397,Anika Nair
P001227,Mobile,+91-8895224015,Nikhil Iyer
P001228,Mobile,+91-8546483600,Anika Kapoor
P001228,Emergency,+91-8775148067,Arjun Rao
P001229,Mobile,+91-7920527616,Karan Nair
P001230,Mobile,+91-6033121270,Rahul Joshi
P001230,Emergency,+91-9435019604,Arjun Verma
P001231,Mobile,+91-6324696026,Ira Rao
P001232,Mobile,+91-8884542543,Ira Verma
P001233,Mobile,+91-8281981548,Varun Mehta
P001233,Emergency,+91-7594440199,Ishaan Kapoor
P001234,Mobile,+91-7607682516,Ishaan Joshi
P001234,Emergency,+91-9927905890,Anika Reddy
P001235,Mobile,+91-7578625227,Nikhil Kapoor
P001236,Mobile,+91-8269430344,Rahul Sharma
P001237,Mobile,+91-6647570636,Ira Verma
P001237,Emergency,+91-8684932941,Rahul Reddy
P001238,Mobile,+91-8899243192,Sneha Singh
P001239,Mobile,+91-8449205078,Diya Sharma
P001240,Mobile,+91-8734879847,Karan Singh
P001241,Mobile,+91-7743671934,Nikhil Gupta
P001242,Mobile,+91-7869985720,Diya Joshi
P001243,Mobile,+91-9492038000,Aditi Sharma
P001244,Mobile,+91-7076237140,Anika Das
P001245,Mobile,+91-7647272817,Aarav Mehta
P001246,Mobile,+91-7285802227,Varun Rao
P001247,Mobile,+91-8795006052,Neha Verma
P001247,Emergency,+91-8489264018,Diya Reddy
P001248,Mobile,+91-8302982947,Rohan Nair
P001249,Mobile,+91-6576126194,Meera Mehta
P001250,Mobile,+91-7654672561,Ananya Verma
P001251,Mobile,+91-7380069238,Aarav Kapoor
P001251,Emergency,+91-8305306232,Nikhil Verma
P001252,Mobile,+91-7212442926,Neha Joshi
P001253,Mobile,+91-8128870443,Ananya Gupta
P001253,Emergency,+91-7732518857,Anika Sharma
P001254,Mobile,+91-8600249987,Nikhil Mehta
P001255,Mobile,+91-8744287276,Aditi Patel
P001256,Mobile,+91-9796314679,Diya Gupta
P001257,Mobile,+91-8767196561,Neha Sharma
P001258,Mobile,+91-8853165060,Aarav Rao
P001259,Mobile,+91-8446962221,Aditi Menon
P001260,Mobile,+91-8621486213,Diya Gupta
P001260,Emergency,+91-9165107979,Kavya Gupta
P001261,Mobile,+91-8057703324,Aditi Sharma
P001262,Mobile,+91-8687705039,Meera Das
P001263,Mobile,+91-8517706139,Ananya Sharma
P001264,Mobile,+91-7645659583,Varun Reddy
P001265,Mobile,+91-9091371020,Anika Rao
P001266,Mobile,+91-9355113958,Meera Menon
P001267,Mobile,+91-7917130286,Priya Das
P001268,Mobile,+91-9850147873,Arjun Mehta
P001269,Mobile,+91-8729560995,Arjun Das
P001270,Mobile,+91-7975174573,Arjun Iyer
P001271,Mobile,+91-8626711251,Vikram Rao
P001272,Mobile,+91-9952477094,Ananya Gupta
P001273,Mobile,+91-9955591974,Nikhil Nair
P001274,Mobile,+91-9928742287,Ira Verma
P001275,Mobile,+91-9376330054,Vikram Joshi
P001276,Mobile,+91-8604603512,Pooja Rao
P001277,Mobile,+91-6457424794,Meera Reddy
P001277,Emergency,+91-9493088301,Ananya Kapoor
P001278,Mobile,+91-9617088431,Karan Joshi
P001279,Mobile,+91-6976996474,Diya Verma
P001280,Mobile,+91-8043374456,Ira Gupta
P001281,Mobile,+91-8253466569,Anika Kapoor
P001282,Mobile,+91-9415021567,Diya Iyer
P001283,Mobile,+91-8152229472,Varun Menon
P001284,Mobile,+91-6190156888,Varun Kapoor
P001285,Mobile,+91-9529760521,Rohan Reddy
P001286,Mobile,+91-7807759227,Priya Reddy
P001287,Mobile,+91-7025702515,Aditi Sharma
P001288,Mobile,+91-9027784592,Ananya Rao
P001288,Emergency,+91-8211613259,Aditi Nair
P001289,Mobile,+91-9125443656,Sneha Das
P001289,Emergency,+91-9301664651,Nikhil Iyer
P001290,Mobile,+91-8098474667,Pooja Singh
P001291,Mobile,+91-8001355921,Ishaan Das
P001291,Emergency,+91-6242501664,Priya Das
P001292,Mobile,+91-7999252834,Pooja Iyer
P001292,Emergency,+91-6443625255,Diya Nair
P001293,Mobile,+91-7408520504,Ananya Verma
P001294,Mobile,+91-6406295208,Meera Iyer
P001295,Mobile,+91-8913580490,Sneha Gupta
P001295,Emergency,+91-6688778063,Rahul Nair
P001296,Mobile,+91-9272590481,Aarav Das
P001296,Emergency,+91-7792464248,Ananya Mehta
P001297,Mobile,+91-8454633856,Priya Patel
P001298,Mobile,+91-6336860306,Aditi Joshi
P001299,Mobile,+91-7040208382,Ananya Mehta
P001299,Emergency,+91-6609124413,Sneha Patel
P001300,Mobile,+91-6366445841,Vikram Nair
P001301,Mobile,+91-8525467422,Ira Patel
P001302,Mobile,+91-7657115989,Aditi Nair
P001302,Emergency,+91-6377254718,Anika Menon
P001303,Mobile,+91-9540576430,Ananya Iyer
P001303,Emergency,+91-7302619885,Karan Iyer
P001304,Mobile,+91-7430329353,Rahul Singh
P001305,Mobile,+91-9581298531,Aditi Das
P001306,Mobile,+91-9510279068,Ananya Reddy
P001307,Mobile,+91-8304854189,Meera Joshi
P001308,Mobile,+91-7631085334,Arjun Singh
P001309,Mobile,+91-6031497249,Ananya Iyer
P001310,Mobile,+91-8288392114,Meera Das
P001311,Mobile,+91-6352569934,Aarav Verma
P001311,Emergency,+91-6404488499,Aditi Sharma
P001312,Mobile,+91-9655921330,Vikram Gupta
P001312,Emergency,+91-8595890735,Priya Menon
P001313,Mobile,+91-9853088370,Neha Das
P001314,Mobile,+91-7927123355,Diya Rao
P001315,Mobile,+91-8648122557,Ananya Patel
P001315,Emergency,+91-7846305574,Karan Menon
P001316,Mobile,+91-8669672422,Pooja Joshi
P001317,Mobile,+91-8728096755,Diya Gupta
P001318,Mobile,+91-9502153902,Sneha Mehta
P001319,Mobile,+91-6068406465,Varun Kapoor
P001319,Emergency,+91-6844770224,Vikram Nair
P001320,Mobile,+91-6723646615,Rohan Joshi
P001320,Emergency,+91-9985813502,Rohan Singh
P001321,Mobile,+91-8181471488,Sneha Menon
P001322,Mobile,+91-6921267348,Diya Nair
P001323,Mobile,+91-9424000637,Arjun Iyer
P001324,Mobile,+91-9614333948,Meera Gupta
P001325,Mobile,+91-8882551392,Ishaan Sharma
P001326,Mobile,+91-9150832384,Priya Kapoor
P001327,Mobile,+91-8632496520,Ishaan Das
P001328,Mobile,+91-8519057910,Ananya Rao
P001329,Mobile,+91-8601064081,Pooja Iyer
P001329,Emergency,+91-9508002511,Nikhil Mehta
P001330,Mobile,+91-8302465747,Pooja Reddy
P001330,Emergency,+91-7073974823,Karan Patel
P001331,Mobile,+91-9911032022,Neha Mehta
P001332,Mobile,+91-8357787692,Ishaan Reddy
P001333,Mobile,+91-7896029867,Karan Das
P001334,Mobile,+91-8137833312,Diya Verma
P001335,Mobile,+91-9952773776,Ananya Joshi
P001336,Mobile,+91-8146166261,Ananya Verma
P001336,Emergency,+91-8240092677,Ishaan Mehta
P001337,Mobile,+91-7684208255,Diya Verma
P001338,Mobile,+91-6723094361,Rahul Das
P001339,Mobile,+91-7060578642,Anika Rao
P001339,Emergency,+91-9520492025,Priya Menon
P001340,Mobile,+91-7138432582,Varun Verma
P001341,Mobile,+91-9301575299,Rohan Gupta
P001342,Mobile,+91-6238431366,Sneha Mehta
P001343,Mobile,+91-7193624599,Pooja Menon
P001344,Mobile,+91-9172126916,Rohan Verma
P001345,Mobile,+91-9393244357,Arjun Menon
P001346,Mobile,+91-6576910489,Arjun Menon
P001347,Mobile,+91-9840961935,Vikram Singh
P001348,Mobile,+91-8010203849,Rohan Iyer
P001349,Mobile,+91-7682559295,Kavya Kapoor
P001350,Mobile,+91-9704039366,Vikram Mehta
P001351,Mobile,+91-8893912238,Rohan Nair
P001352,Mobile,+91-7012574508,Priya Rao
P001353,Mobile,+91-9601497857,Neha Joshi
P001354,Mobile,+91-7492363065,Sneha Joshi
P001355,Mobile,+91-8203575672,Meera Menon
P001356,Mobile,+91-6155637287,Sneha Kapoor
P001357,Mobile,+91-6206795782,Anika Patel
P001358,Mobile,+91-8365570268,Varun Kapoor
P001359,Mobile,+91-8918703516,Aarav Kapoor
P001360,Mobile,+91-7497582899,Anika Verma
P001361,Mobile,+91-6714244221,Ananya Singh
P001362,Mobile,+91-8078584592,Anika Joshi
P001363,Mobile,+91-6035075231,Nikhil Gupta
P001364,Mobile,+91-6723691503,Meera Joshi
P001365,Mobile,+91-8370389195,Ananya Iyer
P001365,Emergency,+91-6944579403,Ishaan Rao
P001366,Mobile,+91-8618905458,Varun Gupta
P001367,Mobile,+91-8949252091,Diya Rao
P001368,Mobile,+91-9111600285,Aditi Patel
P001369,Mobile,+91-8909145744,Aditi Joshi
P001370,Mobile,+91-6975986859,Nikhil Nair
P001371,Mobile,+91-7799325487,Priya Singh
P001372,Mobile,+91-7423192880,Arjun Kapoor
P001373,Mobile,+91-6141491942,Priya Gupta
P001374,Mobile,+91-8317549349,Kavya Singh
P001375,Mobile,+91-8665511025,Rohan Mehta
P001376,Mobile,+91-9660980476,Anika Das
P001377,Mobile,+91-6806458820,Priya Mehta
P001378,Mobile,+91-9654983002,Ira Mehta
P001379,Mobile,+91-6568792118,Pooja Patel
P001380,Mobile,+91-8903555226,Rahul Reddy
P001381,Mobile,+91-7213584160,Aarav Rao
P001382,Mobile,+91-6022701467,Kavya Verma
P001383,Mobile,+91-9104382093,Rahul Menon
P001384,Mobile,+91-6071312590,Karan Menon
P001385,Mobile,+91-8176727420,Sneha Verma
P001386,Mobile,+91-9614733790,Kavya Joshi
P001387,Mobile,+91-9601714319,Pooja Mehta
P001387,Emergency,+91-6321963556,Sneha Patel
P001388,Mobile,+91-7333687491,Ananya Gupta
P001389,Mobile,+91-9667077864,Rohan Das
P001390,Mobile,+91-8163559689,Anika Patel
P001391,Mobile,+91-6090870947,Sneha Nair
P001392,Mobile,+91-6416106741,Pooja Das
P001393,Mobile,+91-7841526330,Karan Patel
P001394,Mobile,+91-6974592710,Meera Patel
P001395,Mobile,+91-8641365568,Pooja Nair
P001396,Mobile,+91-7268513242,Diya Patel
P001396,Emergency,+91-8503999887,Sneha Verma
P001397,Mobile,+91-7886665132,Arjun Sharma
P001398,Mobile,+91-8347516041,Ira Patel
P001399,Mobile,+91-7067546036,Aditi Das
P001400,Mobile,+91-7602984213,Priya Rao
P001401,Mobile,+91-8528063856,Kavya Reddy
P001401,Emergency,+91-7061204553,Rahul Menon
P001402,Mobile,+91-7574417484,Pooja Kapoor
P001403,Mobile,+91-8370330652,Diya Menon
P001404,Mobile,+91-9081376403,Aditi Nair
P001405,Mobile,+91-8844881445,Rahul Iyer
P001405,Emergency,+91-7892961686,Rahul Nair
P001406,Mobile,+91-9404331651,Aditi Menon
P001406,Emergency,+91-7019264063,Aditi Mehta
P001407,Mobile,+91-7639487711,Kavya Rao
P001408,Mobile,+91-6344950803,Anika Joshi
P001409,Mobile,+91-9313350360,Neha Menon
P001410,Mobile,+91-8556583936,Diya Gupta
P001411,Mobile,+91-8724350818,Kavya Kapoor
P001412,Mobile,+91-7068671883,Karan Rao
P001413,Mobile,+91-7198648636,Aditi Verma
P001414,Mobile,+91-7333228864,Aarav Singh
P001414,Emergency,+91-7356848264,Kavya Patel
P001415,Mobile,+91-7787488239,Priya Reddy
P001415,Emergency,+91-6530070687,Ira Sharma
P001416,Mobile,+91-8109965728,Vikram Nair
P001416,Emergency,+91-8700071850,Sneha Kapoor
P001417,Mobile,+91-7412847459,Ira Verma
P001417,Emergency,+91-8997185554,Kavya Reddy
P001418,Mobile,+91-9551457788,Rohan Joshi
P001419,Mobile,+91-9898702471,Kavya Nair
P001420,Mobile,+91-8861244841,Neha Reddy
P001421,Mobile,+91-6795346993,Pooja Mehta
P001422,Mobile,+91-9658926272,Arjun Iyer
P001423,Mobile,+91-6051556005,Ishaan Sharma
P001424,Mobile,+91-9289950364,Ananya Gupta
P001425,Mobile,+91-8841901984,Karan Reddy
P001426,Mobile,+91-9816883429,Pooja Menon
P001427,Mobile,+91-8222831276,Ananya Menon
P001428,Mobile,+91-8724438312,Pooja Iyer
P001429,Mobile,+91-9630007673,Sneha Singh
P001430,Mobile,+91-9405173392,Meera Reddy
P001431,Mobile,+91-8725607720,Varun Mehta
P001432,Mobile,+91-6957377323,Diya Nair
P001433,Mobile,+91-9803139084,Ananya Sharma
P001434,Mobile,+91-7467613345,Ira Rao
P001435,Mobile,+91-7854989783,Kavya Das
P001436,Mobile,+91-8663947841,Meera Das
P001437,Mobile,+91-8209502377,Priya Iyer
P001437,Emergency,+91-7633402454,Ishaan Nair
P001438,Mobile,+91-7787190012,Arjun Patel
P001439,Mobile,+91-8719146465,Rohan Mehta
P001439,Emergency,+91-8834416795,Neha Kapoor
P001440,Mobile,+91-6049795249,Rohan Kapoor
P001441,Mobile,+91-6857096661,Priya Kapoor
P001442,Mobile,+91-9070231492,Pooja Verma
P001443,Mobile,+91-9457261045,Ananya Kapoor
P001444,Mobile,+91-8283522549,Meera Gupta
P001445,Mobile,+91-7756956686,Rohan Gupta
P001446,Mobile,+91-7021206648,Diya Gupta
P001447,Mobile,+91-7896185922,Rohan Joshi
P001448,Mobile,+91-7092876437,Aditi Patel
P001449,Mobile,+91-7719684975,Karan Singh
P001450,Mobile,+91-7073436194,Vikram Menon
P001451,Mobile,+91-7938026526,Varun Rao
P001451,Emergency,+91-6057291867,Nikhil Verma
P001452,Mobile,+91-7172264898,Karan Joshi
P001452,Emergency,+91-8860901005,Ishaan Mehta
P001453,Mobile,+91-6394798314,Karan Joshi
P001454,Mobile,+91-6295122549,Vikram Nair
P001455,Mobile,+91-6145186954,Priya Rao
P001456,Mobile,+91-9323904299,Rahul Menon
P001457,Mobile,+91-7252352452,Karan Rao
P001458,Mobile,+91-7659130160,Meera Kapoor
P001459,Mobile,+91-7811048823,Rohan Patel
P001460,Mobile,+91-8483132040,Varun Sharma
P001461,Mobile,+91-7269008392,Neha Nair
P001462,Mobile,+91-8729490138,Diya Kapoor
P001463,Mobile,+91-9471331179,Aarav Rao
P001464,Mobile,+91-9584427643,Karan Reddy
P001465,Mobile,+91-9975718397,Aditi Nair
P001466,Mobile,+91-9831417974,Pooja Joshi
P001467,Mobile,+91-8203637796,Rohan Iyer
P001468,Mobile,+91-8485704513,Diya Das
P001469,Mobile,+91-9369149571,Rohan Nair
P001470,Mobile,+91-7011998699,Ira Reddy
P001470,Emergency,+91-6823901713,Varun Joshi
P001471,Mobile,+91-6532125342,Aarav Joshi
P001472,Mobile,+91-7905863680,Rahul Gupta
P001473,Mobile,+91-9794781741,Diya Singh
P001474,Mobile,+91-6285455829,Ananya Patel
P001475,Mobile,+91-6845129963,Anika Verma
P001476,Mobile,+91-9940619115,Anika Gupta
P001476,Emergency,+91-8335412641,Rohan Singh
P001477,Mobile,+91-8329758268,Kavya Singh
P001478,Mobile,+91-9619621637,Neha Rao
P001479,Mobile,+91-6839440766,Arjun Menon
P001480,Mobile,+91-7628620657,Aditi Sharma
P001481,Mobile,+91-8957586904,Meera Reddy
P001482,Mobile,+91-7788666372,Sneha Verma
P001482,Emergency,+91-7131245083,Ira Sharma
P001483,Mobile,+91-7247941421,Rohan Gupta
P001484,Mobile,+91-8413664775,Aarav Patel
P001484,Emergency,+91-9764451025,Vikram Kapoor
P001485,Mobile,+91-7381197127,Sneha Gupta
P001486,Mobile,+91-9779160021,Karan Menon
P001487,Mobile,+91-9387699653,Priya Menon
P001488,Mobile,+91-7272174101,Karan Iyer
P001489,Mobile,+91-7229715133,Aditi Sharma
P001489,Emergency,+91-8639365704,Ananya Das
P001490,Mobile,+91-9382338408,Neha Iyer
P001491,Mobile,+91-6373151824,Meera Gupta
P001492,Mobile,+91-6887956924,Arjun Singh
P001493,Mobile,+91-8761072503,Ananya Joshi
P001494,Mobile,+91-6738983712,Ira Kapoor
P001494,Emergency,+91-9661266756,Karan Verma
P001495,Mobile,+91-7209894800,Vikram Joshi
P001496,Mobile,+91-8470280258,Anika Singh
P001497,Mobile,+91-7115744553,Ananya Mehta
P001498,Mobile,+91-7284181208,Varun Iyer
P001498,Emergency,+91-6318188533,Rahul Reddy
P001499,Mobile,+91-8943259609,Sneha Kapoor
P001499,Emergency,+91-9003283538,Neha Sharma
P001500,Mobile,+91-6426485128,Ira Iyer
P001501,Mobile,+91-9884068131,Diya Rao
P001501,Emergency,+91-6927023208,Meera Rao
P001502,Mobile,+91-6291024781,Arjun Nair
P001503,Mobile,+91-6442870773,Kavya Nair
P001504,Mobile,+91-7680892927,Arjun Patel
P001505,Mobile,+91-6545904873,Meera Menon
P001505,Emergency,+91-8990886464,Karan Joshi
P001506,Mobile,+91-9604112395,Karan Gupta
P001507,Mobile,+91-9354942195,Ishaan Nair
P001508,Mobile,+91-9845051438,Rohan Verma
P001509,Mobile,+91-6487821858,Anika Nair
P001509,Emergency,+91-6569921361,Sneha Menon
P001510,Mobile,+91-9908711099,Rahul Singh
P001511,Mobile,+91-6565063386,Varun Gupta
P001512,Mobile,+91-6267620826,Neha Nair
P001513,Mobile,+91-6499839290,Priya Kapoor
P001514,Mobile,+91-6630819913,Rohan Nair
P001515,Mobile,+91-6405091486,Anika Joshi
P001516,Mobile,+91-8301669426,Varun Rao
P001516,Emergency,+91-9655710620,Rahul Kapoor
P001517,Mobile,+91-9763866158,Rohan Iyer
P001518,Mobile,+91-9404018134,Arjun Mehta
P001519,Mobile,+91-7111120840,Kavya Sharma
P001520,Mobile,+91-9705191040,Ira Mehta
P001521,Mobile,+91-8485575583,Aditi Singh
P001522,Mobile,+91-8828570177,Ananya Verma
P001523,Mobile,+91-6812345846,Karan Patel
P001524,Mobile,+91-7760337297,Arjun Joshi
P001525,Mobile,+91-9169808642,Ishaan Nair
P001526,Mobile,+91-8218444267,Kavya Verma
P001527,Mobile,+91-7418537054,Diya Nair
P001528,Mobile,+91-7439904525,Ananya Reddy
P001529,Mobile,+91-9401054781,Arjun Das
P001530,Mobile,+91-6058327026,Ananya Singh
P001531,Mobile,+91-6051800678,Kavya Singh
P001532,Mobile,+91-8604437466,Rahul Nair
P001533,Mobile,+91-9671204418,Varun Menon
P001533,Emergency,+91-8554718180,Karan Menon
P001534,Mobile,+91-6167604970,Nikhil Sharma
P001535,Mobile,+91-8456848005,Nikhil Das
P001536,Mobile,+91-7408500645,Pooja Nair
P001536,Emergency,+91-6001623672,Ira Singh
P001537,Mobile,+91-7451745991,Sneha Verma
P001538,Mobile,+91-8733817589,Aarav Nair
P001539,Mobile,+91-6208326684,Karan Reddy
P001540,Mobile,+91-6536256961,Arjun Singh
P001541,Mobile,+91-8370963751,Aarav Verma
P001542,Mobile,+91-9530270890,Ananya Singh
P001543,Mobile,+91-6136532963,Anika Joshi
P001544,Mobile,+91-6363314149,Nikhil Mehta
P001545,Mobile,+91-9292146476,Meera Singh
P001545,Emergency,+91-6039587505,Ishaan Sharma
P001546,Mobile,+91-8432569620,Diya Gupta
P001547,Mobile,+91-7554972595,Vikram Mehta
P001547,Emergency,+91-9244099068,Aditi Gupta
P001548,Mobile,+91-7153975090,Sneha Nair
P001549,Mobile,+91-6810506503,Diya Mehta
P001550,Mobile,+91-8519968184,Nikhil Iyer
P001551,Mobile,+91-9325435207,Vikram Menon
P001552,Mobile,+91-9102956206,Ananya Singh
P001552,Emergency,+91-8959820467,Diya Kapoor
P001553,Mobile,+91-8367867800,Rohan Das
P001554,Mobile,+91-6115379414,Pooja Menon
P001555,Mobile,+91-9711241010,Ananya Reddy
P001555,Emergency,+91-6615825336,Varun Das
P001556,Mobile,+91-8975431384,Aarav Patel
P001557,Mobile,+91-9214204572,Aarav Mehta
P001558,Mobile,+91-6417329402,Vikram Nair
P001558,Emergency,+91-6009112876,Ananya Mehta
P001559,Mobile,+91-8432493601,Karan Kapoor
P001559,Emergency,+91-9080328654,Varun Kapoor
P001560,Mobile,+91-6000443698,Anika Patel
P001561,Mobile,+91-7980418573,Vikram Joshi
P001562,Mobile,+91-7519114195,Sneha Reddy
P001563,Mobile,+91-8403240675,Diya Reddy
P001563,Emergency,+91-8489503866,Rohan Sharma
P001564,Mobile,+91-8354085406,Sneha Verma
P001565,Mobile,+91-8242958781,Rohan Iyer
P001566,Mobile,+91-8025002717,Aditi Gupta
P001566,Emergency,+91-6648880159,Aarav Menon
P001567,Mobile,+91-7971562362,Pooja Sharma
P001568,Mobile,+91-9801120746,Anika Rao
P001569,Mobile,+91-8741388431,Rohan Menon
P001570,Mobile,+91-6980533810,Priya Das
P001571,Mobile,+91-9958969197,Meera Kapoor
P001572,Mobile,+91-8421879631,Sneha Nair
P001573,Mobile,+91-6894402999,Kavya Patel
P001574,Mobile,+91-9033708328,Varun Mehta
P001575,Mobile,+91-8900807817,Rohan Menon
P001575,Emergency,+91-8394249632,Aditi Sharma
P001576,Mobile,+91-7579406546,Sneha Iyer
P001577,Mobile,+91-7183729765,Priya Mehta
P001577,Emergency,+91-7003904054,Karan Das
P001578,Mobile,+91-8432198486,Pooja Patel
P001579,Mobile,+91-8507294421,Rahul Singh
P001580,Mobile,+91-6106153625,Vikram Das
P001581,Mobile,+91-9991491896,Priya Menon
P001581,Emergency,+91-6443009126,Meera Menon
P001582,Mobile,+91-7753145825,Anika Sharma
P001583,Mobile,+91-6647446338,Rahul Menon
P001584,Mobile,+91-6224349932,Meera Gupta
P001585,Mobile,+91-7716312751,Ira Rao
P001586,Mobile,+91-9405542995,Priya Patel
P001587,Mobile,+91-7020903032,Sneha Menon
P001588,Mobile,+91-8167219608,Ira Das
P001589,Mobile,+91-9910828107,Anika Reddy
P001590,Mobile,+91-9870326760,Priya Patel
P001591,Mobile,+91-7853484166,Rohan Nair
P001592,Mobile,+91-6601463532,Anika Das
P001593,Mobile,+91-8861196947,Meera Patel
P001594,Mobile,+91-7998872559,Varun Nair
P001595,Mobile,+91-6791934766,Ishaan Rao
P001596,Mobile,+91-8278509475,Karan Menon
P001597,Mobile,+91-8390696467,Ananya Reddy
P001598,Mobile,+91-6321851476,Ishaan Singh
P001598,Emergency,+91-7926673984,Ananya Mehta
P001599,Mobile,+91-6826788524,Pooja Kapoor
P001600,Mobile,+91-7005818250,Nikhil Rao
P001601,Mobile,+91-6936413935,Varun Singh
P001602,Mobile,+91-6492003906,Kavya Joshi
P001603,Mobile,+91-6879620136,Ira Iyer
P001604,Mobile,+91-9450792610,Kavya Sharma
P001605,Mobile,+91-8596508376,Ishaan Gupta
P001606,Mobile,+91-9304493733,Priya Gupta
P001606,Emergency,+91-7711001001,Meera Verma
P001607,Mobile,+91-6685022078,Diya Gupta
P001608,Mobile,+91-6309967602,Ananya Menon
P001609,Mobile,+91-8339885721,Nikhil Verma
P001610,Mobile,+91-9026878656,Rahul Patel
P001611,Mobile,+91-9149973836,Meera Patel
P001612,Mobile,+91-7630152166,Ananya Kapoor
P001612,Emergency,+91-9108373273,Priya Das
P001613,Mobile,+91-6699404495,Ishaan Sharma
P001613,Emergency,+91-9520497380,Meera Iyer
P001614,Mobile,+91-6115431044,Ira Kapoor
P001615,Mobile,+91-8310503907,Ira Singh
P001616,Mobile,+91-6589354563,Pooja Rao
P001617,Mobile,+91-9247825883,Ira Gupta
P001618,Mobile,+91-6315682717,Ishaan Joshi
P001619,Mobile,+91-6876122516,Pooja Iyer
P001619,Emergency,+91-8983257376,Karan Joshi
P001620,Mobile,+91-6734817309,Neha Reddy
P001621,Mobile,+91-6656094824,Arjun Sharma
P001622,Mobile,+91-6866692599,Ira Mehta
P001623,Mobile,+91-6529093990,Aditi Verma
P001624,Mobile,+91-8349143043,Ira Verma
P001624,Emergency,+91-6827651790,Rahul Singh
P001625,Mobile,+91-7470090521,Pooja Sharma
P001626,Mobile,+91-6424601505,Neha Rao
P001627,Mobile,+91-8333439362,Aditi Menon
P001627,Emergency,+91-7610847766,Aarav Menon
P001628,Mobile,+91-6330282866,Vikram Rao
P001629,Mobile,+91-7910892136,Neha Nair
P001630,Mobile,+91-9320365476,Priya Joshi
P001631,Mobile,+91-6318300522,Ira Nair
P001632,Mobile,+91-9466493802,Aditi Iyer
P001633,Mobile,+91-8680646098,Arjun Rao
P001634,Mobile,+91-8785444727,Diya Verma
P001635,Mobile,+91-6071938631,Diya Patel
P001636,Mobile,+91-7402623367,Sneha Mehta
P001637,Mobile,+91-8976481412,Karan Iyer
P001638,Mobile,+91-9869180404,Ishaan Iyer
P001639,Mobile,+91-8939613920,Ananya Patel
P001640,Mobile,+91-8425404875,Aditi Reddy
P001640,Emergency,+91-6627125796,Ishaan Gupta
P001641,Mobile,+91-9287544433,Varun Kapoor
P001642,Mobile,+91-7244925422,Diya Joshi
P001643,Mobile,+91-8516516563,Priya Kapoor
P001644,Mobile,+91-7334329746,Aarav Iyer
P001645,Mobile,+91-6182636026,Anika Joshi
P001646,Mobile,+91-6226549396,Anika Reddy
P001647,Mobile,+91-7635598371,Rohan Das
P001648,Mobile,+91-6854353039,Nikhil Iyer
P001649,Mobile,+91-8321979009,Karan Gupta
P001650,Mobile,+91-7330143405,Ira Mehta
P001651,Mobile,+91-9751002058,Sneha Patel
P001652,Mobile,+91-8193542142,Pooja Kapoor
P001653,Mobile,+91-6676011586,Varun Menon
P001654,Mobile,+91-8200388753,Meera Kapoor
P001655,Mobile,+91-9687331478,Neha Nair
P001656,Mobile,+91-8676974243,Sneha Reddy
P001657,Mobile,+91-8864852719,Arjun Sharma
P001658,Mobile,+91-8518510834,Aarav Patel
P001659,Mobile,+91-9151215528,Anika Verma
P001660,Mobile,+91-9525068541,Karan Sharma
P001661,Mobile,+91-6470005889,Varun Kapoor
P001662,Mobile,+91-6291037568,Anika Menon
P001663,Mobile,+91-8929668575,Aarav Reddy
P001664,Mobile,+91-9022877338,Priya Sharma
P001665,Mobile,+91-8161722395,Meera Kapoor
P001665,Emergency,+91-6190961667,Ananya Nair
P001666,Mobile,+91-9796582242,Rahul Gupta
P001667,Mobile,+91-7843246920,Aarav Rao
P001668,Mobile,+91-6221923093,Aditi Verma
P001668,Emergency,+91-8212594356,Pooja Mehta
P001669,Mobile,+91-6210195145,Varun Joshi
P001669,Emergency,+91-7637555516,Anika Das
P001670,Mobile,+91-8848878256,Ananya Gupta
P001671,Mobile,+91-8053991958,Priya Nair
P001672,Mobile,+91-9761976490,Karan Joshi
P001673,Mobile,+91-9709672579,Meera Sharma
P001674,Mobile,+91-6913380907,Diya Das
P001675,Mobile,+91-9477709839,Kavya Patel
P001676,Mobile,+91-8777054072,Pooja Joshi
P001677,Mobile,+91-7084571197,Diya Reddy
P001678,Mobile,+91-8010714248,Sneha Reddy
P001679,Mobile,+91-7647918219,Pooja Sharma
P001680,Mobile,+91-7987902313,Neha Gupta
P001681,Mobile,+91-8129518149,Nikhil Sharma
P001682,Mobile,+91-6879185870,Meera Menon
P001683,Mobile,+91-8333253199,Varun Sharma
P001683,Emergency,+91-6422478742,Anika Menon
P001684,Mobile,+91-7022539894,Meera Singh
P001685,Mobile,+91-6416546988,Vikram Nair
P001686,Mobile,+91-9255606655,Varun Kapoor
P001687,Mobile,+91-6444560842,Meera Gupta
P001688,Mobile,+91-9814136862,Priya Verma
P001689,Mobile,+91-6868833217,Priya Iyer
P001690,Mobile,+91-7797626410,Ishaan Gupta
P001691,Mobile,+91-7696846397,Priya Nair
P001692,Mobile,+91-7110608170,Ishaan Reddy
P001693,Mobile,+91-6306825137,Anika Mehta
P001694,Mobile,+91-6399258098,Meera Sharma
P001695,Mobile,+91-6336385439,Kavya Verma
P001696,Mobile,+91-9192059527,Aditi Reddy
P001697,Mobile,+91-6097747144,Ishaan Sharma
P001698,Mobile,+91-6633501691,Diya Rao
P001698,Emergency,+91-6554817363,Rohan Sharma
P001699,Mobile,+91-8038786446,Ishaan Iyer
P001700,Mobile,+91-9216612615,Pooja Reddy
P001701,Mobile,+91-8402152736,Karan Kapoor
P001702,Mobile,+91-8344981091,Vikram Patel
P001703,Mobile,+91-6712705098,Ananya Patel
P001704,Mobile,+91-8447443621,Meera Verma
P001705,Mobile,+91-9632928873,Aarav Reddy
P001706,Mobile,+91-6539520745,Arjun Singh
P001707,Mobile,+91-7574636484,Ananya Menon
P001708,Mobile,+91-8913002308,Rohan Iyer
P001709,Mobile,+91-9198828710,Meera Reddy
P001710,Mobile,+91-7928503430,Rohan Reddy
P001711,Mobile,+91-8384423597,Varun Joshi
P001712,Mobile,+91-9270648801,Varun Menon
P001713,Mobile,+91-8637797723,Varun Mehta
P001714,Mobile,+91-7395016873,Neha Rao
P001715,Mobile,+91-6099067517,Arjun Joshi
P001716,Mobile,+91-6245420072,Aarav Verma
P001716,Emergency,+91-6231850421,Rahul Singh
P001717,Mobile,+91-9223857727,Meera Singh
P001718,Mobile,+91-6962099887,Pooja Gupta
P001719,Mobile,+91-8428167585,Rahul Rao
P001719,Emergency,+91-9482482680,Ananya Mehta
P001720,Mobile,+91-7024595828,Anika Joshi
P001721,Mobile,+91-7601627227,Diya Sharma
P001721,Emergency,+91-7591938484,Nikhil Reddy
P001722,Mobile,+91-9209045060,Arjun Nair
P001723,Mobile,+91-7951956890,Rahul Sharma
P001724,Mobile,+91-9642542510,Pooja Joshi
P001725,Mobile,+91-8823016689,Ira Gupta
P001725,Emergency,+91-9132668434,Aditi Gupta
P001726,Mobile,+91-7445163035,Rahul Singh
P001727,Mobile,+91-8108243479,Rohan Menon
P001727,Emergency,+91-9903108433,Rohan Verma
P001728,Mobile,+91-6765385491,Kavya Das
P001729,Mobile,+91-9360196611,Varun Gupta
P001730,Mobile,+91-8142037040,Aditi Iyer
P001731,Mobile,+91-6395877371,Karan Das
P001732,Mobile,+91-8656692225,Pooja Mehta
P001733,Mobile,+91-7593060806,Nikhil Gupta
P001734,Mobile,+91-6198692335,Diya Patel
P001735,Mobile,+91-9957132336,Varun Nair
P001736,Mobile,+91-7085777206,Ira Kapoor
P001737,Mobile,+91-6395425890,Karan Sharma
P001738,Mobile,+91-7400860380,Arjun Menon
P001739,Mobile,+91-6841397214,Rohan Nair
P001739,Emergency,+91-6780058575,Nikhil Singh
P001740,Mobile,+91-8335471749,Rohan Kapoor
P001741,Mobile,+91-6363124973,Ananya Iyer
P001742,Mobile,+91-8417976207,Arjun Kapoor
P001743,Mobile,+91-9070102985,Ishaan Singh
P001744,Mobile,+91-7300712434,Pooja Verma
P001745,Mobile,+91-7514169389,Aarav Singh
P001745,Emergency,+91-9512038184,Meera Joshi
P001746,Mobile,+91-6308356674,Aditi Rao
P001747,Mobile,+91-8108651603,Sneha Reddy
P001748,Mobile,+91-6419955067,Kavya Nair
P001749,Mobile,+91-9663005487,Meera Gupta
P001750,Mobile,+91-8193544534,Meera Das
P001751,Mobile,+91-9015359752,Ira Gupta
P001752,Mobile,+91-9094161483,Diya Kapoor
P001752,Emergency,+91-7251838102,Diya Sharma
P001753,Mobile,+91-7095098870,Arjun Nair
P001754,Mobile,+91-9702890489,Priya Iyer
P001755,Mobile,+91-9974366707,Ananya Patel
P001756,Mobile,+91-7402315653,Karan Menon
P001756,Emergency,+91-9211958032,Neha Das
P001757,Mobile,+91-8449042993,Meera Rao
P001758,Mobile,+91-7008606975,Karan Rao
P001758,Emergency,+91-7325819162,Rohan Patel
P001759,Mobile,+91-9606363892,Anika Rao
P001760,Mobile,+91-9445733621,Arjun Iyer
P001761,Mobile,+91-7332001062,Aarav Singh
P001762,Mobile,+91-7391225696,Priya Singh
P001763,Mobile,+91-8802233553,Varun Sharma
P001764,Mobile,+91-6170127819,Aarav Singh
P001765,Mobile,+91-6282321763,Meera Nair
P001766,Mobile,+91-8282123936,Kavya Sharma
P001767,Mobile,+91-6053265099,Diya Gupta
P001768,Mobile,+91-6960116572,Nikhil Iyer
P001769,Mobile,+91-7036842258,Anika Verma
P001770,Mobile,+91-9580752894,Karan Menon
P001771,Mobile,+91-8784836976,Kavya Kapoor
P001771,Emergency,+91-9907234266,Diya Singh
P001772,Mobile,+91-9247838340,Vikram Nair
P001772,Emergency,+91-7899552277,Ananya Menon
P001773,Mobile,+91-6956126824,Karan Mehta
P001774,Mobile,+91-8954316815,Karan Kapoor
P001775,Mobile,+91-6484127205,Aditi Iyer
P001776,Mobile,+91-9191826562,Ananya Menon
P001777,Mobile,+91-9033400957,Pooja Mehta
P001778,Mobile,+91-6610576370,Ishaan Rao
P001779,Mobile,+91-8943860790,Aarav Mehta
P001780,Mobile,+91-9861710298,Ishaan Kapoor
P001781,Mobile,+91-6829905429,Anika Kapoor
P001782,Mobile,+91-6908104416,Diya Verma
P001783,Mobile,+91-9307817370,Karan Gupta
P001783,Emergency,+91-7610701603,Nikhil Joshi
P001784,Mobile,+91-7901255678,Neha Das
P001785,Mobile,+91-6547265263,Neha Verma
P001786,Mobile,+91-6027083779,Nikhil Singh
P001787,Mobile,+91-8486267391,Sneha Iyer
P001788,Mobile,+91-7042403368,Rahul Nair
P001789,Mobile,+91-9478640117,Neha Rao
P001790,Mobile,+91-7383298630,Anika Rao
P001791,Mobile,+91-6781930727,Kavya Rao
P001792,Mobile,+91-8173429785,Ira Joshi
P001793,Mobile,+91-7519568011,Anika Das
P001794,Mobile,+91-9417941732,Pooja Menon
P001794,Emergency,+91-6302767773,Ishaan Gupta
P001795,Mobile,+91-7028994210,Sneha Rao
P001796,Mobile,+91-8338135879,Ananya Sharma
P001797,Mobile,+91-7465185052,Diya Das
P001798,Mobile,+91-7815157092,Karan Mehta
P001798,Emergency,+91-6619983143,Nikhil Gupta
P001799,Mobile,+91-7263007485,Aarav Menon
P001800,Mobile,+91-8501221740,Varun Rao
P001801,Mobile,+91-8718047104,Sneha Rao
P001801,Emergency,+91-8243329466,Ira Sharma
P001802,Mobile,+91-7728010679,Ira Joshi
P001803,Mobile,+91-6442256670,Meera Verma
P001804,Mobile,+91-6055536970,Neha Patel
P001805,Mobile,+91-9453515757,Priya Menon
P001806,Mobile,+91-9330603257,Ananya Verma
P001807,Mobile,+91-9498532431,Ira Iyer
P001808,Mobile,+91-9352896076,Neha Nair
P001809,Mobile,+91-6491006972,Rohan Rao
P001810,Mobile,+91-6697024135,Meera Singh
P001810,Emergency,+91-6941689108,Rahul Singh
P001811,Mobile,+91-6293769296,Rohan Singh
P001812,Mobile,+91-9069832080,Neha Das
P001813,Mobile,+91-8873906882,Sneha Reddy
P001814,Mobile,+91-7815678079,Karan Nair
P001815,Mobile,+91-9056468702,Vikram Mehta
P001816,Mobile,+91-6849792841,Nikhil Singh
P001817,Mobile,+91-8298654643,Ishaan Patel
P001818,Mobile,+91-7530294610,Anika Iyer
P001819,Mobile,+91-9460482881,Kavya Kapoor
P001820,Mobile,+91-8030337070,Neha Rao
P001821,Mobile,+91-6409946586,Meera Iyer
P001822,Mobile,+91-9961567179,Ira Joshi
P001823,Mobile,+91-6337389324,Vikram Menon
P001824,Mobile,+91-9309413063,Rohan Rao
P001825,Mobile,+91-9163596129,Arjun Gupta
P001826,Mobile,+91-7114388898,Ishaan Kapoor
P001827,Mobile,+91-8016894571,Sneha Singh
P001828,Mobile,+91-6172696626,Ananya Reddy
P001829,Mobile,+91-8899491451,Nikhil Singh
P001830,Mobile,+91-6521413923,Ishaan Patel
P001830,Emergency,+91-9056320018,Arjun Kapoor
P001831,Mobile,+91-9227528375,Meera Mehta
P001832,Mobile,+91-6619486888,Ishaan Sharma
P001833,Mobile,+91-8153542542,Vikram Menon
P001834,Mobile,+91-6982076330,Rahul Rao
P001835,Mobile,+91-9592847554,Sneha Menon
P001836,Mobile,+91-7550895696,Aarav Rao
P001837,Mobile,+91-7703473105,Ishaan Nair
P001838,Mobile,+91-6141542614,Rahul Nair
P001839,Mobile,+91-7601936194,Ira Gupta
P001839,Emergency,+91-6449627151,Karan Rao
P001840,Mobile,+91-9922708240,Priya Menon
P001841,Mobile,+91-6056674917,Varun Sharma
P001842,Mobile,+91-9720012922,Diya Das
P001843,Mobile,+91-6431868824,Ananya Reddy
P001843,Emergency,+91-7827705977,Kavya Gupta
P001844,Mobile,+91-9278045726,Rohan Kapoor
P001844,Emergency,+91-6697652425,Ira Reddy
P001845,Mobile,+91-9918064487,Neha Iyer
P001846,Mobile,+91-6519169651,Rohan Kapoor
P001847,Mobile,+91-6299045011,Rohan Sharma
P001847,Emergency,+91-8198230646,Rohan Patel
P001848,Mobile,+91-6240323051,Kavya Singh
P001849,Mobile,+91-9978442864,Rohan Singh
P001849,Emergency,+91-8126500836,Anika Kapoor
P001850,Mobile,+91-7143358370,Neha Kapoor
P001850,Emergency,+91-8258174706,Varun Reddy
P001851,Mobile,+91-7366738682,Varun Sharma
P001852,Mobile,+91-9803726843,Arjun Das
P001853,Mobile,+91-7100235628,Vikram Menon
P001854,Mobile,+91-7714615756,Karan Menon
P001855,Mobile,+91-6853082365,Karan Rao
P001856,Mobile,+91-9133758034,Kavya Menon
P001856,Emergency,+91-8318320160,Rahul Gupta
P001857,Mobile,+91-9750622876,Nikhil Menon
P001857,Emergency,+91-9514869832,Varun Singh
P001858,Mobile,+91-7906508614,Nikhil Rao
P001858,Emergency,+91-6655461775,Anika Reddy
P001859,Mobile,+91-8779199962,Priya Gupta
P001860,Mobile,+91-6648605304,Nikhil Rao
P001860,Emergency,+91-8542178256,Pooja Kapoor
P001861,Mobile,+91-8045896861,Priya Sharma
P001862,Mobile,+91-9093233600,Karan Sharma
P001863,Mobile,+91-6410238344,Varun Singh
P001864,Mobile,+91-6083899995,Rohan Mehta
P001865,Mobile,+91-7355807120,Nikhil Rao
P001866,Mobile,+91-8187652307,Neha Verma
P001867,Mobile,+91-6664378059,Ananya Reddy
P001868,Mobile,+91-9243675294,Nikhil Gupta
P001868,Emergency,+91-7692785261,Anika Joshi
P001869,Mobile,+91-6929803399,Vikram Mehta
P001870,Mobile,+91-6012789964,Vikram Iyer
P001870,Emergency,+91-8228490611,Aditi Joshi
P001871,Mobile,+91-9066291391,Anika Menon
P001872,Mobile,+91-9548860466,Diya Rao
P001873,Mobile,+91-6546691687,Aditi Mehta
P001874,Mobile,+91-6696442163,Sneha Gupta
P001875,Mobile,+91-6940089665,Ira Menon
P001876,Mobile,+91-8731535377,Sneha Gupta
P001877,Mobile,+91-6843946447,Aditi Mehta
P001878,Mobile,+91-6249206259,Karan Gupta
P001879,Mobile,+91-8595218394,Ananya Joshi
P001880,Mobile,+91-9643598021,Ira Das
P001881,Mobile,+91-8399593809,Rohan Iyer
P001882,Mobile,+91-6830811513,Rohan Sharma
P001883,Mobile,+91-7968086894,Ira Patel
P001884,Mobile,+91-8151975866,Anika Reddy
P001885,Mobile,+91-8744480859,Ananya Nair
P001886,Mobile,+91-8848466344,Meera Nair
P001887,Mobile,+91-7627115603,Varun Mehta
P001888,Mobile,+91-6627901874,Karan Nair
P001889,Mobile,+91-8279302051,Ananya Mehta
P001890,Mobile,+91-7271470702,Meera Verma
P001891,Mobile,+91-7549525346,Aditi Gupta
P001891,Emergency,+91-7020739306,Ananya Mehta
P001892,Mobile,+91-8133260850,Aarav Kapoor
P001893,Mobile,+91-6170490966,Meera Nair
P001894,Mobile,+91-7694719270,Nikhil Gupta
P001894,Emergency,+91-6860486808,Arjun Das
P001895,Mobile,+91-9462602277,Rahul Iyer
P001896,Mobile,+91-7327219926,Anika Gupta
P001897,Mobile,+91-8406818947,Karan Das
P001897,Emergency,+91-7404849031,Aarav Gupta
P001898,Mobile,+91-6345880207,Meera Mehta
P001899,Mobile,+91-9883236837,Ishaan Gupta
P001900,Mobile,+91-6589117982,Sneha Nair
P001901,Mobile,+91-7010925133,Aarav Reddy
P001901,Emergency,+91-8746703717,Pooja Patel
P001902,Mobile,+91-8626954222,Diya Verma
P001903,Mobile,+91-8753868090,Nikhil Rao
P001904,Mobile,+91-8799483676,Vikram Gupta
P001905,Mobile,+91-7507027900,Priya Singh
P001906,Mobile,+91-6010773470,Meera Joshi
P001907,Mobile,+91-6140776519,Rahul Iyer
P001908,Mobile,+91-6013716351,Arjun Mehta
P001909,Mobile,+91-6529247494,Ira Joshi
P001910,Mobile,+91-8586752154,Kavya Singh
P001911,Mobile,+91-7885615922,Nikhil Gupta
P001912,Mobile,+91-8865203846,Neha Kapoor
P001913,Mobile,+91-6483015188,Rohan Kapoor
P001914,Mobile,+91-6641500513,Rohan Nair
P001915,Mobile,+91-9975381154,Arjun Reddy
P001915,Emergency,+91-8819177247,Arjun Verma
P001916,Mobile,+91-6868374131,Ira Patel
P001917,Mobile,+91-9283652830,Rohan Singh
P001918,Mobile,+91-8764107102,Priya Patel
P001919,Mobile,+91-7763286939,Meera Patel
P001920,Mobile,+91-9609372419,Ananya Singh
P001921,Mobile,+91-7741515775,Vikram Iyer
P001922,Mobile,+91-6849027310,Nikhil Nair
P001922,Emergency,+91-8851705207,Varun Sharma
P001923,Mobile,+91-9451941959,Aarav Rao
P001924,Mobile,+91-6549929138,Rahul Mehta
P001925,Mobile,+91-7895405986,Karan Gupta
P001926,Mobile,+91-6584757327,Vikram Joshi
P001927,Mobile,+91-8263365849,Pooja Singh
P001928,Mobile,+91-9185404980,Karan Das
P001929,Mobile,+91-7353640809,Vikram Mehta
P001930,Mobile,+91-7665257397,Aditi Reddy
P001931,Mobile,+91-9367234664,Priya Kapoor
P001932,Mobile,+91-7168509411,Diya Kapoor
P001933,Mobile,+91-7897189487,Ananya Mehta
P001934,Mobile,+91-9395909541,Nikhil Patel
P001935,Mobile,+91-9633583610,Anika Reddy
P001936,Mobile,+91-6579539269,Ishaan Patel
P001936,Emergency,+91-9351971024,Diya Joshi
P001937,Mobile,+91-6802002223,Priya Gupta
P001938,Mobile,+91-8484814355,Ananya Gupta
P001938,Emergency,+91-6789060710,Arjun Mehta
P001939,Mobile,+91-7441695642,Anika Nair
P001939,Emergency,+91-8812500492,Priya Patel
P001940,Mobile,+91-6101425693,Varun Rao
P001941,Mobile,+91-6202403703,Kavya Rao
P001942,Mobile,+91-9383779852,Aarav Reddy
P001943,Mobile,+91-8996699026,Anika Singh
P001944,Mobile,+91-7758541234,Sneha Joshi
P001944,Emergency,+91-7032266486,Meera Mehta
P001945,Mobile,+91-8231070033,Karan Sharma
P001946,Mobile,+91-8147721133,Aditi Gupta
P001947,Mobile,+91-7063090511,Sneha Joshi
P001948,Mobile,+91-9869731600,Neha Iyer
P001949,Mobile,+91-8237456018,Varun Kapoor
P001950,Mobile,+91-8819192533,Ananya Nair
P001950,Emergency,+91-9473772074,Nikhil Nair
P001951,Mobile,+91-9279580457,Sneha Das
P001952,Mobile,+91-6243945269,Rohan Verma
P001953,Mobile,+91-9948765291,Ira Das
P001954,Mobile,+91-8234416484,Vikram Kapoor
P001955,Mobile,+91-7842995172,Diya Das
P001956,Mobile,+91-6698532298,Vikram Nair
P001957,Mobile,+91-6821884686,Rahul Singh
P001958,Mobile,+91-9540077300,Kavya Verma
P001959,Mobile,+91-9965310446,Meera Patel
P001960,Mobile,+91-9560732806,Pooja Nair
P001961,Mobile,+91-6492864803,Nikhil Patel
P001962,Mobile,+91-7642981539,Rahul Menon
P001963,Mobile,+91-7662220605,Anika Rao
P001963,Emergency,+91-9105804405,Varun Singh
P001964,Mobile,+91-7441191455,Varun Nair
P001965,Mobile,+91-9358552133,Aarav Reddy
P001966,Mobile,+91-9044032560,Diya Kapoor
P001967,Mobile,+91-7323038294,Aarav Rao
P001968,Mobile,+91-9337222712,Vikram Nair
P001969,Mobile,+91-9350383527,Pooja Menon
P001970,Mobile,+91-7698968373,Anika Das
P001971,Mobile,+91-7426747377,Diya Iyer
P001972,Mobile,+91-9061466102,Neha Gupta
P001973,Mobile,+91-7005188985,Rahul Kapoor
P001974,Mobile,+91-9227979800,Nikhil Kapoor
P001975,Mobile,+91-7525083892,Sneha Kapoor
P001976,Mobile,+91-7422463934,Ananya Mehta
P001977,Mobile,+91-7515670898,Rahul Iyer
P001978,Mobile,+91-8864993008,Aarav Nair
P001979,Mobile,+91-8234536066,Ishaan Kapoor
P001980,Mobile,+91-9343050647,Neha Gupta
P001981,Mobile,+91-9196038259,Meera Das
P001982,Mobile,+91-9537578484,Anika Singh
P001982,Emergency,+91-6073601134,Kavya Mehta
P001983,Mobile,+91-9845474556,Sneha Das
P001984,Mobile,+91-9088856962,Rohan Gupta
P001985,Mobile,+91-8253850420,Aarav Nair
P001986,Mobile,+91-7427923425,Karan Nair
P001987,Mobile,+91-9622308281,Varun Verma
P001988,Mobile,+91-6153191032,Arjun Iyer
P001989,Mobile,+91-8010336972,Arjun Iyer
P001990,Mobile,+91-8347547233,Varun Kapoor
P001991,Mobile,+91-9453206487,Priya Mehta
P001992,Mobile,+91-7722187324,Ira Kapoor
P001993,Mobile,+91-8280724837,Rahul Reddy
P001994,Mobile,+91-6664140011,Rahul Gupta
P001995,Mobile,+91-8269241775,Nikhil Gupta
P001996,Mobile,+91-7434506126,Varun Kapoor
P001997,Mobile,+91-7247009622,Arjun Rao
P001998,Mobile,+91-6154479614,Kavya Nair
P001999,Mobile,+91-6133363222,Nikhil Singh
P002000,Mobile,+91-9406076616,Ishaan Kapoor
P002000,Emergency,+91-7608079012,Anika Reddy
P002001,Mobile,+91-9632144063,Rahul Patel
P002002,Mobile,+91-8501459187,Anika Joshi
P002003,Mobile,+91-6513671039,Rahul Das
P002004,Mobile,+91-9978803763,Ira Sharma
P002005,Mobile,+91-6480172279,Rohan Mehta
P002006,Mobile,+91-7013271708,Karan Kapoor
P002007,Mobile,+91-7721398379,Meera Mehta
P002007,Emergency,+91-9976261085,Nikhil Kapoor
P002008,Mobile,+91-7806663577,Vikram Nair
P002009,Mobile,+91-9910527753,Anika Kapoor
P002010,Mobile,+91-7745735151,Neha Sharma
P002010,Emergency,+91-8905483680,Anika Reddy
P002011,Mobile,+91-6229395250,Meera Patel
P002012,Mobile,+91-9632221365,Sneha Nair
P002013,Mobile,+91-7423370896,Anika Nair
P002014,Mobile,+91-9469063787,Rohan Kapoor
P002015,Mobile,+91-6685930483,Rohan Mehta
P002015,Emergency,+91-6176952234,Neha Sharma
P002016,Mobile,+91-7749880601,Rahul Mehta
P002017,Mobile,+91-6054173176,Vikram Reddy
P002018,Mobile,+91-9010476060,Ira Kapoor
P002019,Mobile,+91-9808363889,Arjun Iyer
P002019,Emergency,+91-8046006975,Kavya Sharma
P002020,Mobile,+91-6591885615,Priya Joshi
P002020,Emergency,+91-9572827114,Aditi Reddy
P002021,Mobile,+91-7696998179,Arjun Menon
P002022,Mobile,+91-9271047528,Rahul Iyer
P002023,Mobile,+91-6103696095,Meera Singh
P002024,Mobile,+91-9523490134,Arjun Das
P002025,Mobile,+91-9742274927,Ishaan Reddy
P002026,Mobile,+91-6129444945,Anika Mehta
P002027,Mobile,+91-9046333465,Priya Iyer
P002028,Mobile,+91-9073269428,Rahul Singh
P002029,Mobile,+91-9620617544,Anika Das
P002030,Mobile,+91-9757680135,Ira Iyer
P002031,Mobile,+91-6290008527,Vikram Nair
P002032,Mobile,+91-8510626729,Aditi Singh
P002032,Emergency,+91-6126494182,Neha Singh
P002033,Mobile,+91-6642953992,Karan Kapoor
P002034,Mobile,+91-9072736496,Meera Joshi
P002034,Emergency,+91-9991711632,Pooja Mehta
P002035,Mobile,+91-8693756552,Aarav Joshi
P002036,Mobile,+91-7441742351,Ira Reddy
P002037,Mobile,+91-6587672342,Varun Iyer
P002038,Mobile,+91-6849599480,Ishaan Sharma
P002039,Mobile,+91-8060672072,Nikhil Sharma
P002040,Mobile,+91-6479402470,Kavya Gupta
P002041,Mobile,+91-7382119047,Aarav Rao
P002042,Mobile,+91-8163754916,Kavya Joshi
P002043,Mobile,+91-7874169555,Aditi Sharma
P002044,Mobile,+91-7315708290,Aarav Joshi
P002045,Mobile,+91-7016420024,Ira Singh
P002046,Mobile,+91-7992224507,Kavya Verma
P002047,Mobile,+91-7377085678,Arjun Menon
P002048,Mobile,+91-6940987539,Varun Nair
P002049,Mobile,+91-6125657451,Aditi Rao
P002050,Mobile,+91-7927367445,Karan Verma
P002050,Emergency,+91-8003773049,Aarav Kapoor
P002051,Mobile,+91-6823992183,Ishaan Rao
P002052,Mobile,+91-8075549174,Rohan Sharma
P002053,Mobile,+91-7990571627,Aarav Rao
P002054,Mobile,+91-9791754692,Ira Rao
P002055,Mobile,+91-8114566850,Ira Patel
P002056,Mobile,+91-9677633494,Kavya Sharma
P002057,Mobile,+91-6175722309,Vikram Das
P002058,Mobile,+91-6227397988,Diya Menon
P002059,Mobile,+91-6736263755,Priya Gupta
P002060,Mobile,+91-6457286459,Sneha Das
P002061,Mobile,+91-6495217573,Anika Menon
P002061,Emergency,+91-9681910454,Pooja Nair
P002062,Mobile,+91-9737202718,Aarav Verma
P002063,Mobile,+91-8071384546,Ananya Singh
P002064,Mobile,+91-7954816283,Kavya Nair
P002065,Mobile,+91-8196213497,Varun Singh
P002066,Mobile,+91-7216532359,Diya Menon
P002067,Mobile,+91-6813766654,Diya Das
P002068,Mobile,+91-9095164412,Rohan Reddy
P002069,Mobile,+91-9644620778,Rahul Joshi
P002069,Emergency,+91-9845772769,Ananya Gupta
P002070,Mobile,+91-8566409823,Aarav Joshi
P002071,Mobile,+91-7055834268,Nikhil Menon
P002072,Mobile,+91-9600368134,Neha Patel
P002073,Mobile,+91-7757291651,Rohan Sharma
P002074,Mobile,+91-8074449881,Ira Menon
P002075,Mobile,+91-6300469391,Ishaan Gupta
P002076,Mobile,+91-6234571482,Nikhil Reddy
P002077,Mobile,+91-9893062690,Vikram Mehta
P002078,Mobile,+91-7983331424,Sneha Sharma
P002079,Mobile,+91-9720765931,Ananya Rao
P002080,Mobile,+91-6660288872,Arjun Joshi
P002081,Mobile,+91-8414910695,Nikhil Joshi
P002081,Emergency,+91-6180710997,Priya Verma
P002082,Mobile,+91-9876867548,Arjun Verma
P002082,Emergency,+91-7597736581,Vikram Gupta
P002083,Mobile,+91-9831720833,Ishaan Kapoor
P002084,Mobile,+91-8254975071,Rohan Nair
P002084,Emergency,+91-8936908835,Priya Gupta
P002085,Mobile,+91-9079870370,Neha Iyer
P002086,Mobile,+91-7487336333,Priya Reddy
P002087,Mobile,+91-9994948186,Rohan Kapoor
P002088,Mobile,+91-9318175400,Rohan Das
P002089,Mobile,+91-8358656419,Ishaan Gupta
P002090,Mobile,+91-8866083291,Rohan Rao
P002091,Mobile,+91-7127024366,Ishaan Patel
P002091,Emergency,+91-7108688402,Priya Verma
P002092,Mobile,+91-9016488590,Rohan Sharma
P002093,Mobile,+91-9521284096,Ira Menon
P002094,Mobile,+91-7815939678,Nikhil Joshi
P002095,Mobile,+91-8266272308,Ananya Reddy
P002096,Mobile,+91-8562571864,Ira Joshi
P002096,Emergency,+91-9331210089,Rahul Patel
P002097,Mobile,+91-6628038752,Ishaan Rao
P002098,Mobile,+91-8143150985,Sneha Reddy
P002099,Mobile,+91-7664337200,Varun Menon
P002099,Emergency,+91-9860998520,Neha Das
P002100,Mobile,+91-7433413831,Karan Das
P002101,Mobile,+91-8474739904,Ishaan Iyer
P002102,Mobile,+91-9325796535,Sneha Das
P002103,Mobile,+91-8139483760,Aditi Kapoor
P002104,Mobile,+91-8230308202,Aditi Rao
P002105,Mobile,+91-7871409533,Aarav Gupta
P002105,Emergency,+91-6426898228,Meera Rao
P002106,Mobile,+91-6162972741,Arjun Gupta
P002107,Mobile,+91-6055195568,Meera Verma
P002108,Mobile,+91-9979644927,Sneha Rao
P002109,Mobile,+91-9304077481,Vikram Menon
P002110,Mobile,+91-6327433962,Ananya Nair
P002111,Mobile,+91-7001843680,Ira Das
P002112,Mobile,+91-9272007758,Rahul Menon
P002112,Emergency,+91-9176703431,Aditi Nair
P002113,Mobile,+91-8060609259,Vikram Mehta
P002114,Mobile,+91-6632000846,Diya Sharma
P002115,Mobile,+91-9166524563,Diya Menon
P002116,Mobile,+91-9410054279,Priya Nair
P002117,Mobile,+91-6919433566,Kavya Singh
P002118,Mobile,+91-6373507158,Diya Gupta
P002119,Mobile,+91-7675196237,Rohan Nair
P002120,Mobile,+91-8472190640,Varun Das
P002120,Emergency,+91-6552397598,Aditi Mehta
P002121,Mobile,+91-8896563252,Arjun Gupta
P002122,Mobile,+91-8940582027,Aarav Kapoor
P002123,Mobile,+91-6054349167,Aditi Mehta
P002124,Mobile,+91-9967029777,Vikram Nair
P002125,Mobile,+91-8593294201,Vikram Sharma
P002126,Mobile,+91-8391595267,Varun Kapoor
P002127,Mobile,+91-9668306898,Priya Nair
P002128,Mobile,+91-8963736396,Kavya Menon
P002129,Mobile,+91-9242384445,Neha Nair
P002130,Mobile,+91-6073032803,Ishaan Menon
P002131,Mobile,+91-6771314678,Neha Nair
P002132,Mobile,+91-8585529773,Karan Rao
P002133,Mobile,+91-6434543397,Meera Kapoor
P002134,Mobile,+91-8544944517,Aditi Verma
P002135,Mobile,+91-8516345110,Meera Patel
P002136,Mobile,+91-8798859070,Rahul Sharma
P002137,Mobile,+91-7137758356,Kavya Reddy
P002138,Mobile,+91-9030838263,Neha Patel
P002139,Mobile,+91-9019533539,Priya Iyer
P002140,Mobile,+91-9355610407,Anika Das
P002141,Mobile,+91-9476096173,Aarav Kapoor
P002142,Mobile,+91-8084471878,Arjun Sharma
P002143,Mobile,+91-6164779037,Neha Patel
P002144,Mobile,+91-7645861758,Nikhil Gupta
P002145,Mobile,+91-8505105052,Karan Iyer
P002146,Mobile,+91-8140455441,Rohan Verma
P002147,Mobile,+91-6264239298,Rohan Reddy
P002148,Mobile,+91-7181223032,Vikram Reddy
P002149,Mobile,+91-6909367143,Aarav Nair
P002150,Mobile,+91-6820865304,Ananya Joshi
P002151,Mobile,+91-9180960168,Ananya Nair
P002152,Mobile,+91-8305942243,Rohan Iyer
P002153,Mobile,+91-8259153970,Diya Menon
P002154,Mobile,+91-7181974084,Diya Sharma
P002155,Mobile,+91-8027479287,Diya Patel
P002156,Mobile,+91-7443974756,Varun Joshi
P002157,Mobile,+91-7906131300,Arjun Menon
P002158,Mobile,+91-9875009907,Diya Mehta
P002159,Mobile,+91-6374354262,Aarav Sharma
P002160,Mobile,+91-7012508111,Karan Rao
P002161,Mobile,+91-6855016681,Vikram Iyer
P002162,Mobile,+91-7961192864,Neha Das
P002163,Mobile,+91-6280158186,Ishaan Patel
P002163,Emergency,+91-6130375452,Neha Nair
P002164,Mobile,+91-7718925032,Ananya Reddy
P002165,Mobile,+91-7762686083,Diya Patel
P002166,Mobile,+91-9596996846,Sneha Mehta
P002167,Mobile,+91-8675814964,Varun Sharma
P002168,Mobile,+91-8318760208,Aditi Das
P002169,Mobile,+91-7440955235,Pooja Rao
P002170,Mobile,+91-9028028018,Aditi Sharma
P002171,Mobile,+91-8264454288,Arjun Joshi
P002172,Mobile,+91-9132438509,Ira Gupta
P002173,Mobile,+91-6746790376,Ananya Nair
P002174,Mobile,+91-9055912631,Rahul Sharma
P002175,Mobile,+91-8087924338,Arjun Verma
P002176,Mobile,+91-6979703963,Diya Reddy
P002177,Mobile,+91-8838472328,Karan Reddy
P002178,Mobile,+91-6559719579,Arjun Mehta
P002179,Mobile,+91-9697474105,Vikram Das
P002180,Mobile,+91-9264285857,Varun Nair
P002181,Mobile,+91-7088296956,Neha Singh
P002182,Mobile,+91-9706714635,Aditi Sharma
P002183,Mobile,+91-7615686353,Rahul Singh
P002184,Mobile,+91-9111058272,Aarav Reddy
P002185,Mobile,+91-8086214815,Vikram Rao
P002186,Mobile,+91-9763965005,Anika Joshi
P002187,Mobile,+91-7389291652,Neha Reddy
P002188,Mobile,+91-7580920837,Ishaan Singh
P002189,Mobile,+91-6112610276,Karan Singh
P002190,Mobile,+91-8618929625,Arjun Sharma
P002190,Emergency,+91-7629509834,Vikram Das
P002191,Mobile,+91-8698932798,Karan Patel
P002191,Emergency,+91-7150356145,Meera Iyer
P002192,Mobile,+91-6746715590,Sneha Nair
P002193,Mobile,+91-6485816080,Kavya Gupta
P002194,Mobile,+91-6883228688,Karan Singh
P002194,Emergency,+91-9232035871,Ananya Reddy
P002195,Mobile,+91-9215625668,Ananya Gupta
P002196,Mobile,+91-8474104188,Aarav Menon
P002197,Mobile,+91-9277947898,Pooja Menon
P002198,Mobile,+91-8148472938,Neha Singh
P002199,Mobile,+91-9632874849,Arjun Joshi
P002200,Mobile,+91-8085635549,Rahul Kapoor
P002201,Mobile,+91-6118989724,Priya Reddy
P002202,Mobile,+91-8797206191,Aditi Rao
P002203,Mobile,+91-9475234329,Sneha Kapoor
P002204,Mobile,+91-6321211258,Karan Patel
P002205,Mobile,+91-8458969300,Nikhil Sharma
P002206,Mobile,+91-9685591315,Rahul Mehta
P002207,Mobile,+91-7061859720,Vikram Rao
P002208,Mobile,+91-7739595697,Nikhil Reddy
P002209,Mobile,+91-8856844246,Anika Verma
P002210,Mobile,+91-9279970651,Pooja Iyer
P002211,Mobile,+91-6327737329,Ananya Menon
P002212,Mobile,+91-7847952462,Priya Rao
P002213,Mobile,+91-7673334454,Diya Menon
P002214,Mobile,+91-6822475722,Meera Patel
P002215,Mobile,+91-7881156734,Aditi Patel
P002215,Emergency,+91-6472618001,Diya Sharma
P002216,Mobile,+91-8260662724,Aditi Joshi
P002217,Mobile,+91-6496290659,Neha Joshi
P002218,Mobile,+91-8090040748,Rahul Joshi
P002219,Mobile,+91-9842560861,Anika Menon
P002220,Mobile,+91-7180145700,Aarav Das
P002221,Mobile,+91-9811250132,Vikram Kapoor
P002222,Mobile,+91-8852930681,Varun Patel
P002223,Mobile,+91-7476998662,Ishaan Patel
P002224,Mobile,+91-9870509554,Varun Rao
P002225,Mobile,+91-9665419695,Meera Joshi
P002226,Mobile,+91-7849696603,Pooja Mehta
P002226,Emergency,+91-9300123599,Nikhil Iyer
P002227,Mobile,+91-8381986462,Rohan Kapoor
P002228,Mobile,+91-7459616464,Aditi Reddy
P002229,Mobile,+91-8917457434,Diya Patel
P002229,Emergency,+91-9024758564,Aarav Mehta
P002230,Mobile,+91-8939959470,Pooja Mehta
P002231,Mobile,+91-6270784499,Ira Joshi
P002232,Mobile,+91-9013548367,Anika Rao
P002233,Mobile,+91-8922723693,Nikhil Verma
P002234,Mobile,+91-7353115481,Ira Sharma
P002235,Mobile,+91-7663172914,Aarav Verma
P002236,Mobile,+91-7098098384,Ishaan Verma
P002237,Mobile,+91-8773246752,Neha Iyer
P002238,Mobile,+91-7208142915,Sneha Nair
P002239,Mobile,+91-6919172055,Arjun Kapoor
P002240,Mobile,+91-9094210172,Varun Menon
P002240,Emergency,+91-8089965125,Pooja Iyer
P002241,Mobile,+91-6939474225,Kavya Menon
P002242,Mobile,+91-6494309052,Priya Verma
P002243,Mobile,+91-9660256791,Rohan Gupta
P002244,Mobile,+91-6248762419,Rohan Das
P002245,Mobile,+91-7561050069,Karan Reddy
P002245,Emergency,+91-8550036795,Kavya Gupta
P002246,Mobile,+91-6405463804,Diya Mehta
P002247,Mobile,+91-9213292615,Varun Patel
P002248,Mobile,+91-6151665383,Sneha Gupta
P002249,Mobile,+91-8373193478,Diya Joshi
P002250,Mobile,+91-8356970056,Priya Mehta
P002251,Mobile,+91-6479400867,Ira Das
P002252,Mobile,+91-9841640763,Rohan Das
P002253,Mobile,+91-9052580289,Diya Verma
P002254,Mobile,+91-6359246330,Arjun Nair
P002255,Mobile,+91-7178799299,Rahul Mehta
P002256,Mobile,+91-7886955707,Rahul Iyer
P002257,Mobile,+91-9066953204,Diya Reddy
P002258,Mobile,+91-6752008354,Pooja Rao
P002259,Mobile,+91-9845849630,Varun Rao
P002259,Emergency,+91-6297174856,Pooja Reddy
P002260,Mobile,+91-8506116855,Priya Nair
P002261,Mobile,+91-9772561417,Neha Menon
P002262,Mobile,+91-7714126448,Nikhil Menon
P002263,Mobile,+91-8142668155,Meera Kapoor
P002264,Mobile,+91-6014269501,Varun Menon
P002265,Mobile,+91-8653136004,Karan Menon
P002265,Emergency,+91-6336309753,Vikram Singh
P002266,Mobile,+91-7932953869,Sneha Kapoor
P002267,Mobile,+91-8303985490,Pooja Gupta
P002268,Mobile,+91-7890346096,Ira Reddy
P002269,Mobile,+91-6246151473,Priya Gupta
P002269,Emergency,+91-7380464135,Aditi Iyer
P002270,Mobile,+91-7740419104,Varun Das
P002271,Mobile,+91-7666371989,Rohan Kapoor
P002272,Mobile,+91-8890182475,Arjun Kapoor
P002273,Mobile,+91-6991768510,Sneha Kapoor
P002274,Mobile,+91-9185523952,Vikram Patel
P002275,Mobile,+91-9235975337,Meera Nair
P002276,Mobile,+91-6920475119,Kavya Iyer
P002277,Mobile,+91-9499195994,Sneha Sharma
P002277,Emergency,+91-6967695433,Aarav Kapoor
P002278,Mobile,+91-7745633622,Ishaan Rao
P002279,Mobile,+91-6113613089,Aditi Reddy
P002280,Mobile,+91-7640269524,Pooja Kapoor
P002281,Mobile,+91-6357431877,Aarav Kapoor
P002282,Mobile,+91-8304475664,Sneha Gupta
P002283,Mobile,+91-9643244702,Aarav Singh
P002283,Emergency,+91-9432914701,Rohan Mehta
P002284,Mobile,+91-8941975308,Diya Reddy
P002285,Mobile,+91-9920862579,Arjun Gupta
P002286,Mobile,+91-7778017862,Rahul Patel
P002287,Mobile,+91-6671160446,Nikhil Reddy
P002287,Emergency,+91-8600423898,Varun Mehta
P002288,Mobile,+91-9097858862,Aditi Das
P002289,Mobile,+91-9153843681,Pooja Reddy
P002289,Emergency,+91-6082403160,Aditi Singh
P002290,Mobile,+91-8897742875,Arjun Sharma
P002291,Mobile,+91-9206236806,Diya Reddy
P002292,Mobile,+91-7123892314,Pooja Joshi
P002293,Mobile,+91-9046589201,Neha Reddy
P002294,Mobile,+91-8608708252,Pooja Das
P002295,Mobile,+91-8258746019,Meera Menon
P002296,Mobile,+91-8546278986,Pooja Mehta
P002297,Mobile,+91-7110188241,Sneha Verma
P002298,Mobile,+91-8950649733,Pooja Nair
P002299,Mobile,+91-8930148444,Sneha Rao
P002300,Mobile,+91-9626180338,Ishaan Iyer
P002301,Mobile,+91-7425680088,Karan Menon
P002302,Mobile,+91-6484736402,Ananya Joshi
P002303,Mobile,+91-6652778904,Sneha Nair
P002304,Mobile,+91-7217767369,Aarav Sharma
P002305,Mobile,+91-8163128620,Sneha Das
P002306,Mobile,+91-8092611182,Priya Singh
P002307,Mobile,+91-9721085478,Meera Patel
P002308,Mobile,+91-8436452123,Ananya Nair
P002309,Mobile,+91-8482533180,Anika Nair
P002310,Mobile,+91-8957534013,Arjun Reddy
P002311,Mobile,+91-7034521609,Ira Nair
P002312,Mobile,+91-6187213457,Rohan Menon
P002313,Mobile,+91-9454417803,Kavya Reddy
P002314,Mobile,+91-6960619710,Ishaan Nair
P002315,Mobile,+91-8291749841,Priya Rao
P002316,Mobile,+91-6426239094,Priya Iyer
P002317,Mobile,+91-7970056660,Rahul Reddy
P002318,Mobile,+91-6920855300,Rohan Sharma
P002319,Mobile,+91-9595166729,Nikhil Singh
P002320,Mobile,+91-9388720810,Sneha Menon
P002321,Mobile,+91-8375611385,Diya Nair
P002322,Mobile,+91-7303111354,Meera Patel
P002323,Mobile,+91-6427106069,Arjun Patel
P002324,Mobile,+91-6740279500,Diya Nair
P002324,Emergency,+91-8330987633,Priya Patel
P002325,Mobile,+91-8897244597,Pooja Menon
P002326,Mobile,+91-7640165264,Rohan Gupta
P002327,Mobile,+91-7121174538,Ananya Rao
P002328,Mobile,+91-6906654508,Diya Singh
P002329,Mobile,+91-6822033708,Meera Gupta
P002330,Mobile,+91-6294826572,Vikram Kapoor
P002331,Mobile,+91-7384230979,Arjun Reddy
P002331,Emergency,+91-8036614579,Neha Gupta
P002332,Mobile,+91-7247042868,Aarav Menon
P002333,Mobile,+91-9894210471,Sneha Nair
P002334,Mobile,+91-7418969631,Nikhil Menon
P002335,Mobile,+91-8465025864,Karan Mehta
P002336,Mobile,+91-9948854084,Rohan Reddy
P002337,Mobile,+91-8710983770,Arjun Kapoor
P002338,Mobile,+91-8883464695,Arjun Gupta
P002339,Mobile,+91-6946571502,Ananya Joshi
P002340,Mobile,+91-6843908875,Rohan Gupta
P002341,Mobile,+91-9825068628,Vikram Rao
P002342,Mobile,+91-6120942710,Priya Verma
P002343,Mobile,+91-8920028830,Neha Mehta
P002344,Mobile,+91-9003874015,Ira Menon
P002345,Mobile,+91-7617387408,Aarav Patel
P002346,Mobile,+91-9002850386,Vikram Joshi
P002347,Mobile,+91-9987565128,Meera Das
P002348,Mobile,+91-8933259271,Ananya Nair
P002349,Mobile,+91-7586340605,Rahul Verma
P002350,Mobile,+91-9104944519,Karan Iyer
P002350,Emergency,+91-6728851852,Varun Das
P002351,Mobile,+91-6118384370,Neha Iyer
P002351,Emergency,+91-7448254210,Anika Sharma
P002352,Mobile,+91-9817309475,Nikhil Verma
P002353,Mobile,+91-6976223472,Aarav Rao
P002354,Mobile,+91-7500396273,Priya Nair
P002355,Mobile,+91-7443212755,Ishaan Patel
P002356,Mobile,+91-8801455231,Ananya Singh
P002357,Mobile,+91-9953942645,Sneha Menon
P002358,Mobile,+91-9547366129,Aditi Rao
P002359,Mobile,+91-8495848271,Neha Singh
P002360,Mobile,+91-9254010758,Ananya Verma
P002361,Mobile,+91-9083109604,Ishaan Joshi
P002362,Mobile,+91-6582797819,Rohan Kapoor
P002362,Emergency,+91-6191343881,Aditi Gupta
P002363,Mobile,+91-7468979871,Arjun Singh
P002364,Mobile,+91-9861459345,Ananya Mehta
P002365,Mobile,+91-9065619218,Aditi Reddy
P002366,Mobile,+91-6958514533,Ananya Singh
P002367,Mobile,+91-7261878482,Anika Rao
P002368,Mobile,+91-6584876894,Diya Reddy
P002369,Mobile,+91-9443260237,Arjun Gupta
P002370,Mobile,+91-8318827028,Vikram Verma
P002371,Mobile,+91-6322329216,Sneha Rao
P002372,Mobile,+91-8477638351,Sneha Rao
P002373,Mobile,+91-8120470266,Aditi Kapoor
P002374,Mobile,+91-6386656894,Arjun Joshi
P002375,Mobile,+91-9317058666,Meera Das
P002376,Mobile,+91-8900636150,Diya Sharma
P002377,Mobile,+91-9945793032,Rohan Patel
P002378,Mobile,+91-7869311486,Aditi Singh
P002379,Mobile,+91-6635397240,Sneha Rao
P002380,Mobile,+91-6624342213,Arjun Sharma
P002380,Emergency,+91-6028271740,Varun Mehta
P002381,Mobile,+91-6203728127,Aditi Mehta
P002382,Mobile,+91-7021417436,Ishaan Singh
P002383,Mobile,+91-6926501916,Meera Sharma
P002384,Mobile,+91-7150070661,Karan Menon
P002385,Mobile,+91-6201115025,Ishaan Gupta
P002386,Mobile,+91-8711107722,Arjun Das
P002387,Mobile,+91-7195228268,Ananya Joshi
P002387,Emergency,+91-8132035885,Aditi Patel
P002388,Mobile,+91-8333560514,Vikram Menon
P002389,Mobile,+91-9875409642,Sneha Nair
P002390,Mobile,+91-6133852590,Rohan Kapoor
P002391,Mobile,+91-8267754071,Aditi Menon
P002392,Mobile,+91-8332027783,Rohan Joshi
P002393,Mobile,+91-7838639361,Aditi Iyer
P002394,Mobile,+91-7026762565,Diya Das
P002395,Mobile,+91-7465630468,Ishaan Sharma
P002395,Emergency,+91-8355058690,Ananya Iyer
P002396,Mobile,+91-8344296541,Rohan Joshi
P002397,Mobile,+91-6613309074,Meera Menon
P002398,Mobile,+91-9292274656,Ananya Reddy
P002399,Mobile,+91-6446194460,Nikhil Menon
P002400,Mobile,+91-9522905409,Nikhil Joshi
P002401,Mobile,+91-8978402158,Priya Joshi
P002402,Mobile,+91-7700384524,Ananya Verma
P002403,Mobile,+91-8419104980,Karan Iyer
P002404,Mobile,+91-8890008098,Ishaan Sharma
P002405,Mobile,+91-6968318193,Aditi Kapoor
P002406,Mobile,+91-9376499949,Vikram Das
P002406,Emergency,+91-8854805378,Kavya Verma
P002407,Mobile,+91-9721843501,Priya Gupta
P002408,Mobile,+91-6535769062,Rahul Reddy
P002409,Mobile,+91-8878945477,Diya Rao
P002410,Mobile,+91-6995436611,Karan Gupta
P002410,Emergency,+91-6331412556,Anika Singh
P002411,Mobile,+91-7033355647,Neha Patel
P002412,Mobile,+91-8183765458,Karan Joshi
P002413,Mobile,+91-8203313870,Rahul Kapoor
P002414,Mobile,+91-8942392637,Meera Joshi
P002415,Mobile,+91-9196202710,Neha Verma
P002416,Mobile,+91-6116845214,Rahul Mehta
P002417,Mobile,+91-6734896704,Pooja Patel
P002417,Emergency,+91-8546027427,Nikhil Singh
P002418,Mobile,+91-9416162311,Arjun Joshi
P002419,Mobile,+91-8602321756,Aditi Rao
P002420,Mobile,+91-6275347257,Kavya Singh
P002420,Emergency,+91-8763604079,Arjun Singh
P002421,Mobile,+91-6150638249,Neha Patel
P002422,Mobile,+91-8909383295,Kavya Rao
P002422,Emergency,+91-8901778616,Kavya Gupta
P002423,Mobile,+91-8142528378,Diya Iyer
P002424,Mobile,+91-8236835948,Ira Menon
P002424,Emergency,+91-7600615247,Aditi Sharma
P002425,Mobile,+91-9396575284,Diya Sharma
P002426,Mobile,+91-7116510798,Aditi Das
P002427,Mobile,+91-9175655896,Ishaan Reddy
P002428,Mobile,+91-8202180217,Ananya Das
P002429,Mobile,+91-8050079848,Rohan Gupta
P002430,Mobile,+91-9746128788,Meera Kapoor
P002431,Mobile,+91-6343798235,Nikhil Menon
P002431,Emergency,+91-8718948251,Kavya Singh
P002432,Mobile,+91-8566919741,Varun Rao
P002432,Emergency,+91-9406505260,Rohan Sharma
P002433,Mobile,+91-9606779354,Rohan Das
P002433,Emergency,+91-9444773120,Ira Gupta
P002434,Mobile,+91-8693104270,Arjun Iyer
P002435,Mobile,+91-8192459013,Anika Patel
P002436,Mobile,+91-8625870049,Nikhil Menon
P002437,Mobile,+91-6855340309,Aditi Nair
P002438,Mobile,+91-7341118486,Arjun Mehta
P002439,Mobile,+91-8274691778,Ananya Mehta
P002440,Mobile,+91-6841393584,Karan Rao
P002441,Mobile,+91-6002568235,Rohan Verma
P002442,Mobile,+91-6387660155,Aditi Mehta
P002443,Mobile,+91-7079802841,Ishaan Kapoor
P002444,Mobile,+91-8072435797,Neha Gupta
P002445,Mobile,+91-6008178844,Rahul Reddy
P002446,Mobile,+91-9818109519,Arjun Kapoor
P002447,Mobile,+91-9375051857,Karan Singh
P002447,Emergency,+91-8448172808,Meera Reddy
P002448,Mobile,+91-8790224648,Vikram Nair
P002449,Mobile,+91-8032175963,Aarav Rao
P002449,Emergency,+91-8896906499,Priya Menon
P002450,Mobile,+91-6724745296,Diya Gupta
P002450,Emergency,+91-6642650062,Ananya Nair
P002451,Mobile,+91-6184986398,Kavya Iyer
P002452,Mobile,+91-9927952052,Ira Singh
P002453,Mobile,+91-9356343563,Ananya Sharma
P002454,Mobile,+91-8871228155,Aarav Rao
P002454,Emergency,+91-6731823466,Ira Joshi
P002455,Mobile,+91-9261489010,Diya Das
P002456,Mobile,+91-6901353273,Sneha Verma
P002456,Emergency,+91-7052564867,Anika Reddy
P002457,Mobile,+91-9391377608,Pooja Patel
P002458,Mobile,+91-6691044603,Ananya Rao
P002458,Emergency,+91-9848376123,Ira Patel
P002459,Mobile,+91-7902794109,Sneha Sharma
P002460,Mobile,+91-9114641162,Ira Nair
P002461,Mobile,+91-9724546408,Priya Verma
P002462,Mobile,+91-9339391876,Kavya Singh
P002463,Mobile,+91-8315294894,Rohan Singh
P002464,Mobile,+91-8878163215,Anika Rao
P002465,Mobile,+91-8984614513,Rahul Singh
P002466,Mobile,+91-9368663723,Vikram Patel
P002467,Mobile,+91-6893338671,Kavya Sharma
P002468,Mobile,+91-7081776556,Vikram Menon
P002469,Mobile,+91-9393724446,Neha Kapoor
P002470,Mobile,+91-7108344015,Nikhil Sharma
P002471,Mobile,+91-8157880544,Anika Patel
P002472,Mobile,+91-8446290409,Sneha Nair
P002473,Mobile,+91-9360220021,Aarav Patel
P002474,Mobile,+91-9142278800,Pooja Patel
P002474,Emergency,+91-8800602488,Ira Nair
P002475,Mobile,+91-6817287803,Priya Das
P002476,Mobile,+91-6874024315,Vikram Singh
P002477,Mobile,+91-6114806112,Ishaan Das
P002478,Mobile,+91-8900250248,Rohan Iyer
P002479,Mobile,+91-9904919669,Rahul Reddy
P002480,Mobile,+91-8723902235,Diya Das
P002481,Mobile,+91-7056757274,Ananya Sharma
P002482,Mobile,+91-6236604572,Karan Gupta
P002483,Mobile,+91-7350782853,Aditi Nair
P002484,Mobile,+91-7462393599,Aditi Nair
P002485,Mobile,+91-8602342392,Ishaan Sharma
P002485,Emergency,+91-8006158724,Ira Joshi
P002486,Mobile,+91-6002310959,Karan Sharma
P002487,Mobile,+91-7736132172,Kavya Sharma
P002488,Mobile,+91-7013151019,Nikhil Das
P002489,Mobile,+91-8468478016,Diya Rao
P002490,Mobile,+91-9173299354,Vikram Rao
P002490,Emergency,+91-7617253137,Kavya Das
P002491,Mobile,+91-7441170464,Vikram Patel
P002492,Mobile,+91-6168275813,Ananya Menon
P002493,Mobile,+91-9136016458,Rahul Reddy
P002493,Emergency,+91-8104211266,Rohan Sharma
P002494,Mobile,+91-6465073603,Varun Rao
P002495,Mobile,+91-6778015356,Anika Gupta
P002496,Mobile,+91-8632096521,Kavya Reddy
P002497,Mobile,+91-6072859489,Karan Joshi
P002498,Mobile,+91-6436329402,Karan Reddy
P002499,Mobile,+91-6540991329,Sneha Mehta
P002500,Mobile,+91-8001201148,Ishaan Reddy
