patient_id,patient_name,dob,gender,city,state_code,registration_date,patient_segment,primary_language
P000001,Diya Mehta,1985-01-30, Female ,Chennai,TN,2025-08-18,Self Pay,Kannada
P000002,Aditi Kapoor,1989-12-06,M,Mumbai,MH,2025-03-18,Government,Telugu
P000003,Pooja Nair,1940-03-24,Other,New Delhi,DL,2022-06-15,Self Pay,Hindi
P000004,Diya Das,1941-01-11,M,Chennai,TN,2025-10-23,Corporate,Kannada
P000005,Anika Iyer,1971-03-11,F,Singapore,SG,2024-02-10,Self Pay,Hindi
P000006,Arjun Joshi,1988-04-09,F,New York,NY,2023-08-13,Government,Kannada
P000007,Neha Iyer,1942-03-21,F,London,LON,2024-01-15,Government,Tamil
P000008,Arjun Rao,1992-07-18,Other,San Francisco,CA,2024-10-17,Self Pay,Tamil
P000009,Ira Gupta,2007-04-19,Other,Berlin,BE,2024-10-02,Government,Telugu
P000010,Sneha Verma,1977-09-04,Other,London,LON,2024-09-08,Self Pay,Telugu
P000011,Rohan Gupta,1951-07-29,F,Singapore,SG,2025-12-14,Self Pay,Telugu
P000012,Karan Das,1952-10-10,M,Chennai,TN,2023-04-14,Self Pay,Tamil
P000013,Varun Singh,1988-12-13,F,Bengaluru,KA,2025-02-20,Government,Hindi
P000014,Rahul Gupta,1998-01-12,Other,New Delhi,DL,2025-12-01,Government,Tamil
P000015,Karan Nair,1966-05-30,F,Hyderabad,TS,2022-01-19,Self Pay,Kannada
P000016,Aditi Das,2012-02-02,Other,Chennai,TN,2024-09-29,Corporate,Kannada
P000017,Sneha Singh,1983-07-25,M,London,LON,2024-11-13,Government,Tamil
P000018,Rahul Menon,1943-01-06,F,Chennai,TN,2023-10-11,Government,English
P000019,Pooja Singh,2004-04-12,Other,New York,NY,2023-06-15,Government,Kannada
P000020,Karan Verma,2005-04-23,M,San Francisco,CA,2022-05-12,Corporate,Tamil
P000021,Nikhil Patel,1957-06-16,M,Chennai,TN,2022-10-27,Government,English
P000022,Arjun Sharma,1980-06-24,Other,Mysuru,KA,2025-01-24,Self Pay,Telugu
P000023,Meera Nair,1950-11-02,Other,New York,NY,2022-04-02,Corporate,Hindi
P000024,Ishaan Sharma,1968-02-13,Other,Hyderabad,TS,2025-03-22,Government,Kannada
P000025,Rahul Nair,1982-06-07,Other,Bengaluru,KA,2022-09-26,Corporate,English
P000026,Karan Menon,1954-05-13,M,New Delhi,DL,2025-04-15,Corporate,Telugu
P000027,Karan Rao,2012-06-27,M,San Francisco,CA,2024-12-01,Insured,Tamil
P000028,Aarav Patel,1974-12-06,F,London,LON,2022-04-16,Corporate,Hindi
P000029,Aarav Sharma,1985-10-15,M,Mysuru,KA,2023-11-03,Corporate,Tamil
P000030,Priya Patel,1984-08-21,M,Singapore,SG,2025-03-16,Insured,Kannada
P000031,Neha Joshi,1958-07-27,M,London,LON,2025-06-30,Corporate,Tamil
P000032,Aditi Nair,2000-11-14,F,Hyderabad,TS,2025-01-25,Government,English
P000033,Meera Menon,1955-07-21,F,Chennai,TN,2025-08-20,Self Pay,Tamil
P000034,Meera Das,2003-10-13,F,Singapore,SG,2022-09-22,Insured,Telugu
P000035,Ishaan Reddy,1999-04-27,M,New Delhi,DL,2024-03-09,Corporate,Tamil
P000036,Rahul Rao,1947-01-21,M,Mumbai,MH,2023-09-17,Insured,Hindi
P000037,Kavya Iyer,1981-08-14,M,Chennai,TN,2024-05-01,Corporate,Tamil
P000038,Kavya Mehta,1986-08-04,M,Chennai,TN,2024-06-29,Self Pay,Telugu
P000039,Ira Gupta,1964-07-25,F,Mysuru,KA,2023-03-15,Insured,English
P000040,Arjun Das,1997-12-04,F,New Delhi,DL,2024-04-15,Insured,English
P000041,Nikhil Verma,1954-01-23,F,Chennai,TN,2025-02-24,Insured,English
P000042,Aditi Singh,1965-02-28,Other,Mysuru,KA,2025-03-09,Insured,Telugu
P000043,Vikram Kapoor,1964-01-20,Other,London,LON,2022-09-29,Self Pay,Hindi
P000044,Diya Rao,1955-05-14,F,London,LON,2025-11-02,Self Pay,Hindi
P000045,Kavya Menon,1996-07-11,F,San Francisco,CA,2024-11-03,Corporate,Hindi
P000046,Neha Verma,1945-09-25,F,Chennai,TN,2023-10-07,Insured,Hindi
P000047,Sneha Patel,1941-03-30,M,New Delhi,DL,2023-06-11,Government,English
P000048,Ananya Patel,1961-02-06,F,New York,NY,2023-09-27,Self Pay,English
P000049,Rahul Kapoor,1971-06-05,F,New York,NY,2024-07-22,Self Pay,Tamil
P000050,Priya Kapoor,1959-05-06,Other,Chennai,TN,2024-08-05,Government,English
P000051,Nikhil Verma,1984-12-20,F,Berlin,BE,2024-03-07,Corporate,Hindi
P000052,Ananya Singh,2004-02-28,M,Singapore,SG,2022-02-18,Corporate,Hindi
P000053,Vikram Singh,2009-01-01,F,Hyderabad,TS,2023-09-01,Government,Hindi
P000054,Neha Sharma,1988-08-21,F,Hyderabad,TS,2023-02-09,Self Pay,English
P000055,Kavya Kapoor,1951-01-03,F,New Delhi,DL,2022-03-18,Insured,Telugu
P000056,Nikhil Kapoor,1998-02-15,F,Hyderabad,TS,2022-02-28,Government,Telugu
P000057,Ishaan Mehta,1977-04-04,M,Bengaluru,KA,2024-02-12,Insured,Tamil
P000058,Rohan Gupta,1951-03-26,M,New York,NY,2025-01-16,Self Pay,Telugu
P000059,Rahul Rao,1962-11-15,M,San Francisco,CA,2023-04-13,Self Pay,English
P000060,Sneha Joshi,1982-12-16,M,Berlin,BE,2023-06-25,Corporate,Kannada
P000061,Neha Patel,2015-04-27,M,Singapore,SG,2025-02-06,Self Pay,Telugu
P000062,Sneha Mehta,1996-10-15, Female ,Berlin,BE,2023-10-13,Self Pay,English
P000063,Rohan Das,1945-03-25,M,Bengaluru,KA,2025-10-22,Insured,Tamil
P000064,Nikhil Gupta,1960-11-09,Other,Chennai,TN,2023-07-19,Corporate,Kannada
P000065,Nikhil Mehta,1981-03-15,M,Singapore,SG,2025-01-28,Government,Telugu
P000066,Vikram Nair,1954-03-14,M,San Francisco,CA,2022-11-11,Government,English
P000067,Nikhil Verma,2014-12-01,Other,Singapore,SG,2025-12-09,Government,English
P000068,Kavya Patel,1966-10-29,F,Mysuru,KA,2025-01-24,Corporate,Kannada
P000069,Diya Sharma,1987-11-08,M,New Delhi,DL,2025-11-25,Corporate,Telugu
P000070,Ananya Rao,1974-02-21,Other,London,LON,2024-11-23,Insured,Telugu
P000071,Diya Patel,1952-09-23,M,Hyderabad,TS,2023-11-15,Corporate,Hindi
P000072,Ananya Singh,1993-03-05,M,San Francisco,CA,2022-11-29,Corporate,Hindi
P000073,Rahul Iyer,1972-01-18,M,Bengaluru,KA,2024-03-06,Insured,English
P000074,Aditi Menon,1983-01-24,M,Singapore,SG,2023-12-30,Insured,Telugu
P000075,Aarav Reddy,1968-03-25,Other,London,LON,2022-10-24,Insured,English
P000076,Diya Joshi,1999-11-26,F,New Delhi,DL,2024-02-07,Self Pay,Hindi
P000077,Vikram Nair,1987-09-27,M,Mumbai,MH,2025-05-12,Insured,Kannada
P000078,Diya Mehta,1983-06-22,F,New York,NY,2026-01-28,Self Pay,Tamil
P000079,Sneha Kapoor,1967-01-18,F,Mysuru,KA,2023-12-14,Government,Tamil
P000080,Diya Joshi,1986-07-22,M,Singapore,SG,2024-01-05,Government,Telugu
P000081,Nikhil Patel,1946-03-12,F,London,LON,2024-10-10,Corporate,Hindi
P000082,Rohan Reddy,1969-02-26,M,Hyderabad,TS,2024-11-02,Corporate,Hindi
P000083,Varun Rao,1968-02-21,M,Mumbai,MH,2023-02-07,Government,Kannada
P000084,Nikhil Gupta,2010-08-15,F,San Francisco,CA,2024-04-19,Government,Kannada
P000085,Ishaan Das,2006-08-29,Other,London,LON,2025-09-07,Insured,Tamil
P000086,Sneha Mehta,2014-12-20,F,Mysuru,KA,2023-10-18,Corporate,Tamil
P000087,Sneha Reddy,1988-11-26,F,Hyderabad,TS,2023-04-25,Corporate,Kannada
P000088,Rahul Gupta,1951-01-21,F,Singapore,SG,2023-08-25,Government,Tamil
P000089,Anika Sharma,1989-04-26,F,Chennai,TN,2025-10-12,Government,Hindi
P000090,Diya Menon,2008-10-28,M,San Francisco,CA,2025-10-20,Insured,Tamil
P000091,Nikhil Menon,1969-08-24,F,Chennai,TN,2024-03-29,Insured,English
P000092,Sneha Joshi,2002-12-14,F,Hyderabad,TS,2022-09-25,Corporate,Telugu
P000093,Aditi Rao,2014-09-22,M,San Francisco,CA,2024-09-16,Corporate,English
P000094,Ananya Gupta,1959-09-22,F,Mysuru,KA,2025-09-15,Corporate,Hindi
P000095,Aarav Gupta,1958-10-08,M,Mysuru,KA,2024-11-20,Corporate,Telugu
P000096,Nikhil Patel,1989-11-10,M,New York,NY,2025-01-08,Self Pay,English
P000097,Ishaan Mehta,1959-09-07,M,Mysuru,KA,2023-02-27,Insured,Hindi
P000098,Arjun Kapoor,1977-05-31,Other,Hyderabad,TS,2025-10-26,Insured,English
P000099,Aarav Iyer,1977-08-21,F,New Delhi,DL,2023-01-15,Insured,Tamil
P000100,Priya Mehta,1971-03-03,F,New York,NY,2025-05-27,Government,Hindi
P000101,Varun Mehta,2015-04-08,F,Bengaluru,KA,2022-03-17,Government,Kannada
P000102,Aarav Das,2012-07-28,F,Bengaluru,KA,2023-06-04,Government,Kannada
P000103,Nikhil Iyer,1985-12-16,M,Hyderabad,TS,2023-09-15,Insured,Telugu
P000104,Ananya Verma,1976-11-10,F,Mysuru,KA,2026-01-26,Corporate,Tamil
P000105,Aditi Patel,2016-07-12,Other,Bengaluru,KA,2024-12-05,Corporate,Tamil
P000106,Priya Menon,1970-06-20,F,London,LON,2023-01-07,Self Pay,Telugu
P000107,Kavya Gupta,1963-02-06,Other,Bengaluru,KA,2024-12-02,Government,English
P000108,Aditi Nair,1942-08-04,M,Chennai,TN,2023-05-09,Insured,Tamil
P000109,Ira Verma,1987-03-29,M,New Delhi,DL,2024-11-18,Insured,Hindi
P000110,Varun Reddy,1990-02-20,F,New Delhi,DL,2024-01-15,Government,Telugu
P000111,Aditi Singh,1988-05-13,M,Singapore,SG,2022-11-08,Insured,Kannada
P000112,Ishaan Gupta,2013-03-13,Other,Chennai,TN,2022-05-06,Self Pay,Hindi
P000113,Vikram Verma,1956-01-22,M,Singapore,SG,2023-07-02,Corporate,Kannada
P000114,Pooja Reddy,1956-09-26,F,Singapore,SG,2023-01-16,Insured,Tamil
P000115,Aditi Das,1988-12-27,F,Mysuru,KA,2023-09-08,Insured,Telugu
P000116,Nikhil Joshi,1948-04-02,M,Mysuru,KA,2025-10-25,Government,Kannada
P000117,Priya Reddy,2004-02-17,Other,Mumbai,MH,2022-03-24,Government,English
P000118,Ananya Patel,1971-09-02,Other,London,LON,2025-12-14,Corporate,Hindi
P000119,Aarav Reddy,1985-02-23,M,London,LON,2022-07-04,Government,Tamil
P000120,Meera Verma,2015-07-10,M,Bengaluru,KA,2023-05-09,Insured,Tamil
P000121,Meera Mehta,1954-03-22,Other,Mumbai,MH,2024-05-14,Government,Tamil
P000122,Nikhil Singh,1958-10-07,F,Bengaluru,KA,2025-07-12,Government,Telugu
P000123,Aditi Das,1948-03-25, Female ,Mysuru,KA,2023-02-05,Self Pay,English
P000124,Nikhil Singh,2000-12-01,Other,Singapore,SG,2025-11-09,Insured,English
P000125,Kavya Nair,1997-07-07,M,Singapore,SG,2023-01-23,Government,English
P000126,Rahul Reddy,1998-02-24,F,Singapore,SG,2023-08-12,Corporate,Tamil
P000127,Aarav Das,1986-09-28,M,New York,NY,2023-07-14,Corporate,Tamil
P000128,Ishaan Patel,2011-03-04,M,London,LON,2025-02-20,Insured,Hindi
P000129,Pooja Rao,1994-08-05,Other,Mysuru,KA,2022-04-09,Corporate,Hindi
P000130,Arjun Das,1982-01-13,F,London,LON,2025-01-23,Self Pay,Hindi
P000131,Vikram Sharma,1947-03-24,Other,San Francisco,CA,2022-03-27,Self Pay,Telugu
P000132,Pooja Kapoor,1949-10-05,M,Chennai,TN,2025-08-14,Government,Telugu
P000133,Varun Joshi,1941-12-20,M,New York,NY,2023-10-15,Insured,English
P000134,Diya Rao,1948-03-29,M,Singapore,SG,2024-12-31,Corporate,English
P000135,Ananya Singh,1946-05-19,Other,Singapore,SG,2024-12-02,Self Pay,Hindi
P000136,Ishaan Iyer,1982-03-27,M,Chennai,TN,2023-10-22,Government,Kannada
P000137,Anika Nair,1986-02-13,F,Mumbai,MH,2024-05-07,Self Pay,Tamil
P000138,Rohan Kapoor,1956-07-13,M,Mysuru,KA,2023-01-22,Self Pay,Telugu
P000139,Varun Kapoor,1974-03-27,M,New Delhi,DL,2024-12-21,Self Pay,Tamil
P000140,Meera Rao,2005-07-06,F,Berlin,BE,2024-12-20,Government,Kannada
P000141,Vikram Nair,1986-10-09,F,London,LON,2023-07-02,Government,Telugu
P000142,Aarav Mehta,1994-01-10,Other,Mumbai,MH,2022-12-07,Self Pay,Telugu
P000143,Nikhil Gupta,1959-06-14,Other,Chennai,TN,2022-06-05,Insured,Tamil
P000144,Anika Gupta,1949-12-18,F,Mumbai,MH,2024-05-01,Government,English
P000145,Rohan Nair,1944-08-01,F,Berlin,BE,2022-12-13,Corporate,Hindi
P000146,Arjun Iyer,1955-01-14,F,Bengaluru,KA,2023-03-24,Self Pay,Tamil
P000147,Rahul Menon,1943-03-11,F,Hyderabad,TS,2025-11-22,Government,Telugu
P000148,Ananya Verma,1957-01-17,M,Mysuru,KA,2022-04-07,Corporate,English
P000149,Kavya Menon,1945-11-16,F,Singapore,SG,2023-02-24,Self Pay,Hindi
P000150,Aditi Menon,1943-11-29,M,London,LON,2023-06-16,Self Pay,Telugu
P000151,Kavya Joshi,1997-01-11,Other,Mumbai,MH,2025-04-10,Insured,Tamil
P000152,Ananya Joshi,1971-07-31,M,Bengaluru,KA,2025-01-04,Government,Tamil
P000153,Arjun Nair,1942-10-27,F,Berlin,BE,2024-04-26,Government,Telugu
P000154,Arjun Das,2000-07-18,Other,Bengaluru,KA,2023-01-01,Insured,Kannada
P000155,Kavya Joshi,1957-11-19,Other,Singapore,SG,2023-11-22,Government,Hindi
P000156,Kavya Das,1948-04-16,F,Mysuru,KA,2023-12-07,Self Pay,Kannada
P000157,Neha Verma,1986-05-14,M,Bengaluru,KA,2024-08-29,Insured,Hindi
P000158,Kavya Das,1989-05-09,F,Chennai,TN,2022-10-12,Self Pay,Tamil
P000159,Arjun Singh,1984-09-05,M,Chennai,TN,2025-10-05,Corporate,Telugu
P000160,Nikhil Patel,2006-08-14,Other,Bengaluru,KA,2022-02-13,Corporate,Kannada
P000161,Diya Rao,1961-12-16,F,Berlin,BE,2025-05-02,Insured,Hindi
P000162,Rahul Sharma,1942-07-24,F,New York,NY,2022-12-26,Government,Telugu
P000163,Diya Nair,1999-08-12,M,New York,NY,2022-11-22,Government,English
P000164,Arjun Reddy,1940-05-10,Other,Singapore,SG,2024-12-16,Corporate,Kannada
P000165,Karan Iyer,1941-10-26,M,New York,NY,2025-05-31,Corporate,Kannada
P000166,Anika Menon,1996-02-07,F,London,LON,2024-06-28,Self Pay,English
P000167,Rohan Verma,1969-02-18,M,Singapore,SG,2022-05-20,Government,Hindi
P000168,Pooja Gupta,1979-11-01,F,Mumbai,MH,2023-05-29,Government,Telugu
P000169,Karan Das,1966-08-05,F,Singapore,SG,2022-12-11,Self Pay,Telugu
P000170,Rahul Sharma,1958-05-09,M,Hyderabad,TS,2025-12-02,Corporate,Tamil
P000171,Rohan Verma,2002-02-10,F,Chennai,TN,2022-12-06,Self Pay,Kannada
P000172,Anika Reddy,1993-12-19,F,New York,NY,2025-08-13,Government,Kannada
P000173,Aditi Joshi,1967-03-04,Other,Mysuru,KA,2025-01-07,Government,Hindi
P000174,Nikhil Verma,1980-07-25,M,New Delhi,DL,2022-12-26,Corporate,English
P000175,Aditi Verma,1957-07-12,F,Singapore,SG,2022-12-14,Government,Telugu
P000176,Ishaan Das,1973-08-28,M,San Francisco,CA,2025-10-26,Self Pay,Telugu
P000177,Vikram Singh,1943-03-30,Other,Bengaluru,KA,2024-11-18,Corporate,Telugu
P000178,Vikram Verma,1977-02-21,M,Berlin,BE,2025-11-16,Corporate,Telugu
P000179,Ira Mehta,2014-08-12,F,Chennai,TN,2024-03-08,Insured,English
P000180,Karan Joshi,1978-07-06,M,Singapore,SG,2025-06-29,Corporate,Kannada
P000181,Rahul Kapoor,1973-11-26,F,London,LON,2022-03-01,Self Pay,Kannada
P000182,Meera Reddy,1984-01-03,Other,Singapore,SG,2024-03-17,Government,Kannada
P000183,Karan Joshi,1956-12-31,F,New York,NY,2022-03-05,Self Pay,English
P000184,Diya Nair,1975-08-31, Female ,Chennai,TN,2024-07-25,Corporate,Telugu
P000185,Diya Rao,1961-01-30,F,Chennai,TN,2023-09-29,Self Pay,English
P000186,Arjun Gupta,1970-08-29,M,London,LON,2024-08-01,Government,English
P000187,Diya Verma,2013-06-02,M,Singapore,SG,2025-02-09,Government,Hindi
P000188,Aditi Reddy,1951-03-07,F,London,LON,2023-12-11,Insured,Kannada
P000189,Pooja Das,1948-12-06,Other,New Delhi,DL,2024-05-17,Insured,English
P000190,Aarav Menon,1981-08-09,M,San Francisco,CA,2022-05-09,Government,Tamil
P000191,Ananya Das,1982-08-31,F,Mysuru,KA,2022-07-21,Self Pay,Tamil
P000192,Kavya Rao,1997-06-11,F,Berlin,BE,2023-06-08,Insured,Tamil
P000193,Diya Mehta,1955-02-25,F,Hyderabad,TS,2022-10-18,Corporate,Hindi
P000194,Karan Gupta,1949-03-07,M,Singapore,SG,2024-01-18,Self Pay,Tamil
P000195,Arjun Kapoor,2008-12-05,Other,London,LON,2023-06-26,Corporate,Tamil
P000196,Aditi Verma,1991-11-21,F,Berlin,BE,2023-04-25,Insured,Telugu
P000197,Karan Iyer,1943-01-20,Other,Mysuru,KA,2025-06-02,Corporate,Telugu
P000198,Pooja Iyer,1977-02-01,F,London,LON,2023-03-02,Government,Kannada
P000199,Nikhil Verma,1986-05-26,F,San Francisco,CA,2023-06-28,Corporate,English
P000200,Aditi Nair,1940-03-04,M,New York,NY,2025-05-15,Corporate,Hindi
P000201,Diya Menon,1970-03-08,M,Mysuru,KA,2025-08-17,Government,Telugu
P000202,Pooja Kapoor,1973-10-05,F,Mumbai,MH,2024-02-03,Government,Tamil
P000203,Neha Mehta,1991-01-31,M,New York,NY,2024-01-04,Self Pay,Hindi
P000204,Anika Singh,1971-06-19,F,London,LON,2024-09-09,Self Pay,Hindi
P000205,Karan Das,1943-12-13,Other,Berlin,BE,2022-02-17,Corporate,Telugu
P000206,Rahul Gupta,1944-11-26,F,New Delhi,DL,2023-11-09,Government,Hindi
P000207,Anika Iyer,2003-08-31,F,Mumbai,MH,2022-01-05,Insured,Kannada
P000208,Ananya Patel,1960-07-13,M,Chennai,TN,2022-04-12,Corporate,Telugu
P000209,Rahul Das,1949-04-02,Other,New Delhi,DL,2025-01-03,Self Pay,Hindi
P000210,Ishaan Patel,1977-07-14,M,Mysuru,KA,2022-08-27,Self Pay,English
P000211,Arjun Kapoor,2005-12-11,M,Mysuru,KA,2022-03-17,Insured,Tamil
P000212,Rahul Singh,1942-02-24,F,Bengaluru,KA,2024-04-17,Corporate,Telugu
P000213,Pooja Nair,1944-07-31,M,London,LON,2023-10-01,Insured,Hindi
P000214,Rahul Reddy,1994-06-02,M,Chennai,TN,2026-01-06,Self Pay,English
P000215,Pooja Kapoor,1977-01-05,M,Mumbai,MH,2024-06-22,Insured,English
P000216,Vikram Gupta,2010-01-22,F,Berlin,BE,2022-09-21,Government,Kannada
P000217,Sneha Singh,1981-06-12,Other,Singapore,SG,2025-06-26,Insured,Kannada
P000218,Priya Reddy,2008-06-12,F,Chennai,TN,2022-03-05,Self Pay,Kannada
P000219,Pooja Rao,1946-11-30,F,Bengaluru,KA,2024-03-11,Self Pay,English
P000220,Nikhil Kapoor,2000-02-10,F,Mumbai,MH,2023-07-21,Insured,Kannada
P000221,Priya Iyer,1948-04-29,F,Mumbai,MH,2025-01-08,Self Pay,Telugu
P000222,Arjun Singh,1960-03-13,M,London,LON,2025-02-17,Corporate,Kannada
P000223,Kavya Reddy,1957-06-03,Other,Mumbai,MH,2023-06-01,Self Pay,Tamil
P000224,Sneha Kapoor,1998-01-07,M,Chennai,TN,2024-01-14,Insured,Kannada
P000225,Kavya Mehta,1982-07-01,F,Mumbai,MH,2025-08-03,Insured,Telugu
P000226,Vikram Gupta,2011-08-10,Other,Berlin,BE,2022-04-11,Corporate,Kannada
P000227,Sneha Das,1996-12-24,F,London,LON,2023-09-18,Insured,Hindi
P000228,Pooja Rao,2010-11-12,F,Bengaluru,KA,2023-03-02,Corporate,English
P000229,Sneha Menon,2013-10-02,M,New Delhi,DL,2022-05-28,Government,Hindi
P000230,Vikram Iyer,1951-09-30,F,Berlin,BE,2022-05-20,Corporate,Tamil
P000231,Arjun Nair,1998-09-08,M,London,LON,2025-01-11,Self Pay,English
P000232,Priya Nair,1942-06-27,F,Mumbai,MH,2022-07-12,Corporate,Tamil
P000233,Ira Verma,1976-12-14,F,Bengaluru,KA,2025-01-12,Insured,English
P000234,Nikhil Verma,2000-08-27,Other,Berlin,BE,2026-01-08,Government,Tamil
P000235,Karan Sharma,1996-02-07,F,Mumbai,MH,2024-01-14,Insured,Telugu
P000236,Sneha Joshi,1996-11-16,Other,Bengaluru,KA,2023-12-07,Government,Telugu
P000237,Arjun Menon,1998-02-08,F,Chennai,TN,2024-06-06,Government,English
P000238,Aditi Sharma,1982-05-20,M,Singapore,SG,2025-09-12,Government,Tamil
P000239,Diya Singh,1997-11-27,F,Bengaluru,KA,2022-09-07,Corporate,English
P000240,Rohan Rao,1960-03-27,M,New York,NY,2023-07-24,Insured,Tamil
P000241,Aarav Patel,1943-06-12,Other,Chennai,TN,2024-08-30,Corporate,Kannada
P000242,Anika Gupta,1997-08-27,M,Bengaluru,KA,2023-02-12,Corporate,Kannada
P000243,Vikram Gupta,1978-08-25,F,New Delhi,DL,2024-05-15,Government,Telugu
P000244,Karan Nair,1948-01-09,M,New Delhi,DL,2024-02-09,Corporate,Kannada
P000245,Aditi Joshi,2006-04-01, Female ,New Delhi,DL,2025-03-19,Government,Hindi
P000246,Priya Singh,1961-06-03,F,Bengaluru,KA,2025-01-31,Self Pay,Kannada
P000247,Sneha Reddy,1947-02-08,M,Mumbai,MH,2022-12-27,Insured,Kannada
P000248,Vikram Kapoor,1976-06-12,M,London,LON,2024-07-20,Self Pay,Hindi
P000249,Vikram Singh,1948-03-26,F,Mumbai,MH,2023-07-20,Government,Hindi
P000250,Arjun Gupta,1974-10-09,Other,Mysuru,KA,2024-11-12,Government,Hindi
P000251,Karan Patel,1950-09-26,F,New Delhi,DL,2022-09-02,Self Pay,Telugu
P000252,Ishaan Nair,1969-03-19,Other,New Delhi,DL,2023-10-13,Insured,Hindi
P000253,Aditi Menon,1964-03-28,F,Chennai,TN,2025-10-23,Corporate,Kannada
P000254,Neha Iyer,2009-08-21,M,London,LON,2023-07-25,Government,Telugu
P000255,Arjun Gupta,1989-04-19,M,London,LON,2023-06-29,Corporate,Tamil
P000256,Aarav Reddy,1975-01-23,F,New York,NY,2025-06-19,Corporate,Tamil
P000257,Rahul Singh,1940-09-06,Other,Hyderabad,TS,2022-01-01,Self Pay,English
P000258,Aarav Singh,1943-11-07,F,New Delhi,DL,2025-07-23,Insured,English
P000259,Aarav Das,1944-08-09,F,Hyderabad,TS,2025-04-30,Self Pay,Tamil
P000260,Ananya Nair,2007-06-23,Other,Mumbai,MH,2022-11-16,Government,Kannada
P000261,Rohan Sharma,1973-06-30,M,Mumbai,MH,2022-03-09,Insured,English
P000262,Vikram Joshi,1985-03-05,M,Chennai,TN,2024-07-08,Self Pay,Tamil
P000263,Anika Verma,1946-12-18,F,Berlin,BE,2023-09-18,Government,Kannada
P000264,Nikhil Patel,1947-03-12,F,London,LON,2023-01-16,Self Pay,Kannada
P000265,Ira Nair,1943-06-29,F,Mumbai,MH,2023-09-18,Self Pay,Kannada
P000266,Aarav Sharma,1967-10-02,M,Hyderabad,TS,2024-03-09,Insured,Tamil
P000267,Arjun Rao,1984-03-09,F,Singapore,SG,2023-11-22,Corporate,Kannada
P000268,Neha Nair,1944-01-10,F,Mumbai,MH,2022-10-11,Government,Tamil
P000269,Ananya Joshi,2003-03-13,F,New Delhi,DL,2022-11-03,Government,Tamil
P000270,Aarav Verma,1970-06-06,M,New York,NY,2025-05-21,Insured,Telugu
P000271,Aditi Reddy,1958-04-13,Other,Mumbai,MH,2024-11-07,Self Pay,Kannada
P000272,Meera Das,1945-07-05,M,Chennai,TN,2024-09-23,Self Pay,Telugu
P000273,Karan Patel,1972-12-30,Other,Mumbai,MH,2022-09-03,Insured,Telugu
P000274,Aditi Kapoor,1949-07-11,F,San Francisco,CA,2024-09-28,Self Pay,Tamil
P000275,Varun Verma,1970-07-29,F,Hyderabad,TS,2023-06-17,Corporate,English
P000276,Karan Rao,1960-08-13,F,Hyderabad,TS,2022-07-17,Government,Tamil
P000277,Karan Gupta,2015-03-31,Other,Hyderabad,TS,2022-10-28,Corporate,Telugu
P000278,Pooja Nair,1962-11-10,Other,Mumbai,MH,2026-01-24,Self Pay,Kannada
P000279,Sneha Patel,1980-11-01,M,Singapore,SG,2024-02-10,Corporate,Kannada
P000280,Karan Rao,2012-06-22,M,Singapore,SG,2024-11-24,Insured,Telugu
P000281,Aarav Menon,1994-11-18,M,Berlin,BE,2022-01-31,Insured,Hindi
P000282,Ishaan Menon,1953-11-19,F,London,LON,2023-08-26,Insured,Tamil
P000283,Kavya Joshi,1960-01-25,M,San Francisco,CA,2025-11-18,Self Pay,Telugu
P000284,Nikhil Sharma,1974-04-12,F,Hyderabad,TS,2025-08-18,Self Pay,Telugu
P000285,Ira Kapoor,2000-03-01,Other,Bengaluru,KA,2024-07-10,Self Pay,Hindi
P000286,Diya Mehta,1950-10-22,M,Chennai,TN,2025-01-02,Self Pay,English
P000287,Rohan Nair,2007-04-05,M,San Francisco,CA,2023-12-04,Insured,Tamil
P000288,Neha Mehta,2006-10-16,M,Berlin,BE,2026-02-02,Insured,Tamil
P000289,Ira Verma,2012-02-20,M,Mumbai,MH,2024-08-16,Government,English
P000290,Ira Reddy,1948-07-26,Other,New Delhi,DL,2024-04-04,Self Pay,Kannada
P000291,Diya Nair,1987-06-04,F,London,LON,2024-04-02,Self Pay,Tamil
P000292,Ananya Sharma,1954-12-07,M,Hyderabad,TS,2023-03-13,Government,Telugu
P000293,Anika Kapoor,1969-12-31,M,London,LON,2023-06-17,Insured,Kannada
P000294,Varun Iyer,2009-08-30,M,Mysuru,KA,2023-10-15,Corporate,English
P000295,Arjun Nair,2006-12-10,F,New York,NY,2022-09-02,Self Pay,English
P000296,Karan Nair,2004-07-12,M,San Francisco,CA,2022-05-26,Government,English
P000297,Diya Reddy,2008-05-26,F,Mumbai,MH,2023-04-09,Insured,Hindi
P000298,Arjun Rao,1970-05-23,Other,New Delhi,DL,2024-01-22,Self Pay,Telugu
P000299,Rahul Menon,1976-06-17,Other,New York,NY,2022-02-02,Self Pay,Hindi
P000300,Sneha Nair,1949-09-19,M,Chennai,TN,2022-06-06,Self Pay,Kannada
P000301,Aarav Reddy,1955-11-16,F,London,LON,2022-01-04,Insured,English
P000302,Nikhil Verma,1954-03-16,F,Mumbai,MH,2024-01-24,Self Pay,English
P000303,Sneha Joshi,1952-04-22,Other,London,LON,2025-08-27,Corporate,English
P000304,Ira Nair,1965-12-01,F,Chennai,TN,2025-03-08,Self Pay,Telugu
P000305,Ishaan Gupta,1959-03-19,Other,Mumbai,MH,2024-04-04,Self Pay,Kannada
P000306,Nikhil Gupta,1951-11-06, Female ,Hyderabad,TS,2026-01-14,Insured,Kannada
P000307,Kavya Nair,2002-12-19,Other,Hyderabad,TS,2025-09-23,Government,Kannada
P000308,Varun Gupta,2010-11-10,Other,Berlin,BE,2024-08-08,Government,Tamil
P000309,Ananya Iyer,2003-12-24,F,Berlin,BE,2024-01-07,Corporate,Kannada
P000310,Vikram Verma,1974-10-05,Other,Chennai,TN,2025-11-09,Corporate,Hindi
P000311,Ishaan Iyer,1952-08-03,M,Chennai,TN,2024-05-31,Corporate,English
P000312,Kavya Kapoor,2012-07-19,M,New York,NY,2023-09-28,Corporate,Tamil
P000313,Anika Rao,1943-07-18,F,Bengaluru,KA,2024-08-14,Self Pay,Kannada
P000314,Aditi Nair,1975-02-07,F,Singapore,SG,2025-09-17,Corporate,Hindi
P000315,Aarav Iyer,1991-07-17,M,Bengaluru,KA,2024-01-17,Government,English
P000316,Neha Rao,1944-04-24,F,Berlin,BE,2024-05-24,Corporate,Kannada
P000317,Rohan Nair,1985-08-25,M,Hyderabad,TS,2025-10-10,Insured,Tamil
P000318,Rahul Verma,1983-06-08,M,New Delhi,DL,2022-08-12,Self Pay,Telugu
P000319,Aditi Rao,1965-03-28,F,Berlin,BE,2023-08-10,Government,Telugu
P000320,Vikram Gupta,2013-03-08,F,Bengaluru,KA,2023-05-15,Government,Kannada
P000321,Aarav Mehta,1977-06-03,Other,New York,NY,2023-05-16,Insured,Tamil
P000322,Anika Menon,1940-05-15,M,Mysuru,KA,2023-11-26,Government,Telugu
P000323,Neha Rao,1971-10-02,F,Singapore,SG,2024-04-17,Corporate,Telugu
P000324,Ananya Das,1990-06-10,Other,New Delhi,DL,2022-12-25,Self Pay,Kannada
P000325,Neha Rao,1955-05-02,M,Mumbai,MH,2022-03-11,Government,Tamil
P000326,Neha Mehta,1962-04-10,Other,London,LON,2024-10-16,Self Pay,English
P000327,Aarav Sharma,2009-10-31,Other,Mysuru,KA,2024-11-26,Government,Tamil
P000328,Aarav Sharma,1955-10-18,Other,Chennai,TN,2022-09-19,Insured,English
P000329,Varun Sharma,1947-11-06,M,Berlin,BE,2025-06-16,Insured,Telugu
P000330,Ira Iyer,1968-01-13,M,Bengaluru,KA,2024-10-17,Insured,English
P000331,Anika Singh,2012-10-05,M,San Francisco,CA,2023-07-21,Corporate,Kannada
P000332,Arjun Verma,1981-11-23,M,Singapore,SG,2023-07-14,Government,Tamil
P000333,Sneha Nair,1954-11-09,M,Chennai,TN,2022-08-20,Government,Tamil
P000334,Pooja Das,1993-06-26,M,Mumbai,MH,2022-06-23,Corporate,English
P000335,Nikhil Verma,1959-05-13,F,New York,NY,2023-09-06,Government,Telugu
P000336,Anika Das,1951-12-16,F,Bengaluru,KA,2022-12-19,Self Pay,Telugu
P000337,Neha Kapoor,1943-03-05,M,Chennai,TN,2023-03-20,Insured,English
P000338,Ishaan Singh,1978-10-07,M,Hyderabad,TS,2024-11-10,Government,Telugu
P000339,Kavya Reddy,1981-10-05,F,Berlin,BE,2023-03-27,Insured,English
P000340,Kavya Kapoor,1964-07-02,M,San Francisco,CA,2022-07-05,Corporate,English
P000341,Ishaan Menon,2007-03-18,Other,Mumbai,MH,2024-02-05,Insured,Telugu
P000342,Kavya Sharma,1984-01-16,F,Berlin,BE,2022-12-17,Corporate,Tamil
P000343,Priya Das,1991-01-19,Other,Bengaluru,KA,2023-01-23,Government,English
P000344,Varun Singh,1976-04-05,M,Hyderabad,TS,2023-08-31,Corporate,Kannada
P000345,Karan Verma,2011-06-25,F,Hyderabad,TS,2025-12-20,Government,Hindi
P000346,Priya Sharma,1946-05-06,F,London,LON,2023-08-23,Corporate,Telugu
P000347,Vikram Rao,1942-12-07,Other,Mysuru,KA,2024-05-30,Corporate,Telugu
P000348,Vikram Mehta,2006-04-30,F,Chennai,TN,2022-02-27,Government,Hindi
P000349,Ira Mehta,1950-05-04,F,Hyderabad,TS,2025-01-17,Self Pay,English
P000350,Diya Nair,2011-12-23,M,Mumbai,MH,2022-05-12,Corporate,Tamil
P000351,Ananya Iyer,2008-09-03,F,Hyderabad,TS,2025-02-09,Insured,Tamil
P000352,Ira Singh,1946-06-06,Other,Chennai,TN,2023-11-11,Government,English
P000353,Aarav Patel,1945-08-02,F,Chennai,TN,2025-03-24,Corporate,Hindi
P000354,Sneha Iyer,1973-12-27,F,Berlin,BE,2024-01-21,Self Pay,Hindi
P000355,Varun Mehta,2006-08-08,M,Chennai,TN,2025-06-20,Insured,English
P000356,Ananya Menon,1955-05-30,F,New York,NY,2023-08-19,Self Pay,Telugu
P000357,Kavya Menon,2015-07-11,F,New Delhi,DL,2025-01-31,Self Pay,Hindi
P000358,Neha Kapoor,1969-09-16,M,Berlin,BE,2022-06-05,Corporate,Kannada
P000359,Rohan Das,1996-03-06,M,Hyderabad,TS,2023-03-18,Government,Telugu
P000360,Pooja Kapoor,1968-08-09,F,New Delhi,DL,2024-05-05,Corporate,Hindi
P000361,Ishaan Iyer,1981-05-27,F,New York,NY,2023-06-28,Self Pay,Hindi
P000362,Neha Iyer,1994-05-27,Other,Bengaluru,KA,2022-04-03,Government,Hindi
P000363,Nikhil Joshi,2016-04-07,F,London,LON,2024-06-14,Insured,Hindi
P000364,Kavya Joshi,1964-06-04,F,Bengaluru,KA,2024-06-09,Self Pay,Telugu
P000365,Karan Singh,1959-03-26,F,San Francisco,CA,2022-03-01,Corporate,Tamil
P000366,Arjun Nair,1973-04-21,M,New York,NY,2024-01-11,Self Pay,Tamil
P000367,Neha Singh,1965-09-18, Female ,New York,NY,2024-04-28,Government,Telugu
P000368,Rahul Menon,1950-10-27,F,Mysuru,KA,2025-09-06,Insured,Kannada
P000369,Arjun Das,1994-11-28,F,San Francisco,CA,2023-07-14,Insured,English
P000370,Varun Iyer,1981-04-15,M,Mysuru,KA,2024-06-27,Government,Kannada
P000371,Rahul Joshi,1997-09-25,M,Hyderabad,TS,2025-08-30,Self Pay,Telugu
P000372,Aarav Iyer,2006-06-28,F,San Francisco,CA,2022-06-03,Government,English
P000373,Rohan Menon,1998-06-05,F,London,LON,2022-04-04,Government,Telugu
P000374,Priya Rao,1960-06-05,F,Singapore,SG,2023-07-08,Insured,Telugu
P000375,Nikhil Iyer,2005-07-03,M,Berlin,BE,2022-08-15,Self Pay,Tamil
P000376,Nikhil Rao,1979-04-27,Other,Singapore,SG,2022-08-20,Government,Kannada
P000377,Sneha Singh,1974-10-18,M,Mysuru,KA,2023-08-30,Self Pay,Kannada
P000378,Ishaan Sharma,1956-08-21,Other,Mysuru,KA,2023-07-04,Corporate,Kannada
P000379,Priya Verma,1989-08-12,F,Mumbai,MH,2022-11-18,Corporate,Tamil
P000380,Aditi Gupta,2000-09-15,M,Mumbai,MH,2024-12-30,Self Pay,Tamil
P000381,Anika Joshi,1986-01-11,M,Bengaluru,KA,2024-11-13,Corporate,Telugu
P000382,Neha Kapoor,1976-02-13,F,Berlin,BE,2024-09-30,Government,Telugu
P000383,Nikhil Mehta,1983-12-26,F,New York,NY,2024-04-22,Government,English
P000384,Nikhil Mehta,2008-05-22,F,Hyderabad,TS,2025-08-06,Insured,Tamil
P000385,Varun Sharma,1988-07-04,Other,Singapore,SG,2026-01-21,Government,Telugu
P000386,Priya Nair,1946-03-31,M,Singapore,SG,2023-01-19,Corporate,Hindi
P000387,Ira Das,1946-01-21,M,Hyderabad,TS,2024-07-16,Corporate,Telugu
P000388,Meera Rao,1996-10-27,F,Mysuru,KA,2022-03-28,Insured,Kannada
P000389,Aarav Patel,1990-11-06,F,New York,NY,2024-06-26,Insured,Kannada
P000390,Aditi Sharma,1958-05-06,F,Mumbai,MH,2024-07-23,Corporate,English
P000391,Priya Joshi,1943-10-22,M,Chennai,TN,2024-10-03,Government,Telugu
P000392,Priya Singh,1967-02-04,F,Hyderabad,TS,2024-08-30,Self Pay,English
P000393,Diya Verma,1974-07-21,Other,Mysuru,KA,2025-03-25,Insured,Telugu
P000394,Meera Singh,2005-12-23,Other,London,LON,2023-01-27,Insured,Tamil
P000395,Arjun Das,1965-03-02,F,San Francisco,CA,2022-09-11,Corporate,Kannada
P000396,Priya Verma,1950-09-16,F,Mumbai,MH,2023-10-27,Insured,Tamil
P000397,Ira Das,1956-12-17,M,Chennai,TN,2024-04-08,Government,Hindi
P000398,Varun Patel,1967-07-13,M,Hyderabad,TS,2023-02-05,Insured,Kannada
P000399,Arjun Reddy,2007-10-24,F,Hyderabad,TS,2024-01-29,Insured,Telugu
P000400,Varun Das,1950-04-24,M,Chennai,TN,2022-12-22,Government,Hindi
P000401,Sneha Verma,2011-03-30,F,Mumbai,MH,2023-08-29,Insured,English
P000402,Neha Gupta,1977-04-22,F,Hyderabad,TS,2022-12-21,Insured,Hindi
P000403,Meera Verma,1950-12-14,F,Berlin,BE,2023-03-10,Insured,Hindi
P000404,Neha Patel,2010-12-09,Other,Mumbai,MH,2023-02-28,Self Pay,Hindi
P000405,Aditi Mehta,2011-07-16,M,Bengaluru,KA,2023-08-02,Corporate,English
P000406,Priya Joshi,1974-04-17,M,New York,NY,2022-12-13,Government,English
P000407,Ishaan Mehta,2002-03-05,M,Chennai,TN,2022-02-18,Corporate,Kannada
P000408,Anika Mehta,1946-03-22,F,New York,NY,2025-10-20,Government,Kannada
P000409,Anika Verma,1995-12-29,F,Singapore,SG,2025-01-13,Insured,Hindi
P000410,Aditi Sharma,1955-11-24,M,Mumbai,MH,2022-06-02,Self Pay,Hindi
P000411,Ishaan Joshi,2015-07-03,M,San Francisco,CA,2023-12-26,Corporate,Tamil
P000412,Aarav Mehta,1971-01-08,F,Singapore,SG,2025-07-14,Insured,English
P000413,Aarav Verma,1996-04-30,F,Hyderabad,TS,2024-07-16,Self Pay,Hindi
P000414,Anika Mehta,1972-09-24,F,Bengaluru,KA,2024-07-09,Insured,Kannada
P000415,Meera Verma,1963-12-28,Other,Mumbai,MH,2025-01-03,Insured,English
P000416,Kavya Reddy,1975-11-19,F,Bengaluru,KA,2023-06-09,Self Pay,Telugu
P000417,Neha Joshi,1955-05-10,M,Berlin,BE,2023-04-29,Corporate,Kannada
P000418,Aarav Gupta,1970-07-19,Other,Chennai,TN,2026-01-10,Self Pay,Tamil
P000419,Diya Kapoor,1951-05-30,M,New York,NY,2024-06-22,Corporate,Hindi
P000420,Rohan Verma,1969-07-23,F,Mysuru,KA,2025-02-19,Insured,Hindi
P000421,Vikram Das,1964-02-12,F,Singapore,SG,2025-09-16,Corporate,English
P000422,Aditi Kapoor,1968-08-31,F,Berlin,BE,2025-06-25,Insured,Telugu
P000423,Kavya Kapoor,1988-06-14,F,Mumbai,MH,2024-08-08,Self Pay,Kannada
P000424,Karan Patel,1996-09-20,M,Singapore,SG,2025-11-15,Government,Kannada
P000425,Aarav Menon,1962-02-04,M,London,LON,2024-01-17,Insured,Tamil
P000426,Ira Sharma,1968-05-04,M,Mysuru,KA,2024-12-04,Government,English
P000427,Priya Singh,2007-10-15,F,New York,NY,2025-10-29,Insured,Tamil
P000428,Anika Patel,1953-01-15, Female ,Mysuru,KA,2023-05-04,Insured,Hindi
P000429,Varun Mehta,2002-01-01,M,Hyderabad,TS,2024-07-19,Self Pay,Tamil
P000430,Meera Sharma,1984-12-02,F,Mumbai,MH,2025-03-11,Self Pay,Telugu
P000431,Anika Reddy,1980-01-17,M,New Delhi,DL,2023-04-09,Insured,Tamil
P000432,Sneha Verma,1964-11-30,F,Chennai,TN,2022-11-22,Government,Hindi
P000433,Rohan Rao,1996-12-23,Other,London,LON,2022-01-23,Corporate,Kannada
P000434,Diya Sharma,1966-01-05,F,Mumbai,MH,2024-09-30,Insured,Tamil
P000435,Arjun Iyer,2001-07-07,M,London,LON,2022-12-11,Corporate,English
P000436,Priya Reddy,1946-10-19,M,New York,NY,2025-08-16,Corporate,Tamil
P000437,Anika Das,2006-06-16,F,New York,NY,2025-09-15,Insured,Tamil
P000438,Aarav Mehta,1990-06-05,F,New Delhi,DL,2024-12-10,Corporate,Telugu
P000439,Neha Gupta,1957-06-08,Other,Mumbai,MH,2023-03-26,Insured,Telugu
P000440,Aditi Singh,1942-08-16,M,Bengaluru,KA,2024-09-01,Self Pay,Telugu
P000441,Diya Nair,1947-09-17,M,Mysuru,KA,2023-12-03,Government,English
P000442,Anika Sharma,1950-09-12,M,Mumbai,MH,2025-05-04,Government,Tamil
P000443,Anika Iyer,1964-01-22,M,Berlin,BE,2025-05-02,Government,Telugu
P000444,Rohan Das,1978-09-03,Other,Chennai,TN,2025-04-04,Self Pay,Tamil
P000445,Pooja Singh,1978-10-03,F,London,LON,2023-01-23,Corporate,Kannada
P000446,Meera Rao,1968-02-29,Other,San Francisco,CA,2024-05-06,Government,English
P000447,Kavya Rao,2000-05-01,Other,Chennai,TN,2023-05-22,Government,Hindi
P000448,Sneha Singh,1981-03-06,F,Mysuru,KA,2022-07-27,Corporate,Hindi
P000449,Varun Das,1999-09-17,M,New York,NY,2023-03-23,Insured,Tamil
P000450,Vikram Gupta,1999-11-11,M,Mumbai,MH,2024-05-14,Government,Kannada
P000451,Aarav Verma,2010-02-09,F,Mumbai,MH,2023-06-11,Government,English
P000452,Rahul Patel,1950-10-24,Other,Berlin,BE,2023-04-27,Insured,English
P000453,Varun Joshi,1956-06-28,F,London,LON,2023-10-16,Corporate,English
P000454,Vikram Kapoor,1950-01-17,F,Chennai,TN,2023-03-21,Insured,English
P000455,Karan Menon,1985-03-17,M,London,LON,2022-02-13,Government,Telugu
P000456,Vikram Iyer,2002-04-22,M,Hyderabad,TS,2025-08-15,Self Pay,Tamil
P000457,Rohan Rao,2007-11-07,M,San Francisco,CA,2023-12-21,Self Pay,Kannada
P000458,Varun Menon,1954-04-06,F,New Delhi,DL,2023-12-18,Corporate,Tamil
P000459,Priya Patel,1979-06-13,F,London,LON,2024-10-17,Insured,Tamil
P000460,Ananya Sharma,1947-08-21,M,Mysuru,KA,2022-05-02,Insured,Tamil
P000461,Anika Reddy,1979-09-21,Other,Bengaluru,KA,2024-08-04,Insured,Tamil
P000462,Pooja Menon,1978-04-17,M,Hyderabad,TS,2024-05-24,Government,English
P000463,Anika Kapoor,1998-11-28,M,Hyderabad,TS,2023-02-08,Self Pay,Tamil
P000464,Sneha Joshi,1990-12-02,F,San Francisco,CA,2025-03-07,Corporate,English
P000465,Aditi Verma,1993-07-26,M,San Francisco,CA,2024-08-22,Government,Hindi
P000466,Aditi Rao,1954-06-04,M,Berlin,BE,2023-09-15,Corporate,Telugu
P000467,Aarav Sharma,1962-10-04,M,Mumbai,MH,2022-08-22,Corporate,Telugu
P000468,Aarav Das,2012-08-09,Other,Mumbai,MH,2022-11-25,Government,Telugu
P000469,Nikhil Mehta,1943-03-19,F,Singapore,SG,2023-03-19,Government,Hindi
P000470,Vikram Sharma,1953-05-12,F,Bengaluru,KA,2022-12-09,Self Pay,Telugu
P000471,Karan Sharma,1982-11-19,M,Berlin,BE,2023-05-17,Government,Hindi
P000472,Meera Mehta,1949-12-09,Other,Mysuru,KA,2022-04-06,Corporate,Tamil
P000473,Ananya Joshi,2011-01-06,M,Hyderabad,TS,2024-04-17,Self Pay,Kannada
P000474,Varun Mehta,1943-12-22,F,New York,NY,2025-05-09,Government,Telugu
P000475,Diya Rao,1955-02-10,M,Mumbai,MH,2024-03-08,Insured,Hindi
P000476,Neha Reddy,1950-04-19,M,Singapore,SG,2025-08-14,Self Pay,Tamil
P000477,Rahul Joshi,2005-05-08,M,Berlin,BE,2023-09-02,Corporate,Hindi
P000478,Neha Menon,2015-08-29,M,London,LON,2025-01-25,Corporate,Hindi
P000479,Ishaan Reddy,1954-10-06,F,Chennai,TN,2022-02-21,Corporate,Kannada
P000480,Priya Patel,1991-09-30,M,New York,NY,2024-05-15,Self Pay,Hindi
P000481,Meera Iyer,1958-08-19,Other,Chennai,TN,2022-07-02,Government,Kannada
P000482,Arjun Rao,1988-11-05,M,London,LON,2025-05-12,Corporate,Tamil
P000483,Ira Patel,2007-05-31,M,London,LON,2022-12-30,Self Pay,English
P000484,Sneha Joshi,1950-02-12,F,Berlin,BE,2023-04-28,Corporate,Kannada
P000485,Vikram Das,1986-01-15,M,Bengaluru,KA,2024-01-21,Insured,English
P000486,Ananya Mehta,1943-12-09,M,Berlin,BE,2025-12-07,Government,Tamil
P000487,Nikhil Das,1967-07-25,Other,Chennai,TN,2024-12-26,Government,Telugu
P000488,Arjun Sharma,2002-02-06,F,Chennai,TN,2022-01-27,Self Pay,English
P000489,Ishaan Nair,1951-12-23, Female ,Berlin,BE,2025-06-06,Insured,English
P000490,Karan Mehta,2011-01-23,F,Mumbai,MH,2024-10-19,Government,English
P000491,Ishaan Nair,1984-07-27,M,Mysuru,KA,2022-11-24,Government,Kannada
P000492,Ananya Singh,1963-12-29,F,San Francisco,CA,2023-05-24,Insured,English
P000493,Anika Patel,1987-06-23,Other,Chennai,TN,2022-07-15,Corporate,Hindi
P000494,Meera Nair,1979-10-15,M,New York,NY,2022-02-02,Self Pay,English
P000495,Kavya Patel,1956-06-03,F,Mysuru,KA,2025-11-24,Government,Tamil
P000496,Karan Patel,1953-03-23,F,Berlin,BE,2025-08-19,Corporate,Hindi
P000497,Neha Menon,2009-04-26,M,Bengaluru,KA,2025-12-16,Insured,Telugu
P000498,Ishaan Mehta,2014-02-28,F,Chennai,TN,2024-10-07,Self Pay,English
P000499,Sneha Rao,1972-08-27,M,New Delhi,DL,2024-05-04,Self Pay,Kannada
P000500,Karan Mehta,2002-09-24,M,Hyderabad,TS,2023-05-28,Self Pay,Kannada
P000501,Rahul Patel,1950-12-12,F,Mumbai,MH,2026-01-11,Government,Kannada
P000502,Ananya Nair,1955-02-06,F,Bengaluru,KA,2025-08-11,Insured,Kannada
P000503,Varun Patel,1973-08-23,M,Chennai,TN,2023-02-22,Insured,Telugu
P000504,Priya Patel,1943-05-07,F,Berlin,BE,2022-12-14,Corporate,Telugu
P000505,Kavya Iyer,1967-01-07,M,Mumbai,MH,2022-09-08,Corporate,Kannada
P000506,Diya Gupta,1960-07-28,F,San Francisco,CA,2024-08-25,Government,Kannada
P000507,Diya Sharma,2010-11-03,Other,Mumbai,MH,2023-05-15,Corporate,Tamil
P000508,Neha Gupta,1991-08-17,Other,Berlin,BE,2024-03-25,Self Pay,Telugu
P000509,Priya Nair,1944-09-24,Other,Bengaluru,KA,2023-11-27,Corporate,Kannada
P000510,Diya Menon,1949-02-18,F,Hyderabad,TS,2022-08-19,Government,Telugu
P000511,Varun Singh,1952-07-25,Other,New Delhi,DL,2025-07-21,Corporate,Hindi
P000512,Ananya Patel,2003-05-01,F,Hyderabad,TS,2024-04-18,Government,Kannada
P000513,Diya Verma,1977-12-20,F,Chennai,TN,2022-05-30,Insured,English
P000514,Diya Rao,1989-05-18,F,New York,NY,2023-08-05,Corporate,Hindi
P000515,Rahul Menon,2002-05-27,F,Singapore,SG,2025-07-21,Self Pay,Telugu
P000516,Priya Das,1944-10-28,Other,Mysuru,KA,2023-01-23,Corporate,English
P000517,Aditi Joshi,1959-09-15,Other,New York,NY,2023-09-11,Insured,Telugu
P000518,Vikram Kapoor,1945-10-03,F,Berlin,BE,2025-04-26,Self Pay,Tamil
P000519,Aarav Patel,2013-08-08,F,Mysuru,KA,2024-09-07,Corporate,Telugu
P000520,Neha Menon,1951-06-08,F,London,LON,2023-08-23,Self Pay,Hindi
P000521,Neha Patel,1986-12-26,F,New York,NY,2023-12-07,Insured,Hindi
P000522,Ananya Patel,1990-10-22,F,New Delhi,DL,2025-04-13,Government,Hindi
P000523,Ishaan Sharma,1943-10-06,M,Singapore,SG,2025-08-08,Corporate,Tamil
P000524,Ira Iyer,1953-11-20,F,Hyderabad,TS,2023-02-18,Corporate,English
P000525,Pooja Rao,1965-08-21,F,Mumbai,MH,2024-01-16,Insured,Hindi
P000526,Neha Das,2014-12-14,M,Chennai,TN,2022-02-17,Corporate,Kannada
P000527,Rohan Rao,1969-07-23,M,Singapore,SG,2022-10-26,Self Pay,English
P000528,Diya Patel,1941-10-04,Other,Mumbai,MH,2024-06-24,Corporate,Kannada
P000529,Ananya Das,1941-01-26,F,New York,NY,2026-01-08,Self Pay,Hindi
P000530,Meera Das,1994-04-07,F,Mysuru,KA,2022-01-27,Self Pay,Tamil
P000531,Ishaan Das,1951-02-10,M,Singapore,SG,2022-12-12,Insured,Hindi
P000532,Priya Verma,1992-03-25,Other,Hyderabad,TS,2023-08-04,Self Pay,Hindi
P000533,Nikhil Reddy,1990-12-30,M,Mumbai,MH,2025-08-30,Self Pay,Kannada
P000534,Arjun Nair,1991-07-20,F,Hyderabad,TS,2022-01-11,Insured,Tamil
P000535,Sneha Singh,1964-01-20,F,Mumbai,MH,2025-07-16,Self Pay,Telugu
P000536,Karan Kapoor,1969-08-07,M,London,LON,2024-03-18,Self Pay,Tamil
P000537,Anika Gupta,1950-07-15,M,Mysuru,KA,2022-12-28,Corporate,Telugu
P000538,Anika Menon,1972-01-04,M,San Francisco,CA,2025-09-24,Government,Telugu
P000539,Neha Mehta,1996-02-16,F,Chennai,TN,2024-07-29,Corporate,Tamil
P000540,Vikram Nair,1951-06-13,F,San Francisco,CA,2026-01-20,Self Pay,Tamil
P000541,Pooja Reddy,2003-01-03,F,San Francisco,CA,2024-09-19,Corporate,Hindi
P000542,Ananya Kapoor,1945-03-27,F,Berlin,BE,2025-01-30,Insured,English
P000543,Meera Iyer,1973-02-04,F,New Delhi,DL,2025-03-23,Insured,Hindi
P000544,Ishaan Kapoor,1980-02-14,F,San Francisco,CA,2022-03-29,Government,Tamil
P000545,Pooja Nair,1993-02-13,F,New York,NY,2023-07-18,Self Pay,Hindi
P000546,Diya Iyer,2006-01-09,M,New Delhi,DL,2024-11-16,Self Pay,Hindi
P000547,Neha Rao,1964-05-23,F,Chennai,TN,2022-03-14,Insured,Hindi
P000548,Ananya Das,1970-01-20,F,San Francisco,CA,2022-12-06,Insured,Telugu
P000549,Aarav Joshi,2004-08-11,F,Bengaluru,KA,2024-06-02,Self Pay,Kannada
P000550,Anika Verma,1961-04-27, Female ,New Delhi,DL,2024-01-23,Corporate,Tamil
P000551,Ishaan Menon,1976-12-18,Other,Chennai,TN,2023-11-21,Government,Kannada
P000552,Diya Nair,1944-09-14,F,Berlin,BE,2022-08-06,Government,English
P000553,Karan Das,1973-12-11,F,New York,NY,2022-01-14,Corporate,Kannada
P000554,Karan Mehta,1947-12-29,M,New Delhi,DL,2022-04-22,Insured,Kannada
P000555,Karan Kapoor,1999-07-14,Other,Singapore,SG,2025-08-31,Government,Hindi
P000556,Meera Joshi,1975-08-09,F,Mumbai,MH,2025-02-03,Insured,Kannada
P000557,Varun Rao,1986-08-20,F,New Delhi,DL,2025-01-19,Insured,Hindi
P000558,Ishaan Verma,1984-07-26,F,Mumbai,MH,2024-01-14,Government,English
P000559,Meera Gupta,1962-09-28,Other,San Francisco,CA,2024-05-01,Self Pay,Kannada
P000560,Meera Das,1953-08-08,Other,London,LON,2024-02-26,Self Pay,Kannada
P000561,Diya Das,1988-02-28,F,London,LON,2025-07-21,Government,English
P000562,Ananya Iyer,1955-02-02,F,San Francisco,CA,2025-06-29,Self Pay,Telugu
P000563,Ira Iyer,1983-11-12,Other,Singapore,SG,2024-02-01,Corporate,Kannada
P000564,Ishaan Gupta,1987-08-18,F,New Delhi,DL,2023-01-20,Corporate,Telugu
P000565,Ira Kapoor,1957-08-04,M,San Francisco,CA,2022-10-15,Government,Telugu
P000566,Meera Patel,1944-09-14,Other,New Delhi,DL,2023-11-29,Self Pay,English
P000567,Pooja Kapoor,1941-01-06,M,London,LON,2024-07-20,Government,Hindi
P000568,Ishaan Patel,1976-11-22,M,Mysuru,KA,2022-07-04,Corporate,Hindi
P000569,Karan Patel,1961-01-08,F,New Delhi,DL,2023-03-24,Corporate,Telugu
P000570,Anika Mehta,1962-12-22,M,Mysuru,KA,2022-11-07,Self Pay,Hindi
P000571,Priya Iyer,1989-05-29,Other,Chennai,TN,2023-10-25,Government,Hindi
P000572,Ishaan Reddy,1959-09-17,Other,London,LON,2024-03-06,Self Pay,Tamil
P000573,Kavya Mehta,1986-12-20,Other,New Delhi,DL,2024-02-18,Government,Hindi
P000574,Neha Singh,1968-03-31,F,Berlin,BE,2024-07-23,Self Pay,Kannada
P000575,Nikhil Nair,2005-05-11,F,Berlin,BE,2025-02-26,Insured,Tamil
P000576,Rahul Rao,1960-12-27,M,Mysuru,KA,2024-07-22,Self Pay,English
P000577,Karan Iyer,1950-07-31,M,Singapore,SG,2023-05-06,Corporate,Telugu
P000578,Karan Iyer,1985-11-14,F,Hyderabad,TS,2022-10-30,Government,Telugu
P000579,Diya Menon,1985-07-19,Other,Berlin,BE,2026-02-03,Self Pay,Kannada
P000580,Aarav Rao,1999-05-08,F,Mumbai,MH,2022-06-03,Government,English
P000581,Diya Sharma,1941-02-22,F,Bengaluru,KA,2025-11-18,Insured,Hindi
P000582,Neha Sharma,1943-11-11,M,London,LON,2023-10-30,Self Pay,Hindi
P000583,Ishaan Kapoor,1961-11-08,F,San Francisco,CA,2025-08-31,Insured,Hindi
P000584,Arjun Sharma,1990-06-09,F,London,LON,2023-09-27,Self Pay,Hindi
P000585,Varun Gupta,1965-05-20,F,Singapore,SG,2023-08-06,Government,English
P000586,Varun Patel,1992-05-31,M,Hyderabad,TS,2023-07-07,Government,Tamil
P000587,Ira Gupta,1960-04-16,F,Mumbai,MH,2024-12-05,Corporate,Hindi
P000588,Rohan Singh,2002-01-21,F,Bengaluru,KA,2023-07-10,Corporate,Kannada
P000589,Aarav Reddy,1970-07-15,F,Mumbai,MH,2023-09-06,Self Pay,Kannada
P000590,Arjun Gupta,1948-10-01,M,London,LON,2025-07-27,Corporate,English
P000591,Nikhil Mehta,1964-07-24,F,Singapore,SG,2024-12-24,Insured,English
P000592,Vikram Reddy,2001-03-23,F,San Francisco,CA,2023-07-09,Government,Telugu
P000593,Varun Kapoor,1996-06-09,F,Hyderabad,TS,2022-06-04,Self Pay,Kannada
P000594,Priya Patel,2001-08-25,F,Hyderabad,TS,2024-09-05,Government,Telugu
P000595,Sneha Joshi,1973-09-17,F,Mumbai,MH,2022-04-13,Insured,Tamil
P000596,Varun Patel,1989-12-01,M,Singapore,SG,2025-02-09,Corporate,English
P000597,Karan Joshi,2016-03-01,F,Mumbai,MH,2025-05-26,Government,Telugu
P000598,Aarav Nair,1943-12-30,M,Bengaluru,KA,2023-07-30,Self Pay,Telugu
P000599,Varun Kapoor,1970-08-19,F,San Francisco,CA,2022-03-25,Self Pay,Hindi
P000600,Sneha Rao,1969-04-01,Other,Chennai,TN,2025-02-09,Government,Hindi
P000601,Rahul Iyer,2000-05-31,M,Singapore,SG,2022-06-18,Corporate,Tamil
P000602,Meera Gupta,1962-06-09,Other,San Francisco,CA,2022-08-05,Insured,Kannada
P000603,Pooja Joshi,1969-05-05,M,London,LON,2025-02-01,Self Pay,Kannada
P000604,Aditi Rao,1961-08-09,F,San Francisco,CA,2024-07-23,Government,Telugu
P000605,Rahul Rao,1941-10-26,F,Mysuru,KA,2022-05-04,Self Pay,Hindi
P000606,Ira Rao,2006-08-06,F,Mysuru,KA,2025-11-08,Insured,Hindi
P000607,Arjun Mehta,2008-01-25,M,New York,NY,2023-07-08,Insured,Telugu
P000608,Neha Sharma,1959-01-27,M,London,LON,2024-10-10,Self Pay,Tamil
P000609,Aditi Joshi,1960-06-10,F,San Francisco,CA,2022-08-21,Self Pay,Kannada
P000610,Kavya Das,1947-06-15,Other,Berlin,BE,2022-10-27,Government,Kannada
P000611,Sneha Gupta,1960-12-13, Female ,New York,NY,2025-06-10,Government,Telugu
P000612,Karan Das,1943-03-05,M,Hyderabad,TS,2025-09-03,Government,Hindi
P000613,Ishaan Singh,1982-12-19,F,Hyderabad,TS,2024-01-21,Government,Hindi
P000614,Priya Iyer,1941-10-09,Other,London,LON,2022-06-29,Corporate,English
P000615,Varun Nair,1995-07-27,M,Berlin,BE,2025-03-10,Insured,Kannada
P000616,Neha Patel,1950-05-23,M,London,LON,2022-05-25,Government,English
P000617,Aditi Sharma,2016-03-17,F,New York,NY,2024-09-19,Corporate,Tamil
P000618,Diya Kapoor,1977-10-26,M,Hyderabad,TS,2025-01-30,Insured,English
P000619,Sneha Kapoor,1997-01-26,Other,New Delhi,DL,2023-12-09,Self Pay,Telugu
P000620,Meera Iyer,2000-08-14,M,Mumbai,MH,2023-03-18,Self Pay,Hindi
P000621,Aarav Mehta,1967-02-20,F,Chennai,TN,2024-12-21,Government,Kannada
P000622,Nikhil Kapoor,1955-02-24,Other,New York,NY,2026-01-12,Corporate,Tamil
P000623,Meera Patel,1955-03-09,F,Hyderabad,TS,2022-10-28,Government,Tamil
P000624,Neha Reddy,1978-03-11,M,Mysuru,KA,2024-09-15,Self Pay,English
P000625,Arjun Das,1982-08-03,F,New York,NY,2023-06-02,Government,Hindi
P000626,Diya Reddy,2002-11-26,M,New York,NY,2025-06-04,Insured,Hindi
P000627,Varun Kapoor,1945-03-25,Other,Mumbai,MH,2022-06-24,Government,Kannada
P000628,Anika Reddy,1948-05-09,Other,Berlin,BE,2023-06-13,Self Pay,Hindi
P000629,Priya Iyer,1986-03-31,M,New York,NY,2022-02-22,Self Pay,Kannada
P000630,Kavya Gupta,2005-08-14,M,New York,NY,2023-02-07,Insured,Hindi
P000631,Priya Rao,1969-02-04,F,Hyderabad,TS,2023-10-07,Corporate,Kannada
P000632,Sneha Iyer,1953-05-03,F,Chennai,TN,2023-05-27,Self Pay,Kannada
P000633,Aarav Patel,2003-01-28,F,Singapore,SG,2025-08-15,Self Pay,Kannada
P000634,Neha Iyer,1959-01-29,M,Singapore,SG,2025-11-10,Self Pay,Hindi
P000635,Sneha Mehta,2010-04-18,M,Bengaluru,KA,2023-12-01,Insured,Kannada
P000636,Ira Reddy,1958-07-12,M,Berlin,BE,2024-11-21,Insured,Tamil
P000637,Varun Iyer,2011-02-05,Other,London,LON,2024-02-07,Self Pay,English
P000638,Kavya Reddy,1985-01-19,M,New York,NY,2022-10-14,Insured,Telugu
P000639,Vikram Kapoor,1989-09-02,F,Singapore,SG,2024-07-25,Insured,English
P000640,Sneha Rao,2008-07-02,F,Bengaluru,KA,2022-11-26,Insured,Telugu
P000641,Ananya Gupta,1957-02-06,F,New York,NY,2025-03-18,Self Pay,Telugu
P000642,Priya Mehta,2001-01-29,F,Mumbai,MH,2024-06-23,Self Pay,Telugu
P000643,Vikram Mehta,1962-07-04,M,New York,NY,2023-03-14,Insured,Telugu
P000644,Neha Gupta,1942-06-15,Other,Hyderabad,TS,2023-09-28,Self Pay,Tamil
P000645,Vikram Gupta,1967-10-28,F,Bengaluru,KA,2026-01-03,Insured,Kannada
P000646,Aarav Das,1978-06-17,F,Berlin,BE,2025-08-04,Insured,Tamil
P000647,Sneha Rao,1944-05-26,F,London,LON,2024-12-17,Government,English
P000648,Varun Verma,1989-08-11,F,Mysuru,KA,2022-03-20,Corporate,English
P000649,Aditi Iyer,1974-01-29,F,Mysuru,KA,2024-04-26,Corporate,Hindi
P000650,Ishaan Rao,1985-01-07,F,New York,NY,2025-12-16,Government,Kannada
P000651,Nikhil Nair,1949-07-30,M,Singapore,SG,2022-07-14,Government,Hindi
P000652,Neha Patel,1950-10-16,F,New Delhi,DL,2022-04-18,Government,English
P000653,Kavya Patel,1959-08-31,M,London,LON,2022-07-26,Self Pay,English
P000654,Sneha Mehta,1963-03-06,Other,Mumbai,MH,2023-09-16,Corporate,Telugu
P000655,Aditi Menon,1983-06-24,F,San Francisco,CA,2025-01-08,Self Pay,Tamil
P000656,Vikram Das,1958-07-11,M,San Francisco,CA,2022-01-22,Government,Telugu
P000657,Sneha Nair,1954-10-28,Other,Chennai,TN,2025-12-07,Corporate,Hindi
P000658,Sneha Rao,1969-12-26,M,Mumbai,MH,2024-09-20,Self Pay,Hindi
P000659,Aarav Sharma,2013-11-12,M,Singapore,SG,2022-11-11,Self Pay,English
P000660,Meera Kapoor,2006-11-11,F,Singapore,SG,2023-09-28,Self Pay,Kannada
P000661,Rohan Reddy,1997-05-28,F,New York,NY,2022-04-29,Self Pay,Tamil
P000662,Ira Nair,1998-11-01,M,Chennai,TN,2024-02-26,Insured,Kannada
P000663,Anika Joshi,2013-08-31,M,Mysuru,KA,2025-07-24,Government,Hindi
P000664,Rahul Gupta,2015-06-30,F,Berlin,BE,2024-08-22,Government,English
P000665,Rohan Iyer,1954-04-06,F,Mysuru,KA,2024-10-17,Government,Telugu
P000666,Sneha Patel,1999-10-01,M,San Francisco,CA,2023-12-19,Corporate,Tamil
P000667,Ishaan Joshi,1971-03-25,F,Singapore,SG,2024-09-05,Government,Tamil
P000668,Varun Das,1974-01-31,M,San Francisco,CA,2023-07-25,Corporate,Telugu
P000669,Rahul Patel,1942-06-06,M,Bengaluru,KA,2023-02-22,Insured,Hindi
P000670,Arjun Menon,1988-05-22,M,Chennai,TN,2023-04-21,Corporate,Hindi
P000671,Vikram Rao,1962-11-05,F,Mumbai,MH,2023-02-06,Insured,Kannada
P000672,Neha Iyer,2004-08-08, Female ,London,LON,2026-01-29,Self Pay,Kannada
P000673,Ananya Iyer,1992-09-27,F,Hyderabad,TS,2022-09-04,Government,Kannada
P000674,Nikhil Das,2014-03-14,M,Mumbai,MH,2022-01-30,Government,English
P000675,Aarav Patel,1998-06-16,M,New Delhi,DL,2024-03-05,Insured,Tamil
P000676,Aarav Verma,1958-01-10,F,Singapore,SG,2025-12-05,Corporate,Tamil
P000677,Arjun Singh,2007-12-06,Other,Mysuru,KA,2024-05-21,Government,Telugu
P000678,Vikram Patel,1968-02-04,F,New York,NY,2023-02-10,Government,Kannada
P000679,Priya Iyer,1992-11-16,M,San Francisco,CA,2024-06-12,Corporate,English
P000680,Ira Joshi,1976-05-08,M,San Francisco,CA,2022-08-06,Corporate,Hindi
P000681,Varun Das,2005-05-24,F,London,LON,2022-10-14,Government,Hindi
P000682,Anika Gupta,1953-08-30,M,Chennai,TN,2022-08-23,Self Pay,Kannada
P000683,Ishaan Gupta,1994-08-17,Other,Hyderabad,TS,2023-12-01,Corporate,English
P000684,Aarav Joshi,1988-02-20,M,New Delhi,DL,2025-01-27,Insured,Kannada
P000685,Priya Gupta,1991-04-13,F,Chennai,TN,2025-10-21,Insured,Hindi
P000686,Vikram Kapoor,1950-04-19,F,Singapore,SG,2024-04-24,Corporate,Kannada
P000687,Priya Joshi,1958-01-28,M,Hyderabad,TS,2023-05-30,Insured,Tamil
P000688,Rohan Patel,1989-12-03,F,San Francisco,CA,2025-12-02,Government,Tamil
P000689,Rahul Iyer,1954-10-21,F,Bengaluru,KA,2025-04-27,Self Pay,Hindi
P000690,Ira Verma,1986-10-21,F,Berlin,BE,2026-01-15,Self Pay,Telugu
P000691,Aarav Singh,1975-08-27,M,London,LON,2025-10-23,Government,Tamil
P000692,Diya Patel,1981-08-14,M,Hyderabad,TS,2025-06-29,Corporate,Kannada
P000693,Nikhil Rao,2013-03-03,F,Berlin,BE,2025-05-01,Insured,Kannada
P000694,Nikhil Iyer,1971-01-29,F,Bengaluru,KA,2025-08-12,Government,Kannada
P000695,Aarav Gupta,2008-05-27,M,Mysuru,KA,2023-02-23,Insured,Tamil
P000696,Sneha Mehta,2013-02-14,Other,Chennai,TN,2022-10-06,Government,English
P000697,Ishaan Kapoor,1960-02-11,M,New York,NY,2023-11-26,Insured,Telugu
P000698,Priya Patel,1968-10-25,M,Singapore,SG,2023-05-31,Insured,Telugu
P000699,Karan Iyer,2001-07-19,M,Chennai,TN,2023-09-26,Insured,Telugu
P000700,Neha Iyer,1956-06-17,Other,San Francisco,CA,2025-01-01,Government,Kannada
P000701,Rohan Joshi,1956-11-24,M,Chennai,TN,2024-05-16,Insured,English
P000702,Kavya Reddy,1994-11-07,M,Mumbai,MH,2026-01-31,Self Pay,English
P000703,Ishaan Kapoor,1995-05-06,M,San Francisco,CA,2025-02-17,Self Pay,Hindi
P000704,Vikram Das,1987-01-18,F,Mumbai,MH,2022-04-22,Corporate,Kannada
P000705,Arjun Verma,1941-03-24,M,New York,NY,2024-08-16,Government,Telugu
P000706,Nikhil Kapoor,1982-06-10,M,Berlin,BE,2025-04-24,Insured,Tamil
P000707,Arjun Sharma,2010-06-08,F,San Francisco,CA,2025-09-15,Self Pay,Tamil
P000708,Diya Gupta,1970-01-08,Other,Berlin,BE,2023-08-21,Government,Telugu
P000709,Meera Mehta,1999-04-17,F,Singapore,SG,2023-09-30,Self Pay,Tamil
P000710,Arjun Joshi,1981-05-03,M,London,LON,2023-12-15,Insured,Hindi
P000711,Aarav Rao,2003-03-10,Other,Singapore,SG,2024-05-13,Insured,English
P000712,Rohan Das,1966-05-09,Other,Chennai,TN,2023-06-20,Corporate,Kannada
P000713,Rahul Patel,1941-02-14,F,Hyderabad,TS,2025-03-22,Self Pay,Kannada
P000714,Vikram Patel,1984-02-18,F,Hyderabad,TS,2023-05-21,Self Pay,Kannada
P000715,Karan Verma,2008-01-08,M,London,LON,2023-08-27,Insured,Kannada
P000716,Varun Kapoor,1974-10-18,F,New Delhi,DL,2023-01-24,Self Pay,Telugu
P000717,Nikhil Das,1975-04-20,M,London,LON,2023-02-02,Government,Hindi
P000718,Nikhil Verma,1984-09-07,Other,London,LON,2025-03-30,Government,English
P000719,Ishaan Joshi,1968-03-27,M,New York,NY,2023-07-15,Self Pay,Kannada
P000720,Ishaan Gupta,1964-04-03,Other,New York,NY,2023-03-17,Corporate,English
P000721,Pooja Joshi,1956-11-25,F,New Delhi,DL,2022-09-27,Corporate,English
P000722,Nikhil Gupta,1964-07-09,M,Bengaluru,KA,2024-11-16,Insured,Tamil
P000723,Ira Menon,1956-01-19,F,London,LON,2024-01-05,Corporate,English
P000724,Nikhil Nair,1979-09-19,M,Bengaluru,KA,2024-09-15,Corporate,English
P000725,Aarav Reddy,1967-02-13,F,New York,NY,2025-05-15,Corporate,Hindi
P000726,Ananya Singh,1997-02-17,M,New York,NY,2023-07-27,Self Pay,English
P000727,Meera Kapoor,1983-08-19,F,New York,NY,2022-05-24,Corporate,English
P000728,Priya Sharma,1950-11-21,M,San Francisco,CA,2025-07-04,Self Pay,Hindi
P000729,Diya Singh,1980-10-22,M,Hyderabad,TS,2023-11-16,Self Pay,English
P000730,Sneha Iyer,1991-04-16,F,New York,NY,2022-12-03,Corporate,Hindi
P000731,Ishaan Menon,1999-05-04,M,New York,NY,2025-06-13,Corporate,English
P000732,Karan Joshi,1959-04-16,M,Mumbai,MH,2022-04-28,Insured,Telugu
P000733,Karan Iyer,1989-09-15, Female ,London,LON,2022-10-20,Corporate,Tamil
P000734,Kavya Menon,1994-11-19,Other,Berlin,BE,2023-12-12,Corporate,Tamil
P000735,Ananya Gupta,1954-02-07,M,Singapore,SG,2023-11-12,Corporate,Kannada
P000736,Ishaan Iyer,1969-11-12,F,Singapore,SG,2024-01-30,Corporate,Tamil
P000737,Anika Sharma,1965-01-22,Other,Bengaluru,KA,2024-02-16,Corporate,Kannada
P000738,Varun Das,2003-02-05,F,New York,NY,2022-09-05,Corporate,English
P000739,Neha Menon,2001-04-10,M,Mumbai,MH,2025-11-24,Corporate,Tamil
P000740,Kavya Das,1981-05-01,Other,San Francisco,CA,2023-12-12,Insured,Kannada
P000741,Ishaan Verma,2006-05-01,M,Berlin,BE,2025-05-12,Corporate,English
P000742,Rahul Gupta,1960-09-05,F,Berlin,BE,2022-02-23,Corporate,Tamil
P000743,Kavya Nair,1985-02-24,M,Mysuru,KA,2023-05-08,Insured,Hindi
P000744,Nikhil Nair,1967-09-30,M,Bengaluru,KA,2022-09-11,Insured,Hindi
P000745,Priya Menon,2015-12-11,Other,Hyderabad,TS,2022-04-05,Insured,Kannada
P000746,Ishaan Kapoor,1984-07-31,M,Mysuru,KA,2025-09-30,Government,Telugu
P000747,Pooja Rao,1970-10-29,M,New Delhi,DL,2024-01-27,Corporate,Hindi
P000748,Pooja Singh,1955-05-26,M,Bengaluru,KA,2025-10-27,Corporate,Tamil
P000749,Pooja Reddy,1947-08-27,Other,New York,NY,2024-06-30,Government,English
P000750,Arjun Reddy,2015-06-22,F,New Delhi,DL,2022-05-02,Insured,Telugu
P000751,Neha Nair,2012-03-16,M,Singapore,SG,2023-10-17,Self Pay,Tamil
P000752,Varun Rao,1988-02-24,M,Mysuru,KA,2023-08-07,Corporate,Tamil
P000753,Priya Verma,1996-12-16,F,New York,NY,2022-04-14,Self Pay,Telugu
P000754,Nikhil Nair,1992-01-23,M,London,LON,2024-02-08,Self Pay,English
P000755,Neha Patel,1996-08-14,F,Chennai,TN,2025-12-10,Insured,Tamil
P000756,Aditi Kapoor,1958-05-12,F,Chennai,TN,2025-07-11,Corporate,Kannada
P000757,Diya Gupta,1951-01-26,M,Singapore,SG,2022-03-24,Corporate,Tamil
P000758,Diya Das,1987-11-20,M,Mumbai,MH,2024-01-23,Government,English
P000759,Ananya Sharma,1974-09-05,M,Singapore,SG,2023-01-14,Insured,Kannada
P000760,Vikram Mehta,1970-06-27,F,Chennai,TN,2023-01-17,Government,Kannada
P000761,Ananya Nair,1942-05-16,M,London,LON,2023-05-26,Insured,Hindi
P000762,Varun Sharma,1986-06-11,M,Berlin,BE,2023-08-08,Self Pay,Tamil
P000763,Sneha Sharma,1979-11-21,Other,Berlin,BE,2025-12-29,Government,Kannada
P000764,Ira Reddy,1990-05-17,F,Berlin,BE,2024-07-15,Insured,Kannada
P000765,Neha Das,1958-10-12,M,Bengaluru,KA,2022-06-19,Insured,English
P000766,Aditi Rao,1941-09-01,F,Hyderabad,TS,2023-02-02,Corporate,English
P000767,Vikram Mehta,1983-11-30,M,Singapore,SG,2024-01-22,Government,Telugu
P000768,Ira Mehta,1964-01-29,M,Berlin,BE,2022-05-01,Government,Tamil
P000769,Pooja Joshi,1942-07-28,F,Berlin,BE,2024-07-26,Government,Hindi
P000770,Diya Joshi,1944-01-21,F,Chennai,TN,2023-02-10,Corporate,Telugu
P000771,Neha Das,1978-08-13,M,Singapore,SG,2026-01-23,Corporate,Tamil
P000772,Aditi Patel,1971-01-01,F,New York,NY,2024-08-23,Corporate,English
P000773,Pooja Mehta,1979-09-23,M,San Francisco,CA,2022-09-09,Government,Kannada
P000774,Vikram Nair,2006-12-31,M,New Delhi,DL,2026-01-24,Government,Tamil
P000775,Sneha Mehta,1958-04-24,M,Berlin,BE,2022-03-08,Government,Tamil
P000776,Kavya Joshi,1951-10-17,F,New Delhi,DL,2023-09-30,Government,Kannada
P000777,Ira Patel,1979-08-04,M,Hyderabad,TS,2024-04-25,Self Pay,Kannada
P000778,Neha Verma,2008-08-14,Other,Hyderabad,TS,2025-09-13,Government,Kannada
P000779,Sneha Menon,1974-03-07,M,Chennai,TN,2024-07-21,Government,Tamil
P000780,Rohan Das,2003-04-23,Other,New Delhi,DL,2025-08-04,Corporate,Kannada
P000781,Aarav Iyer,1955-02-28,M,Chennai,TN,2024-08-31,Insured,English
P000782,Neha Menon,1956-05-04,M,Hyderabad,TS,2024-05-20,Corporate,English
P000783,Aarav Nair,2000-09-24,F,San Francisco,CA,2022-07-05,Government,English
P000784,Vikram Nair,1971-08-06,F,Berlin,BE,2024-03-05,Insured,Telugu
P000785,Ishaan Sharma,1988-11-06,F,San Francisco,CA,2022-05-28,Self Pay,Kannada
P000786,Nikhil Sharma,1940-08-16,M,Singapore,SG,2024-01-02,Insured,English
P000787,Rahul Reddy,1987-12-14,F,Berlin,BE,2024-11-17,Government,Hindi
P000788,Ishaan Patel,1948-10-02,F,New York,NY,2022-10-31,Government,Kannada
P000789,Priya Verma,1955-04-15,M,Chennai,TN,2022-08-07,Self Pay,Tamil
P000790,Neha Joshi,1964-06-27,F,London,LON,2024-08-28,Insured,Tamil
P000791,Sneha Reddy,1943-04-23,M,New Delhi,DL,2022-07-14,Government,Tamil
P000792,Karan Das,2000-11-12,F,Berlin,BE,2023-01-10,Corporate,Telugu
P000793,Ananya Rao,1948-08-02,M,Hyderabad,TS,2025-09-08,Government,Hindi
P000794,Arjun Patel,2009-12-11, Female ,New Delhi,DL,2024-08-30,Government,Tamil
P000795,Rohan Singh,2004-12-17,F,Singapore,SG,2022-08-19,Corporate,Hindi
P000796,Diya Reddy,2004-01-09,M,Hyderabad,TS,2022-11-15,Corporate,Tamil
P000797,Priya Gupta,1960-12-20,M,Chennai,TN,2025-01-13,Government,Telugu
P000798,Nikhil Reddy,1951-04-14,Other,London,LON,2022-01-25,Government,Tamil
P000799,Varun Singh,1982-04-10,M,New Delhi,DL,2025-02-13,Corporate,Kannada
P000800,Ananya Rao,1955-03-03,F,Chennai,TN,2023-11-21,Insured,Hindi
P000801,Priya Verma,1963-11-29,M,Bengaluru,KA,2022-08-08,Self Pay,English
P000802,Arjun Reddy,1971-09-12,M,New York,NY,2023-05-05,Government,English
P000803,Pooja Singh,1958-01-09,F,Hyderabad,TS,2023-09-07,Insured,English
P000804,Ishaan Sharma,1987-06-26,F,Berlin,BE,2025-12-15,Insured,Kannada
P000805,Rohan Reddy,1960-11-10,F,Chennai,TN,2025-07-02,Government,Tamil
P000806,Ananya Das,1998-02-15,F,New Delhi,DL,2023-06-23,Self Pay,English
P000807,Rahul Das,1988-08-16,F,Singapore,SG,2025-04-17,Government,English
P000808,Kavya Verma,2002-08-05,Other,New York,NY,2025-09-15,Corporate,English
P000809,Aarav Menon,1995-10-09,F,Bengaluru,KA,2025-04-08,Insured,Kannada
P000810,Rahul Singh,1995-12-09,Other,Berlin,BE,2024-11-08,Government,Tamil
P000811,Pooja Rao,1960-08-07,F,New Delhi,DL,2022-05-03,Government,English
P000812,Arjun Rao,1964-11-07,Other,New York,NY,2024-08-08,Insured,Telugu
P000813,Varun Kapoor,1941-10-02,F,Bengaluru,KA,2024-01-04,Insured,Hindi
P000814,Karan Mehta,1980-06-01,F,Singapore,SG,2024-10-23,Corporate,Kannada
P000815,Neha Mehta,2012-12-15,F,Mumbai,MH,2026-02-01,Self Pay,Hindi
P000816,Meera Menon,1980-09-24,F,Hyderabad,TS,2022-05-18,Insured,Tamil
P000817,Arjun Sharma,1956-03-25,M,Mumbai,MH,2025-06-03,Insured,Kannada
P000818,Aarav Das,1950-12-16,F,New Delhi,DL,2024-06-03,Government,Hindi
P000819,Sneha Das,1955-09-26,M,Berlin,BE,2024-06-06,Self Pay,Kannada
P000820,Aditi Iyer,2006-07-23,F,London,LON,2024-02-18,Self Pay,Telugu
P000821,Aarav Iyer,1997-05-24,F,San Francisco,CA,2025-07-06,Insured,Kannada
P000822,Priya Singh,2008-07-08,Other,San Francisco,CA,2022-10-10,Government,Hindi
P000823,Ira Patel,2008-04-04,F,Singapore,SG,2024-08-24,Insured,Telugu
P000824,Vikram Reddy,2009-06-25,F,Singapore,SG,2025-09-01,Government,Tamil
P000825,Pooja Rao,1991-06-21,F,Mumbai,MH,2025-06-13,Insured,Hindi
P000826,Ananya Singh,1999-02-10,M,Bengaluru,KA,2023-12-07,Self Pay,Tamil
P000827,Diya Singh,1942-03-29,Other,San Francisco,CA,2025-04-10,Corporate,Telugu
P000828,Varun Joshi,2010-07-16,F,London,LON,2022-07-31,Corporate,Telugu
P000829,Nikhil Singh,1976-09-03,F,Hyderabad,TS,2024-01-06,Insured,Kannada
P000830,Nikhil Reddy,1981-11-15,F,Mumbai,MH,2023-06-14,Self Pay,Kannada
P000831,Karan Menon,2003-09-26,F,Mysuru,KA,2023-06-12,Corporate,Hindi
P000832,Diya Iyer,2002-10-22,Other,San Francisco,CA,2023-12-25,Self Pay,Hindi
P000833,Sneha Kapoor,1959-04-29,F,Hyderabad,TS,2023-05-23,Insured,English
P000834,Meera Menon,2013-07-02,M,Berlin,BE,2024-11-14,Insured,Kannada
P000835,Karan Singh,2000-07-03,M,Berlin,BE,2025-12-10,Government,Hindi
P000836,Pooja Kapoor,1984-10-29,M,Bengaluru,KA,2024-07-18,Self Pay,English
P000837,Ishaan Nair,2005-10-14,F,Mumbai,MH,2022-11-13,Self Pay,Tamil
P000838,Ananya Verma,2013-11-07,M,Mysuru,KA,2023-12-26,Government,Hindi
P000839,Vikram Menon,1992-02-06,F,Mysuru,KA,2025-03-09,Self Pay,Hindi
P000840,Ira Verma,1975-03-13,Other,Hyderabad,TS,2022-06-06,Corporate,Telugu
P000841,Aditi Gupta,1959-04-22,M,Mysuru,KA,2023-11-24,Government,Tamil
P000842,Rahul Reddy,2004-01-11,M,San Francisco,CA,2023-07-03,Government,Hindi
P000843,Aarav Das,1949-10-02,Other,Singapore,SG,2022-03-28,Self Pay,English
P000844,Kavya Sharma,1989-02-15,M,New York,NY,2022-09-10,Self Pay,Hindi
P000845,Ananya Iyer,1999-12-26,M,London,LON,2023-05-18,Government,English
P000846,Anika Singh,1967-05-31,F,Mysuru,KA,2024-07-20,Self Pay,Hindi
P000847,Meera Reddy,1961-01-29,M,London,LON,2024-08-13,Corporate,Tamil
P000848,Sneha Iyer,1968-09-20,M,London,LON,2024-10-25,Government,English
P000849,Neha Iyer,1975-12-20,M,New York,NY,2025-05-11,Government,Kannada
P000850,Diya Joshi,1999-10-16,F,New York,NY,2023-03-23,Government,English
P000851,Nikhil Sharma,2009-02-21,Other,New Delhi,DL,2024-04-30,Self Pay,Tamil
P000852,Ishaan Patel,1965-06-29,Other,Mysuru,KA,2024-05-15,Corporate,Hindi
P000853,Ananya Gupta,2012-11-25,M,Hyderabad,TS,2025-08-17,Insured,English
P000854,Diya Verma,1956-02-23,F,Berlin,BE,2025-04-09,Self Pay,Kannada
P000855,Rahul Kapoor,1944-08-08, Female ,Mumbai,MH,2022-06-30,Insured,Hindi
P000856,Rahul Verma,1962-01-10,F,Berlin,BE,2025-01-31,Corporate,English
P000857,Aarav Joshi,2012-12-29,F,New Delhi,DL,2024-03-14,Insured,Telugu
P000858,Aditi Mehta,1999-01-13,M,Bengaluru,KA,2025-12-21,Self Pay,Kannada
P000859,Diya Patel,1991-05-22,M,Bengaluru,KA,2025-08-16,Corporate,Telugu
P000860,Karan Verma,1997-07-23,M,San Francisco,CA,2026-01-18,Corporate,Hindi
P000861,Nikhil Rao,1970-06-18,Other,Mysuru,KA,2023-08-11,Government,Hindi
P000862,Ananya Reddy,2012-11-06,F,Berlin,BE,2023-10-15,Corporate,Telugu
P000863,Karan Kapoor,1951-10-23,F,London,LON,2022-10-27,Corporate,Hindi
P000864,Varun Nair,1954-10-01,F,London,LON,2023-06-08,Government,Hindi
P000865,Nikhil Nair,1948-12-09,M,Hyderabad,TS,2022-03-20,Government,English
P000866,Ishaan Patel,1947-02-19,M,Bengaluru,KA,2025-07-11,Self Pay,Tamil
P000867,Diya Mehta,1990-09-01,M,Bengaluru,KA,2025-08-05,Self Pay,Kannada
P000868,Rahul Rao,1991-05-01,F,Mysuru,KA,2022-09-03,Insured,Hindi
P000869,Ananya Gupta,1948-04-23,M,Mysuru,KA,2025-07-27,Corporate,English
P000870,Nikhil Sharma,1947-08-11,F,San Francisco,CA,2024-05-13,Corporate,Telugu
P000871,Rahul Nair,1969-10-09,F,Chennai,TN,2022-01-02,Corporate,English
P000872,Ishaan Mehta,1991-06-05,M,Singapore,SG,2023-10-14,Government,Hindi
P000873,Sneha Sharma,2001-06-13,F,New Delhi,DL,2023-10-16,Corporate,Tamil
P000874,Karan Gupta,2008-07-28,M,Bengaluru,KA,2023-05-05,Corporate,Hindi
P000875,Rahul Joshi,2011-12-09,M,London,LON,2023-10-24,Self Pay,English
P000876,Nikhil Mehta,1969-03-11,M,Mysuru,KA,2023-06-10,Insured,Kannada
P000877,Meera Reddy,1971-01-25,M,Bengaluru,KA,2024-09-02,Self Pay,English
P000878,Sneha Menon,1953-06-21,F,New Delhi,DL,2025-05-09,Self Pay,Hindi
P000879,Kavya Das,1950-02-28,M,Mysuru,KA,2025-09-10,Corporate,Kannada
P000880,Ira Iyer,1987-04-14,M,Bengaluru,KA,2022-07-28,Corporate,Hindi
P000881,Varun Das,1973-09-20,F,San Francisco,CA,2025-05-02,Government,Kannada
P000882,Ananya Singh,1951-05-05,F,Mumbai,MH,2024-05-26,Corporate,Kannada
P000883,Karan Joshi,1975-01-16,F,San Francisco,CA,2023-12-08,Insured,Telugu
P000884,Ananya Sharma,1952-10-25,F,Singapore,SG,2025-10-13,Insured,Tamil
P000885,Diya Iyer,2016-02-17,F,Hyderabad,TS,2022-06-10,Insured,Hindi
P000886,Priya Iyer,1943-04-15,M,Bengaluru,KA,2026-01-31,Corporate,Kannada
P000887,Ishaan Verma,1990-08-26,M,Hyderabad,TS,2023-07-27,Insured,Tamil
P000888,Rahul Kapoor,1968-07-23,F,Bengaluru,KA,2022-12-14,Insured,Kannada
P000889,Diya Sharma,1963-06-12,Other,New Delhi,DL,2024-07-13,Self Pay,Hindi
P000890,Pooja Nair,1974-05-25,F,Mysuru,KA,2024-07-14,Self Pay,English
P000891,Meera Gupta,1963-12-23,M,London,LON,2025-09-28,Self Pay,English
P000892,Varun Reddy,1973-07-01,F,Hyderabad,TS,2022-08-15,Self Pay,English
P000893,Aarav Singh,1977-05-29,M,New Delhi,DL,2022-06-29,Government,Kannada
P000894,Kavya Patel,1958-04-14,Other,Mumbai,MH,2023-09-12,Corporate,Kannada
P000895,Rohan Das,1970-06-29,F,Berlin,BE,2022-02-19,Government,English
P000896,Varun Patel,1989-11-08,M,San Francisco,CA,2025-08-20,Self Pay,Tamil
P000897,Aarav Gupta,2001-12-05,F,New Delhi,DL,2023-08-16,Government,Hindi
P000898,Nikhil Kapoor,2016-01-30,F,New Delhi,DL,2022-04-22,Government,English
P000899,Ananya Joshi,1947-03-09,Other,New York,NY,2022-07-11,Government,Kannada
P000900,Ishaan Reddy,1976-02-01,F,Chennai,TN,2023-09-18,Insured,Hindi
P000901,Arjun Singh,1961-03-08,Other,Hyderabad,TS,2025-09-17,Insured,Tamil
P000902,Nikhil Mehta,1977-11-22,Other,Bengaluru,KA,2023-09-07,Insured,Tamil
P000903,Nikhil Joshi,1995-11-14,Other,Mysuru,KA,2022-09-11,Corporate,Kannada
P000904,Vikram Rao,1949-07-04,M,London,LON,2022-01-05,Government,Kannada
P000905,Karan Reddy,1982-10-15,M,San Francisco,CA,2022-02-01,Self Pay,Telugu
P000906,Diya Das,1956-03-16,Other,Bengaluru,KA,2024-03-16,Self Pay,Tamil
P000907,Rahul Patel,1979-10-24,F,New Delhi,DL,2025-04-18,Corporate,Telugu
P000908,Karan Sharma,1979-11-17,F,San Francisco,CA,2023-07-07,Corporate,Telugu
P000909,Diya Gupta,2006-06-07,F,London,LON,2025-05-12,Self Pay,Telugu
P000910,Rohan Mehta,1955-11-22,M,London,LON,2024-01-11,Insured,Tamil
P000911,Nikhil Nair,1978-02-18,Other,San Francisco,CA,2023-12-20,Corporate,English
P000912,Diya Verma,2009-09-24,M,Berlin,BE,2022-05-14,Self Pay,Telugu
P000913,Nikhil Singh,1955-02-23,Other,Berlin,BE,2023-10-29,Self Pay,Hindi
P000914,Ishaan Gupta,1969-08-21,F,Mysuru,KA,2025-08-19,Self Pay,Hindi
P000915,Neha Das,1992-08-08,Other,London,LON,2022-05-07,Corporate,Kannada
P000916,Meera Kapoor,1981-10-14, Female ,New York,NY,2023-06-14,Insured,Kannada
P000917,Aditi Joshi,2008-09-03,Other,Chennai,TN,2023-05-01,Corporate,Tamil
P000918,Kavya Verma,1956-10-16,F,London,LON,2025-08-09,Insured,Tamil
P000919,Ishaan Gupta,1984-11-08,F,Berlin,BE,2025-10-29,Self Pay,Tamil
P000920,Rohan Verma,1985-05-26,M,Singapore,SG,2025-10-30,Government,Kannada
P000921,Sneha Singh,1978-02-21,M,London,LON,2023-08-20,Self Pay,English
P000922,Ira Joshi,1976-05-22,M,Hyderabad,TS,2022-07-02,Self Pay,English
P000923,Diya Rao,1980-10-31,M,Mysuru,KA,2022-06-29,Corporate,Kannada
P000924,Kavya Verma,1950-07-13,M,New Delhi,DL,2024-02-29,Government,Tamil
P000925,Nikhil Patel,1950-08-13,Other,Mysuru,KA,2023-10-03,Self Pay,Telugu
P000926,Priya Iyer,1940-07-27,F,Singapore,SG,2025-01-21,Corporate,English
P000927,Aditi Patel,1965-07-10,F,Chennai,TN,2023-08-10,Corporate,Telugu
P000928,Aarav Gupta,1954-06-28,F,Bengaluru,KA,2025-11-20,Self Pay,Telugu
P000929,Karan Reddy,2016-08-20,F,Hyderabad,TS,2022-10-11,Insured,Hindi
P000930,Ishaan Gupta,1963-11-04,M,Bengaluru,KA,2024-05-01,Insured,English
P000931,Arjun Sharma,1956-08-15,F,Chennai,TN,2024-07-06,Corporate,Telugu
P000932,Rahul Menon,1999-03-28,Other,London,LON,2023-10-21,Insured,Telugu
P000933,Varun Das,1947-10-05,M,Mysuru,KA,2024-06-28,Insured,English
P000934,Arjun Sharma,1971-01-24,M,London,LON,2025-04-19,Self Pay,Telugu
P000935,Rohan Verma,1942-01-14,F,Bengaluru,KA,2025-04-30,Insured,English
P000936,Vikram Sharma,1982-01-07,M,Singapore,SG,2023-03-21,Government,English
P000937,Arjun Verma,2003-12-14,M,Mysuru,KA,2025-11-08,Insured,Hindi
P000938,Rohan Singh,1999-03-07,Other,Mysuru,KA,2024-01-30,Government,Tamil
P000939,Meera Nair,1999-08-24,Other,Bengaluru,KA,2024-03-02,Government,English
P000940,Varun Joshi,2012-11-25,M,Mysuru,KA,2024-05-10,Government,Hindi
P000941,Aarav Iyer,1989-01-09,M,Hyderabad,TS,2023-10-20,Insured,English
P000942,Ishaan Verma,1973-08-27,F,San Francisco,CA,2022-03-23,Self Pay,Tamil
P000943,Ishaan Joshi,2004-11-21,F,New York,NY,2023-09-30,Insured,Tamil
P000944,Nikhil Gupta,1946-07-18,F,Mysuru,KA,2025-03-12,Corporate,Telugu
P000945,Ishaan Patel,1955-04-29,Other,Chennai,TN,2024-04-25,Insured,Telugu
P000946,Anika Gupta,2000-03-28,M,New Delhi,DL,2024-02-05,Self Pay,Telugu
P000947,Aditi Menon,1975-08-14,F,London,LON,2022-10-28,Insured,Telugu
P000948,Rohan Verma,1960-11-05,M,Berlin,BE,2022-10-13,Corporate,English
P000949,Rohan Verma,1952-03-23,M,London,LON,2022-03-09,Government,Kannada
P000950,Karan Patel,1961-05-14,F,Mysuru,KA,2025-04-08,Insured,Telugu
P000951,Neha Gupta,1949-03-03,M,New Delhi,DL,2023-03-14,Corporate,Tamil
P000952,Kavya Mehta,1955-08-11,F,New Delhi,DL,2025-07-11,Self Pay,Kannada
P000953,Varun Sharma,1945-09-27,F,Mumbai,MH,2025-05-16,Self Pay,Kannada
P000954,Diya Sharma,1987-07-22,M,Berlin,BE,2022-10-20,Corporate,Telugu
P000955,Priya Das,1968-05-13,F,New York,NY,2024-02-15,Government,Hindi
P000956,Aditi Verma,1986-01-19,M,Mumbai,MH,2023-07-23,Self Pay,Tamil
P000957,Anika Sharma,1967-10-16,F,London,LON,2022-04-13,Government,Telugu
P000958,Rohan Nair,1975-10-12,M,New Delhi,DL,2023-04-08,Self Pay,English
P000959,Anika Iyer,1989-01-16,M,Singapore,SG,2023-06-03,Self Pay,Kannada
P000960,Aarav Joshi,1966-12-22,M,Bengaluru,KA,2024-12-04,Corporate,Kannada
P000961,Ishaan Verma,1998-11-09,F,Mumbai,MH,2022-08-06,Insured,Telugu
P000962,Ishaan Rao,2013-08-31,F,Chennai,TN,2022-02-25,Insured,Hindi
P000963,Varun Patel,1953-02-21,M,New York,NY,2025-02-09,Self Pay,Tamil
P000964,Aarav Das,1964-01-16,M,London,LON,2025-11-25,Insured,English
P000965,Neha Rao,2015-07-02,Other,London,LON,2023-04-10,Government,Hindi
P000966,Aarav Iyer,1978-03-31,M,New York,NY,2025-11-05,Corporate,Kannada
P000967,Karan Gupta,2010-12-20,F,San Francisco,CA,2022-09-18,Self Pay,Tamil
P000968,Pooja Nair,1942-03-24,Other,Berlin,BE,2023-06-20,Corporate,Tamil
P000969,Nikhil Das,1966-02-18,Other,New Delhi,DL,2022-03-10,Government,Telugu
P000970,Diya Verma,1983-07-24,Other,Chennai,TN,2025-11-26,Corporate,Hindi
P000971,Rohan Reddy,1944-05-21,F,Berlin,BE,2023-04-05,Self Pay,English
P000972,Ananya Iyer,1968-03-21,M,New York,NY,2023-10-09,Corporate,Tamil
P000973,Aarav Das,1994-08-22,F,Berlin,BE,2023-07-15,Self Pay,Telugu
P000974,Kavya Sharma,1946-03-06,M,New York,NY,2024-06-26,Corporate,Kannada
P000975,Nikhil Verma,1965-08-14,F,Hyderabad,TS,2022-09-08,Government,Tamil
P000976,Rohan Singh,1985-01-07,F,Chennai,TN,2026-01-06,Self Pay,Kannada
P000977,Priya Patel,1946-07-14, Female ,New Delhi,DL,2025-10-29,Insured,Kannada
P000978,Nikhil Patel,1974-06-18,M,Mumbai,MH,2024-09-05,Government,Telugu
P000979,Rohan Nair,1979-02-19,F,Berlin,BE,2026-02-06,Self Pay,Tamil
P000980,Diya Nair,1956-04-19,F,San Francisco,CA,2024-06-30,Government,Hindi
P000981,Diya Das,1956-12-30,Other,Mysuru,KA,2023-02-26,Self Pay,Hindi
P000982,Sneha Gupta,1976-10-19,M,New Delhi,DL,2023-03-24,Government,Hindi
P000983,Anika Das,1976-04-05,F,Bengaluru,KA,2022-05-30,Corporate,Kannada
P000984,Meera Das,1957-05-21,F,Berlin,BE,2024-01-04,Insured,Telugu
P000985,Anika Gupta,1990-07-08,M,Mysuru,KA,2024-05-04,Government,Kannada
P000986,Karan Verma,1996-05-14,F,Chennai,TN,2024-02-29,Self Pay,Tamil
P000987,Ananya Iyer,1988-02-01,M,Berlin,BE,2023-08-18,Self Pay,Telugu
P000988,Rohan Mehta,1942-02-12,Other,Singapore,SG,2022-08-25,Government,English
P000989,Ishaan Rao,1953-06-20,M,Bengaluru,KA,2025-11-20,Insured,Tamil
P000990,Vikram Singh,1972-04-15,F,Singapore,SG,2023-09-05,Corporate,Hindi
P000991,Nikhil Sharma,1994-04-17,M,Mysuru,KA,2023-07-19,Corporate,Telugu
P000992,Aditi Sharma,1957-12-21,Other,Bengaluru,KA,2023-12-11,Insured,Hindi
P000993,Ira Iyer,2010-08-11,Other,Mumbai,MH,2023-11-08,Corporate,Kannada
P000994,Meera Patel,2009-09-09,F,Hyderabad,TS,2022-11-01,Insured,Tamil
P000995,Ira Nair,2001-06-05,M,London,LON,2022-03-01,Corporate,English
P000996,Aditi Das,1972-04-02,F,Chennai,TN,2023-01-10,Insured,Kannada
P000997,Aarav Iyer,2010-10-25,F,Bengaluru,KA,2023-03-11,Government,Kannada
P000998,Aarav Joshi,1957-10-02,F,Hyderabad,TS,2023-08-26,Self Pay,Kannada
P000999,Varun Das,1959-10-16,F,New Delhi,DL,2024-07-09,Insured,Hindi
P001000,Pooja Das,2013-08-09,F,Hyderabad,TS,2023-11-29,Government,Tamil
P001001,Kavya Iyer,1999-06-24,Other,San Francisco,CA,2024-02-12,Insured,Kannada
P001002,Aarav Reddy,1952-04-05,F,Bengaluru,KA,2024-10-21,Government,Hindi
P001003,Pooja Sharma,1948-04-13,Other,New York,NY,2024-07-25,Insured,English
P001004,Neha Kapoor,1973-09-15,F,San Francisco,CA,2024-10-03,Corporate,English
P001005,Pooja Gupta,1968-08-08,M,Singapore,SG,2022-11-10,Corporate,English
P001006,Anika Verma,2004-12-28,F,Mumbai,MH,2022-05-26,Self Pay,Kannada
P001007,Nikhil Gupta,1952-03-07,Other,London,LON,2024-12-18,Insured,Tamil
P001008,Diya Gupta,2005-03-20,Other,New York,NY,2025-06-11,Self Pay,Tamil
P001009,Sneha Nair,2004-01-15,M,Singapore,SG,2023-03-10,Corporate,Tamil
P001010,Ishaan Joshi,2009-11-12,M,London,LON,2023-10-08,Insured,Kannada
P001011,Nikhil Sharma,1947-10-13,M,London,LON,2024-06-12,Corporate,Tamil
P001012,Ishaan Verma,1996-12-10,M,Chennai,TN,2022-08-19,Corporate,Tamil
P001013,Ishaan Mehta,1971-10-21,M,London,LON,2023-06-21,Self Pay,Telugu
P001014,Aditi Mehta,1993-11-17,Other,Chennai,TN,2023-12-02,Corporate,Telugu
P001015,Pooja Iyer,1993-12-21,M,Mysuru,KA,2023-04-18,Self Pay,English
P001016,Neha Verma,2000-03-26,M,Hyderabad,TS,2025-12-19,Corporate,Kannada
P001017,Sneha Reddy,1969-05-04,F,New Delhi,DL,2025-12-09,Corporate,Kannada
P001018,Pooja Verma,2016-05-06,Other,London,LON,2023-09-22,Self Pay,Tamil
P001019,Arjun Joshi,2003-02-10,F,New Delhi,DL,2025-09-21,Self Pay,Tamil
P001020,Kavya Sharma,1972-11-12,F,Bengaluru,KA,2023-05-21,Corporate,Telugu
P001021,Nikhil Nair,1990-05-04,F,Bengaluru,KA,2025-10-22,Government,Kannada
P001022,Vikram Kapoor,1960-11-17,Other,San Francisco,CA,2025-01-15,Government,Kannada
P001023,Anika Mehta,1942-09-21,M,Hyderabad,TS,2024-01-24,Self Pay,English
P001024,Rahul Singh,1975-07-28,F,London,LON,2025-09-04,Corporate,Tamil
P001025,Meera Verma,1959-09-23,Other,New York,NY,2024-06-11,Corporate,Telugu
P001026,Aarav Sharma,1997-06-26,M,Bengaluru,KA,2023-05-12,Self Pay,Hindi
P001027,Priya Patel,1940-01-28,M,Berlin,BE,2023-09-28,Government,Tamil
P001028,Aditi Gupta,1951-06-30,Other,Chennai,TN,2024-06-25,Self Pay,Hindi
P001029,Priya Menon,1970-11-19,F,London,LON,2025-01-25,Government,Hindi
P001030,Anika Sharma,2004-02-04,F,Mysuru,KA,2023-03-29,Insured,English
P001031,Pooja Iyer,1946-12-10,F,Mumbai,MH,2025-01-11,Self Pay,English
P001032,Meera Reddy,1981-01-01,M,Hyderabad,TS,2024-11-06,Corporate,Telugu
P001033,Neha Nair,1985-03-01,F,Singapore,SG,2024-09-20,Self Pay,English
P001034,Ira Das,1950-04-14,F,Bengaluru,KA,2024-10-26,Insured,Tamil
P001035,Rahul Rao,1977-12-31,M,Mumbai,MH,2024-11-13,Corporate,English
P001036,Meera Verma,1958-04-09,F,Chennai,TN,2024-01-13,Insured,Tamil
P001037,Anika Das,2001-05-30,F,Hyderabad,TS,2022-02-13,Government,Telugu
P001038,Kavya Reddy,2015-01-18, Female ,Mysuru,KA,2022-06-11,Insured,Telugu
P001039,Rohan Nair,1994-10-18,M,Singapore,SG,2022-12-15,Insured,Telugu
P001040,Ananya Reddy,1990-03-07,F,Bengaluru,KA,2024-06-08,Self Pay,Tamil
P001041,Meera Singh,1997-07-01,Other,London,LON,2025-08-30,Insured,Kannada
P001042,Karan Nair,1986-02-25,M,Bengaluru,KA,2025-06-04,Government,Kannada
P001043,Ishaan Mehta,2015-11-08,F,Bengaluru,KA,2025-05-04,Insured,Kannada
P001044,Ishaan Reddy,1964-06-27,M,San Francisco,CA,2024-11-28,Insured,Kannada
P001045,Diya Mehta,1992-02-08,F,London,LON,2024-09-17,Insured,Hindi
P001046,Ananya Singh,1966-09-18,Other,Bengaluru,KA,2023-01-31,Insured,Kannada
P001047,Pooja Verma,1994-09-24,F,New York,NY,2024-04-21,Government,Tamil
P001048,Aarav Iyer,1940-10-21,F,Singapore,SG,2024-03-23,Government,Tamil
P001049,Ira Iyer,1958-01-19,F,Hyderabad,TS,2024-04-27,Insured,Telugu
P001050,Arjun Gupta,2000-09-10,Other,Bengaluru,KA,2022-06-16,Government,Telugu
P001051,Aditi Patel,1972-05-15,F,Singapore,SG,2022-04-03,Government,Hindi
P001052,Varun Joshi,1994-01-20,F,Hyderabad,TS,2022-03-18,Self Pay,Telugu
P001053,Sneha Sharma,1980-04-16,M,New Delhi,DL,2024-07-30,Insured,Tamil
P001054,Neha Gupta,1995-01-01,F,Berlin,BE,2023-10-07,Self Pay,Tamil
P001055,Diya Sharma,1963-10-06,Other,Mysuru,KA,2026-01-06,Corporate,English
P001056,Sneha Menon,1962-09-26,M,Mysuru,KA,2022-12-22,Government,Hindi
P001057,Rahul Kapoor,1993-02-10,F,Mysuru,KA,2023-10-25,Corporate,Hindi
P001058,Vikram Mehta,1982-07-19,M,New Delhi,DL,2024-08-17,Insured,Hindi
P001059,Pooja Singh,1995-08-15,M,New Delhi,DL,2023-09-12,Insured,Tamil
P001060,Vikram Gupta,2000-09-03,Other,Mumbai,MH,2023-10-22,Self Pay,English
P001061,Ira Das,1990-11-19,M,New Delhi,DL,2022-06-29,Corporate,Kannada
P001062,Aarav Iyer,1977-04-03,M,Chennai,TN,2024-07-29,Self Pay,Kannada
P001063,Sneha Iyer,1961-08-06,Other,New Delhi,DL,2023-12-08,Insured,English
P001064,Ishaan Das,1993-08-12,F,Singapore,SG,2022-09-07,Insured,Tamil
P001065,Nikhil Singh,1998-11-14,F,Hyderabad,TS,2023-01-19,Government,Hindi
P001066,Aditi Patel,1970-11-02,M,Chennai,TN,2022-01-26,Corporate,Hindi
P001067,Karan Das,1983-09-23,M,Mysuru,KA,2025-01-07,Corporate,English
P001068,Meera Joshi,1988-03-08,Other,Mumbai,MH,2022-03-14,Corporate,Hindi
P001069,Rahul Patel,1997-12-19,F,Chennai,TN,2023-04-21,Insured,Hindi
P001070,Anika Iyer,1961-02-17,M,Hyderabad,TS,2024-04-23,Government,Tamil
P001071,Karan Nair,1998-12-03,F,Mysuru,KA,2025-10-09,Insured,English
P001072,Diya Patel,1946-01-14,Other,Singapore,SG,2025-06-13,Insured,Telugu
P001073,Aarav Rao,2007-09-07,F,Bengaluru,KA,2024-10-16,Self Pay,English
P001074,Neha Nair,1971-04-13,F,Bengaluru,KA,2024-06-14,Self Pay,Kannada
P001075,Sneha Nair,2011-09-21,M,Chennai,TN,2023-03-24,Government,Telugu
P001076,Vikram Verma,2011-01-01,Other,New York,NY,2022-11-18,Self Pay,Hindi
P001077,Neha Das,1981-05-25,F,Hyderabad,TS,2022-09-16,Self Pay,Hindi
P001078,Varun Singh,1954-06-29,M,London,LON,2022-04-17,Self Pay,Hindi
P001079,Meera Reddy,2000-09-23,F,Chennai,TN,2024-04-29,Insured,Kannada
P001080,Nikhil Reddy,1973-02-26,M,Mysuru,KA,2022-11-20,Corporate,Kannada
P001081,Anika Verma,1980-02-25,F,San Francisco,CA,2024-08-17,Insured,Tamil
P001082,Nikhil Verma,1959-04-09,F,Bengaluru,KA,2023-06-07,Government,English
P001083,Diya Verma,2000-01-10,F,Hyderabad,TS,2024-10-20,Self Pay,English
P001084,Diya Rao,1987-07-07,M,Singapore,SG,2022-06-27,Insured,Tamil
P001085,Kavya Singh,1986-09-18,Other,Singapore,SG,2024-09-16,Self Pay,Hindi
P001086,Diya Mehta,1987-04-03,F,Mumbai,MH,2022-08-12,Corporate,Telugu
P001087,Karan Reddy,1957-05-08,F,New York,NY,2025-06-29,Government,Telugu
P001088,Ananya Mehta,2006-12-23,F,Chennai,TN,2022-09-04,Insured,English
P001089,Aditi Reddy,1980-01-23,Other,Berlin,BE,2023-05-26,Government,English
P001090,Varun Rao,1947-06-28,F,Berlin,BE,2022-05-25,Insured,Telugu
P001091,Rahul Verma,1966-01-25,Other,Bengaluru,KA,2023-11-04,Self Pay,Kannada
P001092,Sneha Mehta,1997-05-12,F,Singapore,SG,2023-04-23,Corporate,Tamil
P001093,Karan Nair,2001-03-14,M,London,LON,2024-03-01,Insured,English
P001094,Kavya Sharma,1961-07-01,F,New York,NY,2025-06-02,Corporate,Hindi
P001095,Anika Iyer,1950-04-12,F,New Delhi,DL,2022-01-22,Corporate,Hindi
P001096,Rohan Gupta,1946-08-03,M,Bengaluru,KA,2024-01-15,Government,Telugu
P001097,Varun Kapoor,1997-10-18,M,Bengaluru,KA,2025-02-23,Self Pay,English
P001098,Diya Menon,1977-07-13,M,London,LON,2022-01-01,Self Pay,Telugu
P001099,Ananya Verma,1976-03-22, Female ,Mumbai,MH,2023-04-25,Insured,Tamil
P001100,Nikhil Joshi,1974-08-20,M,London,LON,2022-01-14,Government,English
P001101,Nikhil Patel,1948-12-01,M,Bengaluru,KA,2025-10-28,Insured,Hindi
P001102,Neha Kapoor,1958-02-06,F,Bengaluru,KA,2026-01-20,Government,Hindi
P001103,Priya Das,2003-11-08,F,San Francisco,CA,2022-09-11,Self Pay,Hindi
P001104,Varun Joshi,2002-12-23,Other,Mysuru,KA,2024-03-30,Insured,Tamil
P001105,Rohan Reddy,1950-03-15,F,Mysuru,KA,2022-11-22,Insured,Hindi
P001106,Ananya Gupta,1973-10-06,M,San Francisco,CA,2025-06-16,Government,Kannada
P001107,Ishaan Das,1970-10-06,F,Mumbai,MH,2023-09-26,Self Pay,Kannada
P001108,Neha Rao,2007-08-14,F,Mysuru,KA,2023-01-11,Insured,Kannada
P001109,Aditi Rao,1970-07-05,M,New York,NY,2023-01-23,Corporate,Hindi
P001110,Nikhil Nair,1940-01-26,Other,Singapore,SG,2023-12-26,Insured,Telugu
P001111,Priya Das,1998-08-10,M,New Delhi,DL,2025-01-29,Self Pay,Tamil
P001112,Ishaan Sharma,1960-06-06,M,London,LON,2022-12-12,Government,Telugu
P001113,Arjun Mehta,1943-04-17,F,San Francisco,CA,2024-01-13,Self Pay,Telugu
P001114,Kavya Sharma,1970-03-27,Other,New Delhi,DL,2024-01-01,Self Pay,Tamil
P001115,Vikram Gupta,2014-09-12,M,Berlin,BE,2024-10-18,Insured,Tamil
P001116,Varun Mehta,2007-08-27,M,Berlin,BE,2023-09-07,Corporate,English
P001117,Pooja Sharma,1951-06-08,Other,Mumbai,MH,2025-05-15,Corporate,English
P001118,Kavya Joshi,1971-08-19,M,Hyderabad,TS,2026-01-21,Insured,Hindi
P001119,Aditi Iyer,1958-08-17,F,London,LON,2025-06-19,Self Pay,Kannada
P001120,Kavya Menon,2005-04-27,M,Bengaluru,KA,2023-07-14,Insured,English
P001121,Arjun Joshi,1966-09-22,F,Singapore,SG,2025-02-05,Government,Tamil
P001122,Arjun Gupta,1944-10-30,F,Mysuru,KA,2025-09-10,Corporate,Tamil
P001123,Nikhil Sharma,1984-05-26,M,Chennai,TN,2024-02-24,Government,Tamil
P001124,Rahul Patel,1972-12-03,Other,Berlin,BE,2023-06-11,Corporate,Hindi
P001125,Priya Verma,1991-10-29,F,Singapore,SG,2023-03-29,Government,Kannada
P001126,Sneha Das,1983-12-08,Other,Mumbai,MH,2025-11-08,Insured,English
P001127,Anika Iyer,1953-03-09,Other,Mysuru,KA,2022-03-06,Insured,English
P001128,Vikram Sharma,1942-10-28,M,New York,NY,2022-08-03,Self Pay,Hindi
P001129,Ishaan Iyer,1949-01-04,F,San Francisco,CA,2024-05-18,Self Pay,Hindi
P001130,Kavya Mehta,1953-05-13,F,Chennai,TN,2025-08-12,Corporate,Tamil
P001131,Ishaan Verma,1942-06-13,M,Hyderabad,TS,2023-08-01,Corporate,Kannada
P001132,Priya Kapoor,2016-06-12,Other,New York,NY,2025-09-19,Government,Kannada
P001133,Karan Mehta,1996-04-18,F,Bengaluru,KA,2022-10-11,Corporate,English
P001134,Arjun Verma,1990-12-06,F,Chennai,TN,2025-10-14,Insured,English
P001135,Anika Verma,1950-10-11,M,Bengaluru,KA,2026-01-12,Insured,Tamil
P001136,Ishaan Singh,1947-04-28,M,Mysuru,KA,2023-09-27,Corporate,Hindi
P001137,Kavya Kapoor,2016-07-28,M,Hyderabad,TS,2026-02-07,Corporate,Hindi
P001138,Pooja Menon,1957-09-23,M,London,LON,2022-05-12,Government,Kannada
P001139,Nikhil Iyer,1966-01-19,M,Singapore,SG,2023-05-16,Corporate,English
P001140,Priya Mehta,1942-09-18,Other,Hyderabad,TS,2024-08-15,Insured,Tamil
P001141,Karan Menon,1996-09-27,F,Chennai,TN,2022-11-26,Insured,English
P001142,Rahul Das,1954-04-08,F,Berlin,BE,2025-11-13,Government,Kannada
P001143,Rahul Kapoor,1967-02-23,M,Bengaluru,KA,2025-03-04,Insured,Hindi
P001144,Ishaan Menon,1981-08-24,M,Berlin,BE,2023-12-30,Insured,English
P001145,Anika Patel,1954-08-20,Other,Hyderabad,TS,2025-07-02,Government,Telugu
P001146,Varun Das,1992-06-18,Other,Bengaluru,KA,2022-10-01,Self Pay,Tamil
P001147,Rahul Rao,1992-12-15,F,New Delhi,DL,2023-03-02,Corporate,Telugu
P001148,Varun Mehta,2016-05-13,Other,Singapore,SG,2025-08-17,Self Pay,English
P001149,Pooja Sharma,1972-10-23,M,New Delhi,DL,2022-12-21,Self Pay,Kannada
P001150,Meera Joshi,1952-01-22,F,Singapore,SG,2024-08-05,Self Pay,Tamil
P001151,Sneha Verma,1991-03-12,F,New Delhi,DL,2026-01-12,Self Pay,Kannada
P001152,Aditi Gupta,1944-04-23,F,San Francisco,CA,2024-05-21,Self Pay,Kannada
P001153,Anika Mehta,1953-09-12,Other,London,LON,2025-09-07,Insured,Kannada
P001154,Diya Rao,1975-12-21,Other,New York,NY,2023-08-26,Insured,English
P001155,Kavya Nair,2009-09-05,M,Mumbai,MH,2026-01-07,Corporate,Tamil
P001156,Ira Mehta,1941-03-08,M,San Francisco,CA,2024-01-31,Government,Telugu
P001157,Vikram Reddy,1953-08-14,F,Mysuru,KA,2024-05-31,Insured,English
P001158,Ananya Das,1956-05-14,F,Hyderabad,TS,2024-12-26,Corporate,Telugu
P001159,Priya Patel,1970-07-28,F,San Francisco,CA,2023-04-25,Insured,Tamil
P001160,Arjun Iyer,1989-07-09, Female ,New Delhi,DL,2026-01-03,Corporate,English
P001161,Priya Mehta,1964-03-13,Other,Bengaluru,KA,2025-12-22,Self Pay,Telugu
P001162,Priya Nair,1975-12-06,F,Mumbai,MH,2024-09-03,Government,Kannada
P001163,Aditi Reddy,1965-02-10,F,New York,NY,2024-05-21,Corporate,Kannada
P001164,Sneha Menon,1991-06-22,Other,Hyderabad,TS,2024-02-26,Government,Tamil
P001165,Vikram Patel,1962-02-07,F,Hyderabad,TS,2026-01-02,Government,Kannada
P001166,Karan Das,1952-02-29,F,Chennai,TN,2024-07-02,Government,Kannada
P001167,Aditi Sharma,2010-12-26,F,Mumbai,MH,2025-12-08,Government,Telugu
P001168,Rahul Iyer,1948-06-20,F,Bengaluru,KA,2024-12-19,Government,Telugu
P001169,Aarav Reddy,2014-04-09,F,Mysuru,KA,2024-09-15,Insured,Kannada
P001170,Ishaan Rao,1953-07-16,M,Mumbai,MH,2024-11-08,Corporate,Telugu
P001171,Sneha Joshi,1979-06-25,F,New York,NY,2022-06-07,Government,English
P001172,Ishaan Menon,2007-03-12,F,New Delhi,DL,2023-06-21,Government,Kannada
P001173,Ananya Rao,2015-07-12,Other,Chennai,TN,2023-06-18,Corporate,Hindi
P001174,Ananya Nair,1988-05-15,M,New York,NY,2023-09-28,Corporate,Telugu
P001175,Neha Menon,1971-03-25,F,Hyderabad,TS,2024-01-01,Government,Tamil
P001176,Kavya Singh,1941-03-03,M,Berlin,BE,2025-06-17,Insured,Tamil
P001177,Kavya Verma,1969-02-11,M,London,LON,2024-09-20,Corporate,Telugu
P001178,Arjun Kapoor,1965-09-30,M,Singapore,SG,2025-01-13,Corporate,English
P001179,Kavya Iyer,1993-11-12,F,Chennai,TN,2023-04-27,Self Pay,Telugu
P001180,Neha Gupta,1959-03-07,M,Hyderabad,TS,2023-08-25,Government,Telugu
P001181,Ananya Nair,1957-08-19,F,Berlin,BE,2022-08-09,Insured,Kannada
P001182,Anika Verma,1978-05-13,M,Mumbai,MH,2025-01-20,Insured,Kannada
P001183,Priya Das,1948-02-03,Other,Bengaluru,KA,2023-04-06,Government,Telugu
P001184,Nikhil Rao,2012-08-02,Other,Bengaluru,KA,2024-10-27,Government,English
P001185,Meera Iyer,1995-02-10,M,New Delhi,DL,2022-11-27,Government,Kannada
P001186,Neha Sharma,2006-06-29,F,Mysuru,KA,2023-04-15,Self Pay,Kannada
P001187,Kavya Reddy,1950-09-28,F,Singapore,SG,2022-05-28,Government,Kannada
P001188,Aarav Patel,1973-05-03,F,New Delhi,DL,2024-03-06,Corporate,English
P001189,Priya Mehta,1971-09-21,F,Bengaluru,KA,2022-03-25,Insured,Hindi
P001190,Neha Das,2014-03-18,Other,Mumbai,MH,2022-11-16,Government,Telugu
P001191,Karan Reddy,1970-05-27,M,Singapore,SG,2025-04-24,Corporate,Kannada
P001192,Pooja Kapoor,1988-10-09,F,San Francisco,CA,2023-05-21,Self Pay,Telugu
P001193,Ananya Sharma,1948-06-30,F,Chennai,TN,2022-01-31,Corporate,English
P001194,Vikram Iyer,1971-03-07,Other,Mysuru,KA,2025-06-28,Self Pay,English
P001195,Karan Menon,1993-03-19,M,Hyderabad,TS,2025-03-28,Self Pay,Telugu
P001196,Vikram Joshi,2006-01-03,M,Berlin,BE,2022-04-26,Corporate,English
P001197,Neha Nair,2011-02-01,M,Hyderabad,TS,2023-06-01,Self Pay,English
P001198,Diya Rao,1992-08-27,F,London,LON,2023-08-07,Government,Tamil
P001199,Priya Nair,2016-07-05,F,New York,NY,2025-07-23,Corporate,Hindi
P001200,Ira Nair,1950-04-10,F,San Francisco,CA,2022-10-03,Insured,English
P001201,Vikram Singh,1940-01-20,M,Hyderabad,TS,2025-08-06,Insured,Hindi
P001202,Priya Singh,1999-07-09,F,Chennai,TN,2024-07-02,Insured,English
P001203,Neha Menon,1984-04-10,M,New York,NY,2023-12-26,Government,Hindi
P001204,Pooja Rao,1997-10-15,F,Singapore,SG,2022-05-12,Corporate,English
P001205,Ananya Nair,2004-10-01,M,San Francisco,CA,2025-09-10,Insured,Hindi
P001206,Kavya Patel,1963-05-04,F,Mysuru,KA,2024-10-06,Self Pay,Kannada
P001207,Arjun Das,1998-11-21,M,Singapore,SG,2022-10-17,Self Pay,Tamil
P001208,Rohan Sharma,1978-11-23,F,Chennai,TN,2022-12-24,Government,Hindi
P001209,Nikhil Nair,1965-06-06,F,Bengaluru,KA,2024-02-19,Government,English
P001210,Varun Rao,1990-01-18,M,Mumbai,MH,2023-02-11,Self Pay,Kannada
P001211,Varun Singh,1964-07-01,F,Chennai,TN,2024-06-05,Corporate,Kannada
P001212,Rahul Joshi,1974-07-19,M,London,LON,2025-08-18,Government,Telugu
P001213,Rahul Verma,2014-12-05,Other,Berlin,BE,2023-09-17,Corporate,Tamil
P001214,Kavya Menon,1955-10-20,F,Berlin,BE,2022-05-14,Insured,Tamil
P001215,Aditi Joshi,2002-05-23,F,Chennai,TN,2024-06-27,Insured,Kannada
P001216,Priya Iyer,1981-06-10,F,New Delhi,DL,2022-07-08,Insured,Hindi
P001217,Kavya Menon,1997-05-26,M,Berlin,BE,2025-11-01,Self Pay,Tamil
P001218,Nikhil Gupta,1971-06-03,M,New York,NY,2025-10-17,Corporate,Tamil
P001219,Vikram Menon,1965-06-03,F,New York,NY,2025-05-19,Insured,Telugu
P001220,Vikram Mehta,2013-07-24,M,Hyderabad,TS,2024-07-14,Self Pay,Telugu
P001221,Ananya Nair,1969-10-01, Female ,Chennai,TN,2023-08-09,Government,Telugu
P001222,Kavya Gupta,1998-11-27,F,Hyderabad,TS,2024-03-29,Corporate,Tamil
P001223,Ishaan Nair,1963-05-24,Other,Bengaluru,KA,2022-06-06,Self Pay,Tamil
P001224,Arjun Menon,1997-04-12,M,Chennai,TN,2023-08-21,Corporate,Tamil
P001225,Diya Patel,1991-06-13,Other,New Delhi,DL,2022-12-19,Insured,Kannada
P001226,Pooja Menon,1978-02-12,M,New Delhi,DL,2022-12-13,Self Pay,Telugu
P001227,Nikhil Iyer,1968-06-09,Other,Singapore,SG,2022-04-05,Government,English
P001228,Anika Kapoor,1992-08-09,M,San Francisco,CA,2025-02-28,Corporate,Kannada
P001229,Karan Nair,1957-08-13,M,Chennai,TN,2025-08-31,Government,Telugu
P001230,Rahul Joshi,1948-02-29,F,Bengaluru,KA,2023-07-24,Corporate,Kannada
P001231,Ira Rao,1998-12-11,Other,Berlin,BE,2024-09-06,Corporate,Kannada
P001232,Ira Verma,1975-05-10,Other,Chennai,TN,2025-05-27,Insured,Tamil
P001233,Varun Mehta,1999-01-19,M,Mumbai,MH,2024-05-25,Government,English
P001234,Ishaan Joshi,1961-10-24,F,Berlin,BE,2022-04-08,Self Pay,Kannada
P001235,Nikhil Kapoor,1982-07-05,F,Mysuru,KA,2025-02-16,Self Pay,Telugu
P001236,Rahul Sharma,1946-01-09,Other,Hyderabad,TS,2024-09-26,Self Pay,Kannada
P001237,Ira Verma,1976-03-22,Other,Mumbai,MH,2024-11-26,Insured,English
P001238,Sneha Singh,1991-11-15,Other,New Delhi,DL,2022-03-29,Corporate,Telugu
P001239,Diya Sharma,1982-04-11,F,Hyderabad,TS,2026-01-10,Self Pay,Telugu
P001240,Karan Singh,1982-08-26,F,London,LON,2025-06-26,Government,English
P001241,Nikhil Gupta,1966-08-11,Other,New York,NY,2026-01-21,Insured,English
P001242,Diya Joshi,1955-02-19,F,New Delhi,DL,2022-11-16,Self Pay,Kannada
P001243,Aditi Sharma,1947-08-29,M,Mumbai,MH,2023-01-16,Self Pay,Hindi
P001244,Anika Das,2013-02-02,Other,London,LON,2023-03-31,Insured,Hindi
P001245,Aarav Mehta,1996-06-05,M,San Francisco,CA,2023-11-08,Insured,Tamil
P001246,Varun Rao,1944-02-23,F,Berlin,BE,2024-10-19,Government,Tamil
P001247,Neha Verma,1962-06-14,M,Mumbai,MH,2025-09-11,Government,Hindi
P001248,Rohan Nair,1950-09-10,F,New Delhi,DL,2024-09-02,Self Pay,Kannada
P001249,Meera Mehta,1992-08-17,M,San Francisco,CA,2025-09-18,Government,Tamil
P001250,Ananya Verma,1954-12-06,Other,New Delhi,DL,2025-11-12,Self Pay,Hindi
P001251,Aarav Kapoor,1988-02-12,Other,Mysuru,KA,2024-02-26,Self Pay,Kannada
P001252,Neha Joshi,1982-09-12,M,Singapore,SG,2022-02-07,Corporate,English
P001253,Ananya Gupta,1950-08-24,Other,Singapore,SG,2023-03-31,Insured,Tamil
P001254,Nikhil Mehta,2008-08-01,M,London,LON,2022-09-09,Corporate,Telugu
P001255,Aditi Patel,2011-06-15,M,San Francisco,CA,2024-01-14,Government,English
P001256,Diya Gupta,1986-10-16,F,London,LON,2024-01-12,Self Pay,Tamil
P001257,Neha Sharma,1991-12-28,Other,San Francisco,CA,2025-09-30,Corporate,Tamil
P001258,Aarav Rao,2012-11-02,M,Mumbai,MH,2022-01-25,Corporate,Tamil
P001259,Aditi Menon,1973-11-27,M,Hyderabad,TS,2023-04-08,Corporate,Telugu
P001260,Diya Gupta,2009-05-27,F,Singapore,SG,2025-08-05,Insured,Tamil
P001261,Aditi Sharma,2013-02-21,M,Bengaluru,KA,2024-01-05,Government,Hindi
P001262,Meera Das,1946-03-11,F,Hyderabad,TS,2023-04-22,Government,Telugu
P001263,Ananya Sharma,1941-04-14,Other,San Francisco,CA,2024-01-21,Corporate,English
P001264,Varun Reddy,1980-01-14,F,Mumbai,MH,2023-01-07,Government,Tamil
P001265,Anika Rao,1996-03-21,M,Chennai,TN,2022-07-22,Government,English
P001266,Meera Menon,1990-01-21,Other,Mumbai,MH,2024-06-16,Self Pay,Kannada
P001267,Priya Das,2010-04-06,F,Singapore,SG,2025-03-17,Self Pay,Telugu
P001268,Arjun Mehta,2014-08-02,Other,Chennai,TN,2025-04-04,Self Pay,Telugu
P001269,Arjun Das,1976-05-18,M,Mysuru,KA,2023-11-08,Corporate,Hindi
P001270,Arjun Iyer,2012-12-20,F,Bengaluru,KA,2025-04-24,Insured,Hindi
P001271,Vikram Rao,2010-02-27,F,Hyderabad,TS,2022-12-07,Government,English
P001272,Ananya Gupta,1967-01-26,F,Chennai,TN,2024-11-17,Insured,Tamil
P001273,Nikhil Nair,2003-04-27,F,Mysuru,KA,2023-04-23,Insured,Kannada
P001274,Ira Verma,2005-08-01,F,San Francisco,CA,2023-08-29,Self Pay,Telugu
P001275,Vikram Joshi,1962-09-14,F,Chennai,TN,2023-11-13,Insured,Tamil
P001276,Pooja Rao,1989-10-15,F,Chennai,TN,2022-05-13,Self Pay,Kannada
P001277,Meera Reddy,2014-08-28,M,Hyderabad,TS,2025-07-29,Corporate,Hindi
P001278,Karan Joshi,1977-02-09,F,London,LON,2024-12-18,Insured,Tamil
P001279,Diya Verma,2010-03-26,M,London,LON,2023-12-17,Government,Kannada
P001280,Ira Gupta,1999-02-21,F,New York,NY,2023-03-08,Government,English
P001281,Anika Kapoor,1986-10-03,F,Bengaluru,KA,2024-09-22,Corporate,Tamil
P001282,Diya Iyer,1982-03-14, Female ,Mysuru,KA,2025-07-22,Corporate,English
P001283,Varun Menon,1947-07-18,M,Hyderabad,TS,2024-09-12,Corporate,Hindi
P001284,Varun Kapoor,2002-04-11,F,Chennai,TN,2023-12-06,Self Pay,Tamil
P001285,Rohan Reddy,1977-05-24,F,Berlin,BE,2022-07-31,Self Pay,English
P001286,Priya Reddy,1947-08-20,Other,San Francisco,CA,2023-02-07,Insured,Telugu
P001287,Aditi Sharma,1994-08-09,F,New Delhi,DL,2024-10-24,Corporate,English
P001288,Ananya Rao,1994-12-07,Other,Hyderabad,TS,2023-09-01,Government,Tamil
P001289,Sneha Das,1971-12-02,Other,Singapore,SG,2023-08-13,Government,Kannada
P001290,Pooja Singh,2013-12-19,M,Mysuru,KA,2024-11-22,Corporate,Telugu
P001291,Ishaan Das,1970-06-30,F,Bengaluru,KA,2025-10-23,Government,Kannada
P001292,Pooja Iyer,1969-02-19,M,New Delhi,DL,2022-08-20,Self Pay,English
P001293,Ananya Verma,1993-03-27,Other,New Delhi,DL,2025-12-21,Insured,Hindi
P001294,Meera Iyer,2008-06-06,M,Berlin,BE,2025-12-06,Government,Kannada
P001295,Sneha Gupta,1973-09-10,M,Mumbai,MH,2023-05-25,Insured,Kannada
P001296,Aarav Das,1982-10-28,M,Hyderabad,TS,2024-01-08,Corporate,English
P001297,Priya Patel,1999-11-02,Other,New York,NY,2024-05-11,Self Pay,Kannada
P001298,Aditi Joshi,2003-08-09,F,Berlin,BE,2024-01-29,Self Pay,Tamil
P001299,Ananya Mehta,1940-01-16,F,San Francisco,CA,2022-10-17,Corporate,Kannada
P001300,Vikram Nair,1943-07-13,M,Hyderabad,TS,2025-02-09,Government,Hindi
P001301,Ira Patel,2013-05-12,F,Mumbai,MH,2025-07-04,Government,English
P001302,Aditi Nair,1952-04-28,F,Hyderabad,TS,2022-07-11,Self Pay,Hindi
P001303,Ananya Iyer,1960-01-03,F,New Delhi,DL,2025-04-26,Government,English
P001304,Rahul Singh,1961-08-22,Other,Berlin,BE,2025-01-15,Government,Telugu
P001305,Aditi Das,2016-02-24,M,Mysuru,KA,2024-10-22,Government,Tamil
P001306,Ananya Reddy,2004-06-09,M,New Delhi,DL,2025-11-17,Government,Kannada
P001307,Meera Joshi,1979-04-12,F,San Francisco,CA,2022-07-29,Insured,Kannada
P001308,Arjun Singh,1945-09-13,M,San Francisco,CA,2023-07-12,Insured,Tamil
P001309,Ananya Iyer,1944-01-06,M,Chennai,TN,2024-07-21,Corporate,Kannada
P001310,Meera Das,1951-06-15,F,Chennai,TN,2024-08-28,Government,Hindi
P001311,Aarav Verma,1952-12-14,F,London,LON,2024-02-18,Corporate,English
P001312,Vikram Gupta,1958-05-28,F,Mumbai,MH,2025-04-09,Insured,Tamil
P001313,Neha Das,1966-05-19,M,Mysuru,KA,2023-06-09,Insured,Telugu
P001314,Diya Rao,2006-07-29,F,Mysuru,KA,2025-10-22,Insured,Telugu
P001315,Ananya Patel,2006-06-26,F,Mysuru,KA,2024-06-08,Insured,Tamil
P001316,Pooja Joshi,2009-06-26,M,Singapore,SG,2025-06-15,Government,Tamil
P001317,Diya Gupta,2010-12-11,M,London,LON,2024-05-20,Government,Hindi
P001318,Sneha Mehta,1975-11-02,Other,San Francisco,CA,2025-07-21,Self Pay,Kannada
P001319,Varun Kapoor,2009-10-06,M,Mumbai,MH,2022-07-10,Self Pay,Telugu
P001320,Rohan Joshi,1956-08-07,M,Mysuru,KA,2024-09-15,Insured,English
P001321,Sneha Menon,2010-05-21,Other,New Delhi,DL,2022-04-12,Corporate,Tamil
P001322,Diya Nair,2006-03-09,Other,New Delhi,DL,2024-02-17,Self Pay,Hindi
P001323,Arjun Iyer,1980-01-21,M,Bengaluru,KA,2026-01-22,Self Pay,Telugu
P001324,Meera Gupta,1975-01-03,M,New York,NY,2024-01-04,Government,Telugu
P001325,Ishaan Sharma,1968-08-13,F,Chennai,TN,2024-08-20,Government,English
P001326,Priya Kapoor,1978-06-07,M,Chennai,TN,2022-10-17,Government,Tamil
P001327,Ishaan Das,1983-10-21,M,New Delhi,DL,2024-01-14,Government,Tamil
P001328,Ananya Rao,1965-11-18,M,Mysuru,KA,2024-07-10,Government,Telugu
P001329,Pooja Iyer,1943-10-23,M,Mysuru,KA,2022-10-22,Government,Tamil
P001330,Pooja Reddy,1941-01-01,M,New York,NY,2022-07-09,Corporate,Telugu
P001331,Neha Mehta,1996-08-20,M,Hyderabad,TS,2025-10-21,Corporate,Telugu
P001332,Ishaan Reddy,1962-11-28,Other,New York,NY,2025-11-04,Corporate,Tamil
P001333,Karan Das,1993-11-11,F,Hyderabad,TS,2023-04-25,Insured,Kannada
P001334,Diya Verma,1959-09-08,F,Singapore,SG,2023-09-29,Corporate,Hindi
P001335,Ananya Joshi,1997-08-06,M,Hyderabad,TS,2024-05-18,Self Pay,Hindi
P001336,Ananya Verma,2005-11-13,Other,London,LON,2024-12-05,Insured,English
P001337,Diya Verma,1961-03-06,Other,Bengaluru,KA,2022-07-10,Self Pay,Kannada
P001338,Rahul Das,1978-07-22,M,Berlin,BE,2023-03-27,Corporate,Kannada
P001339,Anika Rao,1953-07-15,M,Mysuru,KA,2025-09-23,Insured,Kannada
P001340,Varun Verma,1964-05-30,F,New York,NY,2022-10-29,Self Pay,Tamil
P001341,Rohan Gupta,1959-01-09,M,New York,NY,2025-02-01,Corporate,Tamil
P001342,Sneha Mehta,2002-08-25,F,London,LON,2022-04-01,Government,Hindi
P001343,Pooja Menon,2005-09-19, Female ,London,LON,2022-03-15,Self Pay,Kannada
P001344,Rohan Verma,1958-02-02,M,Mysuru,KA,2025-06-25,Insured,English
P001345,Arjun Menon,1980-12-09,M,Hyderabad,TS,2025-07-08,Government,Tamil
P001346,Arjun Menon,1957-01-07,Other,Mumbai,MH,2024-01-11,Government,Telugu
P001347,Vikram Singh,2008-05-27,Other,New York,NY,2023-12-24,Insured,Kannada
P001348,Rohan Iyer,2005-10-08,M,London,LON,2025-07-12,Self Pay,Hindi
P001349,Kavya Kapoor,1949-07-22,M,Hyderabad,TS,2022-02-15,Insured,Tamil
P001350,Vikram Mehta,1999-06-21,M,Chennai,TN,2024-10-23,Insured,Tamil
P001351,Rohan Nair,1957-08-22,M,Berlin,BE,2025-11-07,Self Pay,Tamil
P001352,Priya Rao,1947-10-19,Other,San Francisco,CA,2024-04-15,Self Pay,Kannada
P001353,Neha Joshi,1944-11-09,M,Singapore,SG,2024-06-08,Government,Tamil
P001354,Sneha Joshi,1963-08-31,M,Chennai,TN,2023-05-12,Corporate,Hindi
P001355,Meera Menon,1954-01-05,M,Hyderabad,TS,2022-08-05,Government,Hindi
P001356,Sneha Kapoor,1995-04-12,F,Hyderabad,TS,2022-10-30,Corporate,Hindi
P001357,Anika Patel,2005-02-09,M,New York,NY,2025-02-01,Self Pay,Kannada
P001358,Varun Kapoor,2011-05-26,F,Chennai,TN,2023-04-02,Corporate,Hindi
P001359,Aarav Kapoor,1948-02-04,Other,Singapore,SG,2024-06-29,Government,Hindi
P001360,Anika Verma,1970-04-10,F,Singapore,SG,2023-10-04,Insured,Telugu
P001361,Ananya Singh,1957-04-04,F,New York,NY,2024-08-09,Corporate,Tamil
P001362,Anika Joshi,1944-04-15,F,New York,NY,2023-12-08,Insured,Telugu
P001363,Nikhil Gupta,2000-01-15,M,London,LON,2024-10-21,Government,Tamil
P001364,Meera Joshi,1964-01-15,F,Chennai,TN,2024-10-05,Insured,Tamil
P001365,Ananya Iyer,1964-07-02,F,Singapore,SG,2023-04-29,Insured,Hindi
P001366,Varun Gupta,1969-04-18,M,Singapore,SG,2023-05-23,Self Pay,Tamil
P001367,Diya Rao,1952-10-07,F,New York,NY,2025-01-03,Government,Kannada
P001368,Aditi Patel,1995-06-25,F,Berlin,BE,2025-08-17,Corporate,Kannada
P001369,Aditi Joshi,1955-05-01,F,Chennai,TN,2024-09-01,Corporate,Kannada
P001370,Nikhil Nair,1979-09-12,F,Chennai,TN,2024-01-28,Self Pay,Hindi
P001371,Priya Singh,1950-08-06,F,London,LON,2022-09-28,Insured,Tamil
P001372,Arjun Kapoor,1969-07-19,F,Mumbai,MH,2025-04-02,Government,Hindi
P001373,Priya Gupta,1942-07-20,M,Mumbai,MH,2022-08-29,Government,English
P001374,Kavya Singh,2016-07-03,F,Berlin,BE,2023-07-18,Corporate,Kannada
P001375,Rohan Mehta,2002-10-29,M,Mysuru,KA,2023-04-18,Insured,English
P001376,Anika Das,1990-02-15,Other,New York,NY,2023-09-27,Government,Tamil
P001377,Priya Mehta,1965-05-30,M,San Francisco,CA,2023-08-05,Insured,Hindi
P001378,Ira Mehta,1997-03-11,M,Singapore,SG,2024-12-09,Corporate,Kannada
P001379,Pooja Patel,1996-09-09,M,Mumbai,MH,2023-09-24,Self Pay,Hindi
P001380,Rahul Reddy,1977-06-08,F,New Delhi,DL,2024-06-01,Self Pay,Telugu
P001381,Aarav Rao,1980-01-28,Other,Singapore,SG,2022-01-21,Insured,Kannada
P001382,Kavya Verma,2000-05-26,F,Mumbai,MH,2024-08-24,Government,English
P001383,Rahul Menon,1974-03-02,M,Berlin,BE,2023-10-16,Insured,Telugu
P001384,Karan Menon,1944-11-17,F,Mumbai,MH,2022-05-29,Self Pay,Telugu
P001385,Sneha Verma,1950-04-15,Other,London,LON,2023-04-13,Self Pay,Hindi
P001386,Kavya Joshi,1982-06-02,F,New York,NY,2022-03-21,Corporate,Kannada
P001387,Pooja Mehta,1995-03-09,F,Bengaluru,KA,2023-06-10,Government,Tamil
P001388,Ananya Gupta,1945-05-22,F,Hyderabad,TS,2024-01-08,Insured,Kannada
P001389,Rohan Das,1945-02-23,M,Hyderabad,TS,2023-05-15,Self Pay,Tamil
P001390,Anika Patel,1975-02-07,F,Bengaluru,KA,2025-07-08,Government,Tamil
P001391,Sneha Nair,1981-06-29,F,New York,NY,2023-12-08,Corporate,Hindi
P001392,Pooja Das,1949-01-09,M,Chennai,TN,2022-11-24,Government,English
P001393,Karan Patel,2011-12-17,M,Berlin,BE,2023-10-30,Government,Hindi
P001394,Meera Patel,2000-10-18,Other,Singapore,SG,2023-12-11,Insured,Hindi
P001395,Pooja Nair,1977-08-04,Other,Mysuru,KA,2025-04-17,Government,Telugu
P001396,Diya Patel,2004-10-23,F,New Delhi,DL,2022-04-30,Insured,Tamil
P001397,Arjun Sharma,2002-10-12,Other,London,LON,2022-02-15,Insured,Hindi
P001398,Ira Patel,2001-07-10,Other,Mumbai,MH,2024-11-24,Self Pay,Hindi
P001399,Aditi Das,1950-11-27,Other,Singapore,SG,2026-02-06,Corporate,Kannada
P001400,Priya Rao,1983-11-26,M,New Delhi,DL,2023-05-31,Insured,Tamil
P001401,Kavya Reddy,1956-06-07,M,Bengaluru,KA,2023-09-02,Corporate,English
P001402,Pooja Kapoor,1975-06-08,Other,Hyderabad,TS,2025-07-28,Insured,Hindi
P001403,Diya Menon,1959-09-03,F,Berlin,BE,2022-10-01,Government,Tamil
P001404,Aditi Nair,1945-08-23, Female ,San Francisco,CA,2023-07-14,Government,Kannada
P001405,Rahul Iyer,2015-12-16,F,San Francisco,CA,2022-01-14,Government,Tamil
P001406,Aditi Menon,1965-02-12,F,London,LON,2024-10-04,Government,Kannada
P001407,Kavya Rao,1976-04-04,F,San Francisco,CA,2022-12-14,Self Pay,Tamil
P001408,Anika Joshi,1943-04-28,Other,Mumbai,MH,2024-01-30,Corporate,Hindi
P001409,Neha Menon,1965-04-20,F,Berlin,BE,2025-11-14,Government,Telugu
P001410,Diya Gupta,1952-08-10,Other,Berlin,BE,2026-02-09,Insured,Tamil
P001411,Kavya Kapoor,1945-04-18,F,San Francisco,CA,2024-04-01,Government,Kannada
P001412,Karan Rao,1995-05-18,Other,London,LON,2022-04-25,Insured,Hindi
P001413,Aditi Verma,2000-10-11,Other,Bengaluru,KA,2023-08-13,Corporate,Hindi
P001414,Aarav Singh,1965-09-24,Other,Mumbai,MH,2023-01-30,Self Pay,Kannada
P001415,Priya Reddy,1981-09-10,M,Bengaluru,KA,2023-08-06,Corporate,English
P001416,Vikram Nair,1954-12-31,Other,Chennai,TN,2024-02-25,Government,English
P001417,Ira Verma,1967-12-16,Other,New York,NY,2026-01-22,Corporate,English
P001418,Rohan Joshi,1948-06-19,F,Mysuru,KA,2022-01-27,Government,Telugu
P001419,Kavya Nair,1971-07-31,Other,San Francisco,CA,2025-03-07,Insured,Telugu
P001420,Neha Reddy,1951-03-17,F,Chennai,TN,2025-01-11,Insured,Tamil
P001421,Pooja Mehta,1972-04-24,M,Singapore,SG,2024-11-08,Insured,Hindi
P001422,Arjun Iyer,1983-09-14,M,Chennai,TN,2022-11-17,Government,Kannada
P001423,Ishaan Sharma,2001-06-10,Other,Mysuru,KA,2024-06-12,Corporate,Hindi
P001424,Ananya Gupta,2001-06-14,M,London,LON,2024-08-26,Self Pay,Hindi
P001425,Karan Reddy,1977-07-18,Other,London,LON,2025-08-02,Self Pay,Hindi
P001426,Pooja Menon,1979-05-01,M,London,LON,2024-11-15,Government,Kannada
P001427,Ananya Menon,1982-12-18,M,Singapore,SG,2022-09-03,Corporate,Tamil
P001428,Pooja Iyer,2011-02-14,M,Berlin,BE,2024-04-15,Insured,English
P001429,Sneha Singh,2009-04-25,Other,Hyderabad,TS,2023-09-25,Insured,Kannada
P001430,Meera Reddy,1944-06-22,F,Singapore,SG,2025-06-14,Insured,English
P001431,Varun Mehta,1988-06-22,M,San Francisco,CA,2023-08-17,Insured,English
P001432,Diya Nair,1962-06-26,M,Mumbai,MH,2024-10-12,Corporate,Kannada
P001433,Ananya Sharma,2001-11-21,M,Berlin,BE,2025-06-28,Corporate,Tamil
P001434,Ira Rao,1998-03-20,F,Berlin,BE,2022-03-15,Government,English
P001435,Kavya Das,1944-08-22,F,London,LON,2025-03-25,Government,Kannada
P001436,Meera Das,2009-09-05,M,London,LON,2025-06-05,Insured,Telugu
P001437,Priya Iyer,1945-08-01,F,Mumbai,MH,2024-08-27,Government,Kannada
P001438,Arjun Patel,1990-10-31,F,Berlin,BE,2025-12-30,Corporate,Kannada
P001439,Rohan Mehta,2013-04-09,F,Mumbai,MH,2025-09-01,Insured,English
P001440,Rohan Kapoor,2011-01-26,M,San Francisco,CA,2024-12-10,Corporate,Kannada
P001441,Priya Kapoor,1964-05-05,F,London,LON,2023-08-08,Corporate,Kannada
P001442,Pooja Verma,1981-07-31,Other,Chennai,TN,2025-11-10,Self Pay,Tamil
P001443,Ananya Kapoor,1963-03-27,F,London,LON,2024-10-31,Insured,Telugu
P001444,Meera Gupta,1949-03-16,Other,Chennai,TN,2024-08-17,Insured,Hindi
P001445,Rohan Gupta,1993-07-08,F,Bengaluru,KA,2022-01-02,Corporate,Hindi
P001446,Diya Gupta,1996-08-06,M,New York,NY,2025-07-28,Insured,Hindi
P001447,Rohan Joshi,2010-01-23,Other,London,LON,2023-07-03,Corporate,Tamil
P001448,Aditi Patel,1970-01-15,Other,Chennai,TN,2024-07-03,Insured,Telugu
P001449,Karan Singh,1967-06-19,F,London,LON,2023-09-09,Government,Hindi
P001450,Vikram Menon,1996-07-12,M,Hyderabad,TS,2022-09-28,Self Pay,Telugu
P001451,Varun Rao,1976-10-30,Other,Berlin,BE,2024-03-23,Corporate,English
P001452,Karan Joshi,1951-10-09,M,Hyderabad,TS,2025-10-04,Self Pay,English
P001453,Karan Joshi,1976-02-27,M,Singapore,SG,2022-03-11,Self Pay,Kannada
P001454,Vikram Nair,2010-08-09,F,Hyderabad,TS,2025-09-18,Corporate,Hindi
P001455,Priya Rao,1997-12-16,M,Bengaluru,KA,2022-12-05,Government,Telugu
P001456,Rahul Menon,2006-09-21,F,Hyderabad,TS,2024-10-16,Self Pay,Kannada
P001457,Karan Rao,2006-12-16,F,Singapore,SG,2023-01-14,Insured,Telugu
P001458,Meera Kapoor,1999-07-21,F,London,LON,2022-01-09,Government,Hindi
P001459,Rohan Patel,1960-03-11,M,New York,NY,2025-05-09,Insured,Telugu
P001460,Varun Sharma,1962-06-18,Other,Bengaluru,KA,2023-01-21,Government,English
P001461,Neha Nair,2015-08-20,M,Chennai,TN,2023-06-23,Government,Hindi
P001462,Diya Kapoor,1991-02-16,F,Mysuru,KA,2025-06-21,Insured,English
P001463,Aarav Rao,1966-07-09,F,London,LON,2023-01-03,Corporate,English
P001464,Karan Reddy,2016-03-24,M,Bengaluru,KA,2023-12-22,Insured,English
P001465,Aditi Nair,1947-01-18, Female ,New York,NY,2022-04-24,Corporate,Tamil
P001466,Pooja Joshi,2012-07-28,M,Mysuru,KA,2022-06-28,Self Pay,Telugu
P001467,Rohan Iyer,1980-02-14,M,New York,NY,2025-01-03,Self Pay,English
P001468,Diya Das,2000-05-30,F,London,LON,2022-01-27,Self Pay,Kannada
P001469,Rohan Nair,1946-05-27,F,Mumbai,MH,2024-06-10,Insured,Kannada
P001470,Ira Reddy,1973-06-28,F,Berlin,BE,2022-03-22,Self Pay,English
P001471,Aarav Joshi,1952-12-12,F,San Francisco,CA,2025-01-29,Insured,Hindi
P001472,Rahul Gupta,1942-07-28,F,Singapore,SG,2023-11-26,Insured,Hindi
P001473,Diya Singh,2014-06-11,Other,Berlin,BE,2023-05-24,Self Pay,Hindi
P001474,Ananya Patel,1978-02-23,F,Hyderabad,TS,2023-01-18,Insured,Telugu
P001475,Anika Verma,1964-08-07,F,Mysuru,KA,2023-05-16,Government,Tamil
P001476,Anika Gupta,1983-01-03,Other,Chennai,TN,2024-02-10,Corporate,English
P001477,Kavya Singh,1983-09-02,Other,Mumbai,MH,2025-05-19,Self Pay,Kannada
P001478,Neha Rao,2012-06-11,M,Mysuru,KA,2024-08-29,Government,English
P001479,Arjun Menon,1942-08-27,F,Berlin,BE,2023-03-02,Corporate,Telugu
P001480,Aditi Sharma,2003-03-06,M,New Delhi,DL,2022-01-12,Corporate,Tamil
P001481,Meera Reddy,1949-08-13,Other,Bengaluru,KA,2022-04-20,Corporate,Hindi
P001482,Sneha Verma,1952-02-20,F,Mumbai,MH,2026-01-28,Self Pay,Telugu
P001483,Rohan Gupta,1949-07-22,M,New York,NY,2023-09-06,Self Pay,Hindi
P001484,Aarav Patel,1949-10-29,F,New York,NY,2024-08-16,Corporate,Telugu
P001485,Sneha Gupta,1995-05-24,Other,Mysuru,KA,2026-01-04,Self Pay,Tamil
P001486,Karan Menon,1962-08-05,M,New Delhi,DL,2024-11-11,Government,English
P001487,Priya Menon,1954-10-12,F,New York,NY,2022-06-15,Government,Hindi
P001488,Karan Iyer,1995-02-24,M,Singapore,SG,2025-05-30,Self Pay,Hindi
P001489,Aditi Sharma,2010-11-10,Other,Hyderabad,TS,2025-04-14,Corporate,Tamil
P001490,Neha Iyer,1975-12-19,M,New York,NY,2023-04-02,Corporate,Kannada
P001491,Meera Gupta,1991-03-04,M,Hyderabad,TS,2024-11-02,Insured,Hindi
P001492,Arjun Singh,1983-02-12,F,Bengaluru,KA,2022-10-21,Government,Kannada
P001493,Ananya Joshi,1945-05-24,M,Hyderabad,TS,2024-04-12,Insured,Tamil
P001494,Ira Kapoor,1944-11-21,F,London,LON,2022-08-22,Corporate,Hindi
P001495,Vikram Joshi,1986-03-21,F,Mumbai,MH,2022-12-25,Self Pay,Kannada
P001496,Anika Singh,1943-10-03,M,San Francisco,CA,2025-12-07,Corporate,Tamil
P001497,Ananya Mehta,1983-01-18,M,Singapore,SG,2024-11-27,Insured,English
P001498,Varun Iyer,1998-03-30,F,Bengaluru,KA,2022-10-26,Insured,Kannada
P001499,Sneha Kapoor,1943-01-19,M,New York,NY,2022-05-15,Insured,Telugu
P001500,Ira Iyer,1976-08-26,F,Chennai,TN,2024-08-15,Corporate,Hindi
P001501,Diya Rao,1994-01-13,M,New Delhi,DL,2023-11-05,Insured,Tamil
P001502,Arjun Nair,1975-10-28,F,Singapore,SG,2025-02-03,Corporate,Kannada
P001503,Kavya Nair,2011-04-25,M,Chennai,TN,2023-03-02,Corporate,Hindi
P001504,Arjun Patel,1976-04-01,M,Singapore,SG,2024-11-12,Insured,Tamil
P001505,Meera Menon,1997-02-27,F,Bengaluru,KA,2024-04-20,Insured,Kannada
P001506,Karan Gupta,2010-08-09,Other,London,LON,2022-04-20,Self Pay,Tamil
P001507,Ishaan Nair,2012-09-14,F,Singapore,SG,2023-12-15,Self Pay,Hindi
P001508,Rohan Verma,1984-12-31,M,Mumbai,MH,2024-02-26,Insured,Kannada
P001509,Anika Nair,1960-11-10,M,Hyderabad,TS,2023-06-04,Government,English
P001510,Rahul Singh,1955-06-03,F,Chennai,TN,2024-01-03,Insured,English
P001511,Varun Gupta,1981-10-10,M,Mysuru,KA,2024-03-31,Insured,Telugu
P001512,Neha Nair,1975-02-22,M,New Delhi,DL,2023-12-24,Government,English
P001513,Priya Kapoor,2012-11-30,M,New Delhi,DL,2023-02-03,Corporate,English
P001514,Rohan Nair,1987-07-04,F,Bengaluru,KA,2023-08-24,Self Pay,Kannada
P001515,Anika Joshi,1969-09-08,Other,Mysuru,KA,2022-02-24,Corporate,Kannada
P001516,Varun Rao,1956-03-31,F,Mumbai,MH,2024-05-02,Self Pay,Tamil
P001517,Rohan Iyer,1968-07-24,Other,San Francisco,CA,2025-01-28,Self Pay,Hindi
P001518,Arjun Mehta,1967-09-25,F,Chennai,TN,2025-10-16,Corporate,English
P001519,Kavya Sharma,1947-04-28,M,London,LON,2024-03-28,Self Pay,English
P001520,Ira Mehta,1958-04-29,F,San Francisco,CA,2025-11-16,Insured,Hindi
P001521,Aditi Singh,2004-10-25,M,Chennai,TN,2022-12-10,Government,Hindi
P001522,Ananya Verma,2002-03-01,Other,Mysuru,KA,2022-03-14,Insured,Kannada
P001523,Karan Patel,1947-05-28,M,Berlin,BE,2024-01-28,Insured,Kannada
P001524,Arjun Joshi,1980-12-17,F,Berlin,BE,2023-11-13,Insured,Tamil
P001525,Ishaan Nair,1961-07-26,M,Hyderabad,TS,2023-07-26,Insured,Hindi
P001526,Kavya Verma,2009-01-11, Female ,New Delhi,DL,2022-03-11,Insured,Telugu
P001527,Diya Nair,1974-12-04,Other,Mysuru,KA,2022-04-24,Government,Hindi
P001528,Ananya Reddy,2000-05-10,M,Mumbai,MH,2025-03-24,Corporate,English
P001529,Arjun Das,2016-01-13,M,Hyderabad,TS,2022-04-07,Government,Tamil
P001530,Ananya Singh,1990-10-25,F,Mysuru,KA,2022-08-15,Insured,Hindi
P001531,Kavya Singh,1973-06-19,M,Chennai,TN,2023-01-14,Government,Kannada
P001532,Rahul Nair,1999-08-17,F,Mumbai,MH,2023-04-07,Insured,English
P001533,Varun Menon,1992-08-14,M,Singapore,SG,2023-05-13,Government,Kannada
P001534,Nikhil Sharma,1992-11-27,F,Chennai,TN,2023-06-02,Insured,Tamil
P001535,Nikhil Das,1977-06-17,M,Mysuru,KA,2024-11-04,Government,Telugu
P001536,Pooja Nair,1996-09-15,Other,Singapore,SG,2025-02-16,Insured,English
P001537,Sneha Verma,2014-03-18,M,Singapore,SG,2025-01-05,Insured,Kannada
P001538,Aarav Nair,1984-09-12,M,Chennai,TN,2023-11-21,Insured,Hindi
P001539,Karan Reddy,1953-06-17,F,Mysuru,KA,2023-08-12,Corporate,English
P001540,Arjun Singh,1972-06-14,M,New Delhi,DL,2022-01-02,Insured,Tamil
P001541,Aarav Verma,2010-07-05,M,Mumbai,MH,2024-05-02,Self Pay,Kannada
P001542,Ananya Singh,1974-10-01,Other,Mysuru,KA,2025-12-17,Insured,Tamil
P001543,Anika Joshi,1996-05-30,F,Mysuru,KA,2026-01-04,Self Pay,Hindi
P001544,Nikhil Mehta,1944-10-20,M,London,LON,2026-01-05,Insured,English
P001545,Meera Singh,2011-09-14,F,San Francisco,CA,2022-05-25,Corporate,Kannada
P001546,Diya Gupta,1993-02-09,M,Bengaluru,KA,2024-02-04,Government,English
P001547,Vikram Mehta,1982-12-25,M,San Francisco,CA,2025-11-13,Government,English
P001548,Sneha Nair,2012-02-26,Other,Bengaluru,KA,2024-10-02,Government,Hindi
P001549,Diya Mehta,1970-04-08,F,Berlin,BE,2022-09-07,Self Pay,English
P001550,Nikhil Iyer,2013-12-26,M,Mysuru,KA,2025-05-23,Self Pay,Tamil
P001551,Vikram Menon,2007-07-18,M,Mysuru,KA,2023-11-14,Self Pay,Hindi
P001552,Ananya Singh,2006-03-17,M,Hyderabad,TS,2025-03-05,Corporate,Hindi
P001553,Rohan Das,1944-11-18,M,New York,NY,2023-09-28,Insured,English
P001554,Pooja Menon,1942-09-06,M,Mumbai,MH,2023-07-29,Government,English
P001555,Ananya Reddy,1992-10-10,M,Mumbai,MH,2022-03-21,Self Pay,Hindi
P001556,Aarav Patel,1992-02-03,F,Bengaluru,KA,2023-02-11,Self Pay,Kannada
P001557,Aarav Mehta,1946-12-30,F,Berlin,BE,2025-06-07,Corporate,Kannada
P001558,Vikram Nair,1959-02-28,F,Singapore,SG,2024-05-26,Self Pay,Telugu
P001559,Karan Kapoor,1961-05-23,F,Hyderabad,TS,2022-06-08,Corporate,Telugu
P001560,Anika Patel,1950-03-24,M,Bengaluru,KA,2025-07-18,Self Pay,Telugu
P001561,Vikram Joshi,1997-07-05,M,Bengaluru,KA,2025-02-27,Self Pay,Hindi
P001562,Sneha Reddy,1959-02-08,M,Berlin,BE,2022-02-21,Self Pay,Kannada
P001563,Diya Reddy,2010-05-20,F,London,LON,2022-09-01,Corporate,Tamil
P001564,Sneha Verma,1957-04-16,M,Singapore,SG,2025-04-18,Insured,English
P001565,Rohan Iyer,1953-11-20,M,Mysuru,KA,2025-02-17,Corporate,Telugu
P001566,Aditi Gupta,1982-01-08,M,Mumbai,MH,2023-10-23,Government,Telugu
P001567,Pooja Sharma,2008-06-13,F,Mumbai,MH,2024-09-03,Self Pay,English
P001568,Anika Rao,1966-10-07,Other,Berlin,BE,2024-11-04,Self Pay,Telugu
P001569,Rohan Menon,1995-07-19,M,Hyderabad,TS,2024-02-06,Government,Tamil
P001570,Priya Das,1947-04-19,M,Chennai,TN,2022-06-23,Insured,English
P001571,Meera Kapoor,1980-05-23,F,Mysuru,KA,2024-07-25,Government,Telugu
P001572,Sneha Nair,1940-12-29,F,Mysuru,KA,2022-07-20,Corporate,Hindi
P001573,Kavya Patel,1957-07-18,M,London,LON,2024-06-03,Self Pay,English
P001574,Varun Mehta,1964-02-14,Other,New Delhi,DL,2022-06-13,Insured,English
P001575,Rohan Menon,1979-09-23,F,San Francisco,CA,2024-12-26,Insured,Kannada
P001576,Sneha Iyer,2003-01-11,M,San Francisco,CA,2025-09-22,Corporate,Telugu
P001577,Priya Mehta,1963-12-17,M,Hyderabad,TS,2024-03-13,Self Pay,Telugu
P001578,Pooja Patel,1990-12-13,F,Chennai,TN,2022-07-08,Corporate,Kannada
P001579,Rahul Singh,1955-10-01,M,Chennai,TN,2024-05-22,Insured,English
P001580,Vikram Das,1972-10-17,M,Mysuru,KA,2025-07-31,Insured,English
P001581,Priya Menon,1952-07-06,M,Mumbai,MH,2025-01-14,Government,English
P001582,Anika Sharma,1943-09-28,F,San Francisco,CA,2025-08-10,Government,Kannada
P001583,Rahul Menon,1940-12-08,Other,Singapore,SG,2024-11-17,Self Pay,English
P001584,Meera Gupta,1947-03-03,M,London,LON,2025-07-28,Government,Telugu
P001585,Ira Rao,2006-02-06,M,London,LON,2023-05-16,Self Pay,English
P001586,Priya Patel,1956-01-24,F,New York,NY,2024-09-01,Government,English
P001587,Sneha Menon,1964-07-17, Female ,Hyderabad,TS,2024-12-20,Government,Hindi
P001588,Ira Das,2006-06-21,F,Hyderabad,TS,2022-03-12,Corporate,Telugu
P001589,Anika Reddy,1964-09-04,F,New York,NY,2022-09-19,Self Pay,Tamil
P001590,Priya Patel,1970-08-31,F,San Francisco,CA,2025-06-15,Self Pay,Kannada
P001591,Rohan Nair,1972-05-30,F,Mysuru,KA,2024-07-03,Insured,Telugu
P001592,Anika Das,1998-09-12,Other,Mysuru,KA,2024-10-31,Self Pay,Hindi
P001593,Meera Patel,2010-03-09,M,London,LON,2023-11-28,Corporate,Telugu
P001594,Varun Nair,1986-06-30,Other,Chennai,TN,2024-07-13,Government,Hindi
P001595,Ishaan Rao,2004-05-08,M,Hyderabad,TS,2023-10-07,Insured,Tamil
P001596,Karan Menon,1977-05-12,M,New Delhi,DL,2022-06-25,Insured,Telugu
P001597,Ananya Reddy,2010-04-30,M,Bengaluru,KA,2022-04-09,Self Pay,Telugu
P001598,Ishaan Singh,1975-06-30,F,New Delhi,DL,2025-11-20,Corporate,Telugu
P001599,Pooja Kapoor,1947-12-31,M,London,LON,2024-01-07,Self Pay,Telugu
P001600,Nikhil Rao,2015-05-16,Other,Chennai,TN,2025-11-17,Corporate,Telugu
P001601,Varun Singh,1993-12-09,M,Berlin,BE,2024-11-18,Self Pay,Kannada
P001602,Kavya Joshi,1964-08-24,F,Berlin,BE,2023-03-18,Insured,Hindi
P001603,Ira Iyer,1990-09-24,F,Bengaluru,KA,2025-03-15,Self Pay,Telugu
P001604,Kavya Sharma,1985-10-07,M,San Francisco,CA,2022-10-15,Corporate,English
P001605,Ishaan Gupta,1971-03-13,M,Mumbai,MH,2024-10-10,Corporate,Telugu
P001606,Priya Gupta,1946-08-17,F,San Francisco,CA,2023-12-26,Self Pay,Hindi
P001607,Diya Gupta,1997-08-03,M,Singapore,SG,2024-01-16,Insured,Kannada
P001608,Ananya Menon,1989-06-15,F,New York,NY,2025-11-21,Corporate,English
P001609,Nikhil Verma,1942-09-01,M,London,LON,2022-02-06,Government,Tamil
P001610,Rahul Patel,2007-12-09,F,Berlin,BE,2022-01-17,Insured,English
P001611,Meera Patel,1948-10-01,F,Singapore,SG,2023-03-16,Corporate,Telugu
P001612,Ananya Kapoor,1950-02-14,M,New York,NY,2023-02-22,Corporate,Kannada
P001613,Ishaan Sharma,1977-10-29,M,Mumbai,MH,2024-03-17,Insured,Telugu
P001614,Ira Kapoor,1969-10-11,M,Bengaluru,KA,2025-09-27,Self Pay,Tamil
P001615,Ira Singh,1977-02-11,M,San Francisco,CA,2025-11-25,Insured,Tamil
P001616,Pooja Rao,2014-12-28,M,Hyderabad,TS,2023-03-05,Insured,Hindi
P001617,Ira Gupta,2016-05-22,F,Mysuru,KA,2025-10-16,Corporate,Kannada
P001618,Ishaan Joshi,2007-08-25,F,Mumbai,MH,2022-10-16,Self Pay,Kannada
P001619,Pooja Iyer,1998-01-21,M,Berlin,BE,2023-11-26,Insured,Hindi
P001620,Neha Reddy,1945-02-11,Other,Chennai,TN,2023-07-10,Corporate,Telugu
P001621,Arjun Sharma,1942-08-05,M,Mysuru,KA,2025-11-11,Corporate,English
P001622,Ira Mehta,1989-04-18,F,Bengaluru,KA,2023-06-20,Self Pay,Kannada
P001623,Aditi Verma,1979-08-04,F,Mysuru,KA,2024-03-12,Insured,Hindi
P001624,Ira Verma,2009-10-13,F,Mumbai,MH,2023-11-07,Self Pay,Telugu
P001625,Pooja Sharma,1955-08-27,Other,Mumbai,MH,2022-10-13,Self Pay,Hindi
P001626,Neha Rao,1985-12-21,Other,Bengaluru,KA,2023-05-13,Self Pay,Tamil
P001627,Aditi Menon,2006-02-10,F,Bengaluru,KA,2024-11-03,Government,Telugu
P001628,Vikram Rao,1956-06-18,F,Hyderabad,TS,2024-02-28,Corporate,Hindi
P001629,Neha Nair,2009-05-19,M,London,LON,2023-02-16,Corporate,Kannada
P001630,Priya Joshi,1977-10-09,F,Chennai,TN,2025-12-07,Self Pay,Kannada
P001631,Ira Nair,1982-01-06,F,London,LON,2024-11-04,Government,English
P001632,Aditi Iyer,1941-11-13,F,Mysuru,KA,2024-04-19,Government,Tamil
P001633,Arjun Rao,1979-10-30,F,Mysuru,KA,2023-01-03,Corporate,Telugu
P001634,Diya Verma,1956-10-18,M,New York,NY,2025-01-05,Self Pay,Telugu
P001635,Diya Patel,2001-05-30,Other,Singapore,SG,2025-02-22,Self Pay,Kannada
P001636,Sneha Mehta,2001-10-16,M,Chennai,TN,2022-02-04,Government,Hindi
P001637,Karan Iyer,1995-08-31,F,London,LON,2022-08-11,Corporate,Kannada
P001638,Ishaan Iyer,1958-05-11,F,Singapore,SG,2025-09-27,Insured,Kannada
P001639,Ananya Patel,1990-03-26,M,Singapore,SG,2022-12-20,Self Pay,Tamil
P001640,Aditi Reddy,1958-07-18,Other,Chennai,TN,2022-08-19,Government,Kannada
P001641,Varun Kapoor,1987-02-11,M,London,LON,2023-08-22,Government,Hindi
P001642,Diya Joshi,2012-02-27,M,Mysuru,KA,2025-06-15,Self Pay,Telugu
P001643,Priya Kapoor,1959-08-30,F,Chennai,TN,2024-06-09,Insured,Kannada
P001644,Aarav Iyer,1953-09-23,Other,San Francisco,CA,2025-01-31,Government,Tamil
P001645,Anika Joshi,1961-01-20,F,Berlin,BE,2022-06-11,Insured,Kannada
P001646,Anika Reddy,1950-02-01,M,San Francisco,CA,2022-10-02,Government,Tamil
P001647,Rohan Das,2013-05-01,M,Bengaluru,KA,2023-12-27,Government,Telugu
P001648,Nikhil Iyer,1969-03-07, Female ,Berlin,BE,2022-05-07,Corporate,Hindi
P001649,Karan Gupta,1944-11-19,Other,London,LON,2023-07-14,Insured,Kannada
P001650,Ira Mehta,1947-01-09,M,New York,NY,2023-03-06,Self Pay,Tamil
P001651,Sneha Patel,1997-01-27,F,Mysuru,KA,2023-11-07,Corporate,Hindi
P001652,Pooja Kapoor,1944-11-03,M,Mysuru,KA,2024-01-31,Government,Hindi
P001653,Varun Menon,1984-11-05,M,New York,NY,2023-09-11,Self Pay,English
P001654,Meera Kapoor,1979-10-12,M,Mysuru,KA,2022-09-18,Insured,English
P001655,Neha Nair,1963-06-03,M,Chennai,TN,2022-08-02,Corporate,Kannada
P001656,Sneha Reddy,1998-04-01,Other,New York,NY,2023-04-03,Insured,Hindi
P001657,Arjun Sharma,1993-01-26,M,New Delhi,DL,2022-04-18,Corporate,Kannada
P001658,Aarav Patel,1960-08-05,M,Hyderabad,TS,2023-04-27,Self Pay,Hindi
P001659,Anika Verma,1980-07-09,M,Singapore,SG,2022-03-22,Corporate,Telugu
P001660,Karan Sharma,1942-09-21,M,Berlin,BE,2022-12-27,Self Pay,Kannada
P001661,Varun Kapoor,1986-04-22,Other,Mysuru,KA,2025-02-23,Insured,Hindi
P001662,Anika Menon,1967-05-29,F,Bengaluru,KA,2025-03-14,Corporate,Kannada
P001663,Aarav Reddy,1991-12-31,F,Mysuru,KA,2022-10-21,Government,English
P001664,Priya Sharma,1996-11-29,M,Singapore,SG,2023-10-09,Government,Kannada
P001665,Meera Kapoor,2003-08-11,M,Bengaluru,KA,2023-02-14,Corporate,Telugu
P001666,Rahul Gupta,2002-02-04,Other,Berlin,BE,2022-05-21,Insured,English
P001667,Aarav Rao,2009-07-13,Other,Mumbai,MH,2023-11-22,Government,Hindi
P001668,Aditi Verma,2009-11-23,F,London,LON,2024-01-09,Corporate,Tamil
P001669,Varun Joshi,1960-08-27,F,Singapore,SG,2024-01-29,Self Pay,Tamil
P001670,Ananya Gupta,1991-12-04,F,New Delhi,DL,2022-07-02,Government,Tamil
P001671,Priya Nair,1945-01-17,M,Hyderabad,TS,2023-07-17,Insured,Hindi
P001672,Karan Joshi,1958-09-20,F,Singapore,SG,2023-06-24,Government,Telugu
P001673,Meera Sharma,1945-04-28,F,London,LON,2022-11-18,Government,Kannada
P001674,Diya Das,1956-04-07,Other,New Delhi,DL,2024-10-20,Insured,Telugu
P001675,Kavya Patel,1991-02-02,M,Mysuru,KA,2025-10-02,Government,Hindi
P001676,Pooja Joshi,1997-04-08,M,New York,NY,2024-04-15,Government,Telugu
P001677,Diya Reddy,1966-01-22,F,Bengaluru,KA,2023-09-07,Insured,Hindi
P001678,Sneha Reddy,1956-02-01,F,Singapore,SG,2024-04-04,Insured,English
P001679,Pooja Sharma,1944-11-22,M,London,LON,2022-04-06,Government,Kannada
P001680,Neha Gupta,1987-09-27,M,Singapore,SG,2024-02-26,Government,Telugu
P001681,Nikhil Sharma,2012-12-20,M,Mumbai,MH,2024-12-02,Government,Tamil
P001682,Meera Menon,1940-08-11,F,Singapore,SG,2026-01-29,Self Pay,English
P001683,Varun Sharma,2004-06-04,Other,Berlin,BE,2022-12-25,Self Pay,Telugu
P001684,Meera Singh,1964-05-20,M,Chennai,TN,2023-01-22,Corporate,English
P001685,Vikram Nair,1966-04-23,M,New Delhi,DL,2025-11-28,Government,Telugu
P001686,Varun Kapoor,2003-12-18,Other,Mysuru,KA,2025-09-30,Self Pay,Telugu
P001687,Meera Gupta,1942-05-28,Other,New Delhi,DL,2024-08-04,Self Pay,Kannada
P001688,Priya Verma,1967-08-10,M,Mumbai,MH,2023-04-17,Corporate,Telugu
P001689,Priya Iyer,1942-09-08,F,Mysuru,KA,2024-10-26,Self Pay,Tamil
P001690,Ishaan Gupta,2005-09-25,M,New Delhi,DL,2022-07-31,Government,Kannada
P001691,Priya Nair,1989-11-06,F,Mysuru,KA,2022-03-25,Insured,Kannada
P001692,Ishaan Reddy,1983-03-02,F,Mysuru,KA,2022-10-29,Insured,Hindi
P001693,Anika Mehta,1957-06-28,F,Chennai,TN,2024-06-30,Self Pay,Telugu
P001694,Meera Sharma,1950-09-08,M,Bengaluru,KA,2022-03-11,Government,English
P001695,Kavya Verma,1953-03-21,F,New Delhi,DL,2024-07-25,Government,Kannada
P001696,Aditi Reddy,1948-02-17,M,London,LON,2025-10-18,Government,English
P001697,Ishaan Sharma,1941-08-13,F,Singapore,SG,2023-02-23,Government,Hindi
P001698,Diya Rao,1995-10-16,M,Mysuru,KA,2025-09-21,Self Pay,Tamil
P001699,Ishaan Iyer,1955-06-25,M,Berlin,BE,2023-10-08,Government,English
P001700,Pooja Reddy,1949-11-20,F,London,LON,2023-11-23,Government,English
P001701,Karan Kapoor,1954-02-16,Other,San Francisco,CA,2024-02-21,Government,Telugu
P001702,Vikram Patel,1953-08-08,F,London,LON,2022-11-10,Insured,Kannada
P001703,Ananya Patel,1943-02-23,M,Mysuru,KA,2024-03-05,Self Pay,Tamil
P001704,Meera Verma,1958-07-20,F,San Francisco,CA,2022-10-25,Government,English
P001705,Aarav Reddy,2013-04-03,F,New York,NY,2024-07-10,Corporate,English
P001706,Arjun Singh,1972-01-02,M,Bengaluru,KA,2022-09-03,Corporate,English
P001707,Ananya Menon,1949-06-10,Other,Singapore,SG,2023-05-27,Government,Kannada
P001708,Rohan Iyer,1962-05-20,F,Hyderabad,TS,2025-08-25,Self Pay,Kannada
P001709,Meera Reddy,1990-05-22, Female ,Berlin,BE,2022-08-03,Government,Tamil
P001710,Rohan Reddy,2014-05-12,M,London,LON,2025-07-06,Self Pay,Tamil
P001711,Varun Joshi,1969-02-23,F,Berlin,BE,2023-11-23,Insured,Kannada
P001712,Varun Menon,2000-09-30,M,Berlin,BE,2024-01-22,Corporate,Telugu
P001713,Varun Mehta,1966-10-16,M,Chennai,TN,2024-12-13,Government,Kannada
P001714,Neha Rao,1979-10-20,F,New York,NY,2023-06-26,Government,Kannada
P001715,Arjun Joshi,1942-05-12,M,New Delhi,DL,2022-12-14,Self Pay,Telugu
P001716,Aarav Verma,1963-02-12,M,Mumbai,MH,2025-06-17,Insured,Telugu
P001717,Meera Singh,1980-03-02,M,Mumbai,MH,2025-08-08,Government,Telugu
P001718,Pooja Gupta,1995-02-12,Other,Berlin,BE,2023-12-06,Government,English
P001719,Rahul Rao,1988-11-10,Other,New York,NY,2022-08-30,Self Pay,Telugu
P001720,Anika Joshi,2014-04-09,Other,Hyderabad,TS,2025-10-12,Corporate,Kannada
P001721,Diya Sharma,1975-06-19,Other,Mysuru,KA,2023-10-27,Self Pay,English
P001722,Arjun Nair,1944-04-15,M,New Delhi,DL,2025-09-09,Self Pay,Hindi
P001723,Rahul Sharma,2015-01-25,F,Berlin,BE,2023-08-15,Government,Telugu
P001724,Pooja Joshi,1977-08-04,Other,Bengaluru,KA,2023-05-14,Insured,Telugu
P001725,Ira Gupta,1949-06-03,M,Berlin,BE,2022-07-19,Insured,Telugu
P001726,Rahul Singh,1972-02-07,M,Singapore,SG,2025-05-07,Government,Kannada
P001727,Rohan Menon,2000-02-10,F,Mysuru,KA,2023-12-01,Insured,Kannada
P001728,Kavya Das,1985-02-19,M,Berlin,BE,2025-11-04,Corporate,Kannada
P001729,Varun Gupta,1971-12-13,Other,San Francisco,CA,2026-01-11,Insured,Hindi
P001730,Aditi Iyer,1967-03-02,Other,San Francisco,CA,2025-07-16,Corporate,Kannada
P001731,Karan Das,2005-11-17,F,Singapore,SG,2023-12-15,Self Pay,Tamil
P001732,Pooja Mehta,2007-04-14,Other,Chennai,TN,2025-01-07,Insured,Kannada
P001733,Nikhil Gupta,2010-02-05,F,Singapore,SG,2025-02-04,Corporate,English
P001734,Diya Patel,1967-06-02,M,Mysuru,KA,2023-09-09,Government,Telugu
P001735,Varun Nair,1973-12-02,F,New York,NY,2022-01-13,Insured,Kannada
P001736,Ira Kapoor,1951-10-26,M,Chennai,TN,2025-12-18,Insured,Tamil
P001737,Karan Sharma,1944-04-18,M,Berlin,BE,2025-12-18,Government,Kannada
P001738,Arjun Menon,1946-12-23,M,Chennai,TN,2024-01-14,Government,Kannada
P001739,Rohan Nair,1991-06-30,Other,Hyderabad,TS,2024-04-11,Corporate,English
P001740,Rohan Kapoor,2014-05-08,F,New York,NY,2023-03-02,Self Pay,English
P001741,Ananya Iyer,1976-09-22,Other,Bengaluru,KA,2025-03-09,Insured,English
P001742,Arjun Kapoor,2009-06-23,Other,New York,NY,2025-10-11,Insured,Kannada
P001743,Ishaan Singh,2005-03-12,M,Berlin,BE,2025-05-25,Government,English
P001744,Pooja Verma,2004-05-31,M,Singapore,SG,2023-06-30,Corporate,Tamil
P001745,Aarav Singh,2004-02-27,Other,Bengaluru,KA,2023-03-11,Corporate,Kannada
P001746,Aditi Rao,1980-10-14,F,Hyderabad,TS,2023-05-01,Self Pay,Kannada
P001747,Sneha Reddy,1970-07-07,M,New Delhi,DL,2025-08-09,Insured,Telugu
P001748,Kavya Nair,2013-01-07,Other,London,LON,2025-02-24,Self Pay,Telugu
P001749,Meera Gupta,1996-10-25,M,London,LON,2024-12-19,Self Pay,English
P001750,Meera Das,1957-05-12,Other,Mysuru,KA,2024-11-26,Government,English
P001751,Ira Gupta,2005-06-03,M,Mysuru,KA,2023-10-16,Corporate,Telugu
P001752,Diya Kapoor,1947-04-07,Other,San Francisco,CA,2022-02-17,Insured,Tamil
P001753,Arjun Nair,1956-05-25,Other,Mumbai,MH,2025-04-10,Self Pay,Kannada
P001754,Priya Iyer,1960-05-25,M,London,LON,2023-01-15,Corporate,English
P001755,Ananya Patel,1989-11-17,F,Berlin,BE,2023-11-27,Government,Kannada
P001756,Karan Menon,1966-08-10,M,Singapore,SG,2024-07-22,Corporate,Tamil
P001757,Meera Rao,1999-06-15,Other,San Francisco,CA,2024-03-22,Corporate,Telugu
P001758,Karan Rao,1967-03-11,Other,Mysuru,KA,2025-03-04,Insured,Hindi
P001759,Anika Rao,1968-03-12,F,New Delhi,DL,2026-01-23,Government,English
P001760,Arjun Iyer,1965-02-03,F,London,LON,2022-02-27,Government,Tamil
P001761,Aarav Singh,1952-10-18,F,London,LON,2023-02-23,Government,Telugu
P001762,Priya Singh,1996-03-07,F,Singapore,SG,2024-07-01,Government,Tamil
P001763,Varun Sharma,1987-12-10,Other,San Francisco,CA,2022-02-07,Government,English
P001764,Aarav Singh,2003-02-07,M,Mysuru,KA,2025-12-10,Government,Hindi
P001765,Meera Nair,1977-06-25,Other,San Francisco,CA,2022-03-13,Self Pay,Telugu
P001766,Kavya Sharma,1955-06-01,M,Hyderabad,TS,2023-10-19,Insured,Telugu
P001767,Diya Gupta,1996-01-17,M,Singapore,SG,2022-11-27,Self Pay,Tamil
P001768,Nikhil Iyer,2010-05-31,M,Berlin,BE,2023-04-27,Self Pay,Hindi
P001769,Anika Verma,1989-10-31,M,Chennai,TN,2026-02-07,Self Pay,Kannada
P001770,Karan Menon,2011-09-21, Female ,San Francisco,CA,2025-03-19,Corporate,Telugu
P001771,Kavya Kapoor,1977-08-06,M,Berlin,BE,2024-07-31,Government,Telugu
P001772,Vikram Nair,1953-03-18,M,Bengaluru,KA,2023-03-28,Government,Tamil
P001773,Karan Mehta,2003-11-13,F,New York,NY,2023-06-27,Corporate,Telugu
P001774,Karan Kapoor,1981-08-07,F,Chennai,TN,2025-02-14,Insured,Hindi
P001775,Aditi Iyer,1982-03-15,M,Chennai,TN,2023-10-30,Corporate,Telugu
P001776,Ananya Menon,1975-10-31,F,London,LON,2022-07-31,Insured,Telugu
P001777,Pooja Mehta,1953-02-09,F,New Delhi,DL,2022-07-09,Insured,Tamil
P001778,Ishaan Rao,2002-10-21,M,San Francisco,CA,2024-02-01,Government,English
P001779,Aarav Mehta,1983-02-15,F,Berlin,BE,2022-06-15,Government,Hindi
P001780,Ishaan Kapoor,1963-03-04,M,Singapore,SG,2022-12-20,Corporate,Kannada
P001781,Anika Kapoor,1953-03-15,F,Berlin,BE,2025-10-22,Insured,Tamil
P001782,Diya Verma,1996-10-11,F,Mysuru,KA,2022-04-06,Corporate,Kannada
P001783,Karan Gupta,1981-04-13,M,London,LON,2025-02-12,Corporate,Tamil
P001784,Neha Das,2006-12-29,M,New York,NY,2023-03-31,Self Pay,Tamil
P001785,Neha Verma,1957-06-19,F,London,LON,2022-05-09,Corporate,Kannada
P001786,Nikhil Singh,2004-10-19,M,Berlin,BE,2025-04-22,Self Pay,Telugu
P001787,Sneha Iyer,1940-07-02,F,Chennai,TN,2022-06-02,Insured,Tamil
P001788,Rahul Nair,1952-11-07,F,Hyderabad,TS,2025-03-02,Corporate,Hindi
P001789,Neha Rao,2009-09-14,F,San Francisco,CA,2023-01-28,Government,Hindi
P001790,Anika Rao,1961-09-13,M,San Francisco,CA,2025-08-08,Self Pay,Tamil
P001791,Kavya Rao,2013-11-29,M,Hyderabad,TS,2025-07-13,Government,Tamil
P001792,Ira Joshi,1968-12-24,M,Hyderabad,TS,2023-09-10,Government,Telugu
P001793,Anika Das,1972-10-10,M,Chennai,TN,2023-03-02,Corporate,Tamil
P001794,Pooja Menon,2013-08-24,Other,Singapore,SG,2025-12-13,Self Pay,English
P001795,Sneha Rao,1958-04-26,M,Hyderabad,TS,2025-05-31,Government,Telugu
P001796,Ananya Sharma,2003-01-19,Other,Mumbai,MH,2023-05-24,Corporate,Telugu
P001797,Diya Das,2003-11-17,F,New Delhi,DL,2025-05-28,Corporate,Kannada
P001798,Karan Mehta,2004-01-27,F,Bengaluru,KA,2023-05-03,Government,Kannada
P001799,Aarav Menon,1999-06-07,M,Mumbai,MH,2022-09-09,Government,Kannada
P001800,Varun Rao,2015-12-13,M,London,LON,2023-02-08,Government,Telugu
P001801,Sneha Rao,1947-11-27,F,New York,NY,2023-07-09,Insured,Telugu
P001802,Ira Joshi,1949-11-20,M,Mysuru,KA,2022-11-13,Self Pay,Tamil
P001803,Meera Verma,2009-01-06,M,New York,NY,2025-08-31,Self Pay,English
P001804,Neha Patel,1975-11-20,Other,Mumbai,MH,2022-06-23,Corporate,Hindi
P001805,Priya Menon,1972-07-14,F,Hyderabad,TS,2022-08-02,Self Pay,Telugu
P001806,Ananya Verma,2007-03-09,M,London,LON,2023-03-15,Corporate,Kannada
P001807,Ira Iyer,1990-01-15,Other,Berlin,BE,2022-01-08,Government,English
P001808,Neha Nair,1946-01-10,F,San Francisco,CA,2022-04-19,Self Pay,Telugu
P001809,Rohan Rao,1994-06-21,F,Chennai,TN,2024-09-12,Corporate,English
P001810,Meera Singh,1997-05-31,F,New York,NY,2025-10-20,Government,Hindi
P001811,Rohan Singh,1967-09-02,F,New Delhi,DL,2023-03-01,Government,Telugu
P001812,Neha Das,1997-08-09,M,New Delhi,DL,2025-08-30,Corporate,Kannada
P001813,Sneha Reddy,1975-02-24,M,New Delhi,DL,2023-07-09,Corporate,Tamil
P001814,Karan Nair,1956-06-13,F,New York,NY,2023-01-21,Insured,Kannada
P001815,Vikram Mehta,1966-12-05,Other,New York,NY,2023-10-25,Government,Tamil
P001816,Nikhil Singh,1953-01-22,F,Chennai,TN,2026-01-28,Government,Kannada
P001817,Ishaan Patel,1985-03-24,F,Bengaluru,KA,2023-12-25,Corporate,English
P001818,Anika Iyer,1995-04-28,F,Berlin,BE,2023-02-11,Self Pay,Hindi
P001819,Kavya Kapoor,1941-04-13,F,Berlin,BE,2023-04-02,Corporate,Tamil
P001820,Neha Rao,1978-03-24,F,Berlin,BE,2022-03-28,Government,Kannada
P001821,Meera Iyer,1968-04-30,M,New York,NY,2024-10-20,Corporate,Tamil
P001822,Ira Joshi,2015-10-20,Other,New Delhi,DL,2022-06-11,Government,English
P001823,Vikram Menon,1950-11-05,M,Chennai,TN,2025-04-01,Self Pay,English
P001824,Rohan Rao,1957-09-21,Other,Singapore,SG,2024-01-18,Self Pay,Tamil
P001825,Arjun Gupta,1947-02-24,M,London,LON,2024-06-29,Self Pay,Telugu
P001826,Ishaan Kapoor,1995-02-26,M,Berlin,BE,2022-11-04,Government,Hindi
P001827,Sneha Singh,1998-11-26,M,New Delhi,DL,2022-06-04,Corporate,Telugu
P001828,Ananya Reddy,2006-07-11,M,New Delhi,DL,2022-06-22,Self Pay,Hindi
P001829,Nikhil Singh,2015-03-08,M,New Delhi,DL,2022-10-31,Corporate,Kannada
P001830,Ishaan Patel,2012-09-01,F,New York,NY,2025-04-04,Insured,Telugu
P001831,Meera Mehta,2010-03-04, Female ,Bengaluru,KA,2023-11-23,Government,English
P001832,Ishaan Sharma,1964-09-18,F,Bengaluru,KA,2022-06-12,Insured,Hindi
P001833,Vikram Menon,1946-07-11,M,Mumbai,MH,2023-09-17,Insured,English
P001834,Rahul Rao,2000-09-05,F,Bengaluru,KA,2025-01-29,Government,Kannada
P001835,Sneha Menon,1966-12-10,Other,Mumbai,MH,2025-07-05,Corporate,Hindi
P001836,Aarav Rao,1989-06-10,Other,Bengaluru,KA,2024-12-12,Insured,English
P001837,Ishaan Nair,2002-06-21,F,Chennai,TN,2025-05-14,Corporate,English
P001838,Rahul Nair,2016-08-13,M,New York,NY,2025-09-29,Corporate,Telugu
P001839,Ira Gupta,2014-07-28,M,Bengaluru,KA,2022-07-12,Self Pay,Kannada
P001840,Priya Menon,1945-11-28,M,Chennai,TN,2025-06-20,Corporate,Telugu
P001841,Varun Sharma,2013-01-07,Other,Bengaluru,KA,2025-08-06,Insured,English
P001842,Diya Das,2003-05-11,M,Bengaluru,KA,2022-10-19,Insured,Hindi
P001843,Ananya Reddy,1981-03-31,F,New York,NY,2022-11-10,Government,English
P001844,Rohan Kapoor,1980-09-14,F,Chennai,TN,2022-10-08,Self Pay,Kannada
P001845,Neha Iyer,1955-07-27,M,New Delhi,DL,2023-04-21,Government,Kannada
P001846,Rohan Kapoor,1991-11-24,F,Bengaluru,KA,2022-01-02,Government,Hindi
P001847,Rohan Sharma,1951-03-07,Other,Hyderabad,TS,2023-04-11,Government,Hindi
P001848,Kavya Singh,1980-06-04,F,Berlin,BE,2023-12-27,Insured,Tamil
P001849,Rohan Singh,1991-04-11,Other,San Francisco,CA,2023-08-22,Insured,Tamil
P001850,Neha Kapoor,1993-04-22,Other,New York,NY,2025-06-24,Insured,Hindi
P001851,Varun Sharma,2010-04-08,Other,London,LON,2023-09-17,Corporate,Tamil
P001852,Arjun Das,2001-01-14,M,Bengaluru,KA,2025-01-21,Self Pay,Telugu
P001853,Vikram Menon,2012-03-17,F,London,LON,2023-08-14,Corporate,Telugu
P001854,Karan Menon,1982-03-18,M,New York,NY,2023-02-24,Government,Telugu
P001855,Karan Rao,1948-07-16,Other,Singapore,SG,2025-10-06,Corporate,Kannada
P001856,Kavya Menon,1966-09-11,F,Singapore,SG,2023-10-16,Government,Tamil
P001857,Nikhil Menon,2005-04-18,F,New Delhi,DL,2023-10-06,Corporate,Kannada
P001858,Nikhil Rao,1962-04-07,F,San Francisco,CA,2023-05-26,Self Pay,Kannada
P001859,Priya Gupta,1965-02-18,M,San Francisco,CA,2024-12-07,Government,Kannada
P001860,Nikhil Rao,1969-10-20,M,Hyderabad,TS,2024-08-27,Government,Hindi
P001861,Priya Sharma,1957-12-28,Other,Chennai,TN,2023-01-18,Insured,Tamil
P001862,Karan Sharma,1985-07-27,M,Berlin,BE,2024-06-08,Government,Kannada
P001863,Varun Singh,1966-09-21,F,Mysuru,KA,2026-01-01,Corporate,Hindi
P001864,Rohan Mehta,2014-02-23,M,San Francisco,CA,2023-10-20,Insured,Hindi
P001865,Nikhil Rao,1994-05-04,F,Chennai,TN,2024-05-12,Corporate,Tamil
P001866,Neha Verma,2001-12-03,M,Singapore,SG,2022-05-17,Insured,Telugu
P001867,Ananya Reddy,2005-04-09,Other,Hyderabad,TS,2024-05-07,Self Pay,English
P001868,Nikhil Gupta,1994-02-04,M,Singapore,SG,2023-11-10,Self Pay,Hindi
P001869,Vikram Mehta,2004-01-12,F,London,LON,2022-11-23,Government,English
P001870,Vikram Iyer,1964-01-21,M,London,LON,2022-04-24,Self Pay,Kannada
P001871,Anika Menon,1947-12-05,M,Bengaluru,KA,2022-11-06,Corporate,English
P001872,Diya Rao,1966-09-28,F,Singapore,SG,2025-09-10,Government,English
P001873,Aditi Mehta,1962-04-16,M,Mumbai,MH,2025-05-12,Corporate,Telugu
P001874,Sneha Gupta,1983-06-07,Other,Mumbai,MH,2024-09-16,Corporate,Hindi
P001875,Ira Menon,1969-08-29,F,Bengaluru,KA,2023-10-01,Insured,Telugu
P001876,Sneha Gupta,1954-03-14,M,Mysuru,KA,2022-05-01,Corporate,Tamil
P001877,Aditi Mehta,1960-09-08,Other,San Francisco,CA,2025-12-19,Self Pay,Telugu
P001878,Karan Gupta,1940-08-18,M,Singapore,SG,2023-03-27,Self Pay,Hindi
P001879,Ananya Joshi,1973-12-01,F,Mysuru,KA,2023-01-25,Self Pay,Kannada
P001880,Ira Das,1993-11-05,F,New Delhi,DL,2025-07-27,Insured,Telugu
P001881,Rohan Iyer,2001-06-13,Other,New York,NY,2025-03-08,Self Pay,Kannada
P001882,Rohan Sharma,1972-10-16,F,New York,NY,2023-04-01,Government,Kannada
P001883,Ira Patel,1952-05-12,F,New Delhi,DL,2024-02-08,Corporate,English
P001884,Anika Reddy,1962-05-30,M,New York,NY,2023-12-29,Corporate,Tamil
P001885,Ananya Nair,1992-09-19,M,London,LON,2022-03-15,Corporate,Hindi
P001886,Meera Nair,1999-06-01,M,Bengaluru,KA,2024-02-13,Government,Hindi
P001887,Varun Mehta,2000-07-10,F,Singapore,SG,2023-05-20,Insured,Kannada
P001888,Karan Nair,1987-09-21,F,San Francisco,CA,2024-07-04,Government,Kannada
P001889,Ananya Mehta,1949-05-19,F,New York,NY,2023-02-07,Government,Telugu
P001890,Meera Verma,1947-09-09,M,San Francisco,CA,2022-10-03,Corporate,Tamil
P001891,Aditi Gupta,1992-03-28,F,Singapore,SG,2024-10-03,Corporate,English
P001892,Aarav Kapoor,1950-06-05, Female ,Berlin,BE,2024-08-22,Self Pay,Hindi
P001893,Meera Nair,1997-12-07,F,Bengaluru,KA,2023-08-29,Corporate,Hindi
P001894,Nikhil Gupta,1984-09-21,F,San Francisco,CA,2024-06-09,Government,Hindi
P001895,Rahul Iyer,1963-05-11,M,San Francisco,CA,2023-07-01,Self Pay,Telugu
P001896,Anika Gupta,1940-01-22,M,New York,NY,2024-09-03,Corporate,English
P001897,Karan Das,1964-05-05,M,Berlin,BE,2025-08-31,Government,English
P001898,Meera Mehta,1945-01-01,Other,Hyderabad,TS,2024-11-22,Insured,Tamil
P001899,Ishaan Gupta,1952-11-28,F,New Delhi,DL,2024-10-15,Insured,Hindi
P001900,Sneha Nair,1951-11-29,F,New York,NY,2023-05-26,Government,Tamil
P001901,Aarav Reddy,1951-05-31,F,Singapore,SG,2023-03-08,Government,English
P001902,Diya Verma,1974-10-12,F,Bengaluru,KA,2025-11-25,Government,Telugu
P001903,Nikhil Rao,1968-03-11,F,Berlin,BE,2023-10-20,Insured,Tamil
P001904,Vikram Gupta,1950-02-10,F,London,LON,2023-11-20,Government,Hindi
P001905,Priya Singh,1967-08-28,M,Mumbai,MH,2024-09-25,Insured,Telugu
P001906,Meera Joshi,1962-11-14,M,Berlin,BE,2023-04-18,Insured,English
P001907,Rahul Iyer,2015-11-17,M,Mumbai,MH,2025-01-16,Self Pay,Tamil
P001908,Arjun Mehta,1955-09-10,F,Berlin,BE,2025-07-20,Corporate,Telugu
P001909,Ira Joshi,2012-05-07,F,Chennai,TN,2024-01-27,Corporate,Kannada
P001910,Kavya Singh,2015-01-02,M,Berlin,BE,2022-06-03,Corporate,Hindi
P001911,Nikhil Gupta,1941-07-18,M,Bengaluru,KA,2023-01-19,Government,Kannada
P001912,Neha Kapoor,2002-03-22,M,Berlin,BE,2023-06-05,Government,Kannada
P001913,Rohan Kapoor,1947-04-05,M,Singapore,SG,2023-02-06,Corporate,Kannada
P001914,Rohan Nair,1959-06-05,M,Berlin,BE,2023-10-15,Government,Tamil
P001915,Arjun Reddy,1967-07-17,Other,Mumbai,MH,2023-12-16,Insured,English
P001916,Ira Patel,1965-02-07,Other,New York,NY,2024-08-14,Government,Telugu
P001917,Rohan Singh,1946-04-17,M,Mysuru,KA,2024-05-09,Corporate,Telugu
P001918,Priya Patel,1949-04-14,F,Hyderabad,TS,2024-04-03,Self Pay,Tamil
P001919,Meera Patel,1967-12-11,M,Berlin,BE,2024-11-24,Corporate,English
P001920,Ananya Singh,1985-11-05,Other,Chennai,TN,2023-03-26,Self Pay,English
P001921,Vikram Iyer,2011-06-10,M,Chennai,TN,2024-06-29,Insured,Hindi
P001922,Nikhil Nair,1999-04-16,M,Mumbai,MH,2024-06-24,Corporate,Hindi
P001923,Aarav Rao,1947-04-05,M,Chennai,TN,2022-06-06,Corporate,Hindi
P001924,Rahul Mehta,1996-10-09,F,Mysuru,KA,2023-11-02,Government,Kannada
P001925,Karan Gupta,2014-07-20,F,London,LON,2025-06-16,Insured,Tamil
P001926,Vikram Joshi,1964-02-20,M,Mysuru,KA,2023-09-26,Self Pay,English
P001927,Pooja Singh,1975-11-09,F,Berlin,BE,2024-09-11,Government,Telugu
P001928,Karan Das,1976-01-05,M,New York,NY,2022-12-28,Self Pay,English
P001929,Vikram Mehta,1952-06-01,M,Hyderabad,TS,2024-12-06,Insured,English
P001930,Aditi Reddy,2005-03-14,M,Berlin,BE,2023-06-23,Self Pay,Telugu
P001931,Priya Kapoor,2009-01-23,F,Singapore,SG,2022-12-21,Insured,English
P001932,Diya Kapoor,1976-04-28,F,London,LON,2025-11-18,Insured,Tamil
P001933,Ananya Mehta,1980-05-08,F,New York,NY,2022-03-08,Corporate,Telugu
P001934,Nikhil Patel,1966-07-20,M,Berlin,BE,2023-08-21,Government,Telugu
P001935,Anika Reddy,1983-09-02,Other,Singapore,SG,2023-06-20,Government,Kannada
P001936,Ishaan Patel,1970-03-19,Other,London,LON,2023-07-28,Insured,English
P001937,Priya Gupta,1978-01-10,M,London,LON,2023-09-12,Self Pay,English
P001938,Ananya Gupta,2001-06-05,F,Bengaluru,KA,2024-07-05,Government,English
P001939,Anika Nair,1987-03-11,M,London,LON,2023-06-29,Government,English
P001940,Varun Rao,2004-07-29,F,San Francisco,CA,2024-08-28,Government,English
P001941,Kavya Rao,1949-11-22,M,Hyderabad,TS,2025-03-17,Government,Hindi
P001942,Aarav Reddy,1982-11-07,Other,San Francisco,CA,2022-10-20,Self Pay,Tamil
P001943,Anika Singh,2011-09-01,F,Hyderabad,TS,2022-09-24,Government,Telugu
P001944,Sneha Joshi,1967-11-08,M,New Delhi,DL,2025-06-29,Self Pay,Tamil
P001945,Karan Sharma,1961-05-21,F,Hyderabad,TS,2023-12-13,Insured,English
P001946,Aditi Gupta,1983-04-06,M,New Delhi,DL,2025-11-28,Corporate,English
P001947,Sneha Joshi,1959-10-04,Other,Mysuru,KA,2023-03-24,Government,Kannada
P001948,Neha Iyer,1968-09-14,Other,Bengaluru,KA,2023-07-31,Government,English
P001949,Varun Kapoor,1943-08-03,Other,Mumbai,MH,2024-08-09,Government,Telugu
P001950,Ananya Nair,2007-11-27,Other,Chennai,TN,2023-07-11,Corporate,English
P001951,Sneha Das,1941-12-29,M,New Delhi,DL,2023-07-22,Insured,Hindi
P001952,Rohan Verma,2002-12-01,M,Mumbai,MH,2024-09-30,Government,Hindi
P001953,Ira Das,1950-09-28, Female ,London,LON,2023-12-15,Insured,English
P001954,Vikram Kapoor,1972-04-12,F,Bengaluru,KA,2022-10-11,Corporate,Telugu
P001955,Diya Das,1992-07-04,F,Bengaluru,KA,2024-11-25,Corporate,English
P001956,Vikram Nair,1978-03-30,M,London,LON,2022-03-29,Corporate,Hindi
P001957,Rahul Singh,2002-05-07,Other,Mysuru,KA,2024-01-29,Insured,Hindi
P001958,Kavya Verma,2007-02-18,Other,Mysuru,KA,2022-09-09,Self Pay,English
P001959,Meera Patel,1985-06-04,M,Bengaluru,KA,2023-12-23,Government,English
P001960,Pooja Nair,1992-06-01,F,San Francisco,CA,2024-04-30,Government,Telugu
P001961,Nikhil Patel,1984-03-24,Other,New York,NY,2024-09-02,Self Pay,Hindi
P001962,Rahul Menon,1984-04-15,F,London,LON,2022-12-05,Insured,English
P001963,Anika Rao,2014-08-11,M,New Delhi,DL,2022-05-08,Insured,Kannada
P001964,Varun Nair,1971-12-11,F,Singapore,SG,2022-09-15,Corporate,Hindi
P001965,Aarav Reddy,1991-07-13,M,New Delhi,DL,2022-05-05,Government,Tamil
P001966,Diya Kapoor,1966-11-25,M,Chennai,TN,2025-12-20,Government,Hindi
P001967,Aarav Rao,1972-12-04,M,Singapore,SG,2023-06-26,Insured,English
P001968,Vikram Nair,1979-08-16,F,Hyderabad,TS,2022-09-30,Self Pay,Tamil
P001969,Pooja Menon,1943-07-06,F,New Delhi,DL,2025-05-28,Corporate,Tamil
P001970,Anika Das,2010-06-11,F,San Francisco,CA,2022-07-12,Self Pay,English
P001971,Diya Iyer,2007-05-19,F,Chennai,TN,2025-01-30,Self Pay,Telugu
P001972,Neha Gupta,1974-09-15,F,New York,NY,2025-06-05,Government,Telugu
P001973,Rahul Kapoor,1987-09-15,F,San Francisco,CA,2025-07-23,Insured,Kannada
P001974,Nikhil Kapoor,1956-06-15,F,New York,NY,2026-02-02,Corporate,Kannada
P001975,Sneha Kapoor,2011-02-10,Other,New Delhi,DL,2025-05-02,Corporate,Kannada
P001976,Ananya Mehta,1957-11-10,M,Bengaluru,KA,2022-01-15,Government,English
P001977,Rahul Iyer,2008-09-08,M,Hyderabad,TS,2025-05-27,Corporate,English
P001978,Aarav Nair,1970-11-13,M,New Delhi,DL,2022-10-11,Corporate,Hindi
P001979,Ishaan Kapoor,1952-06-29,F,London,LON,2023-10-02,Self Pay,Kannada
P001980,Neha Gupta,1959-07-18,F,Singapore,SG,2025-04-29,Corporate,Kannada
P001981,Meera Das,1970-07-09,F,New York,NY,2024-04-22,Government,Telugu
P001982,Anika Singh,1979-11-15,F,New York,NY,2022-07-31,Government,Tamil
P001983,Sneha Das,1995-11-07,M,Hyderabad,TS,2023-09-18,Corporate,Kannada
P001984,Rohan Gupta,1948-02-12,Other,Hyderabad,TS,2025-05-18,Self Pay,Hindi
P001985,Aarav Nair,1976-01-25,F,New York,NY,2022-11-10,Government,Kannada
P001986,Karan Nair,2015-12-19,Other,Bengaluru,KA,2024-12-03,Self Pay,Tamil
P001987,Varun Verma,2000-04-04,F,New Delhi,DL,2024-08-02,Insured,Telugu
P001988,Arjun Iyer,1978-06-20,F,Chennai,TN,2024-12-17,Self Pay,Kannada
P001989,Arjun Iyer,1960-10-16,F,New Delhi,DL,2022-03-08,Insured,Kannada
P001990,Varun Kapoor,1994-03-10,F,New Delhi,DL,2023-09-24,Corporate,Tamil
P001991,Priya Mehta,1999-10-23,F,London,LON,2023-02-12,Corporate,Tamil
P001992,Ira Kapoor,1970-12-01,F,San Francisco,CA,2023-10-03,Insured,English
P001993,Rahul Reddy,1988-09-14,M,Mysuru,KA,2023-11-14,Self Pay,English
P001994,Rahul Gupta,1983-10-22,M,Hyderabad,TS,2024-06-11,Insured,Tamil
P001995,Nikhil Gupta,1993-04-16,M,Bengaluru,KA,2026-01-29,Self Pay,Telugu
P001996,Varun Kapoor,1994-08-22,F,New Delhi,DL,2025-11-21,Self Pay,Hindi
P001997,Arjun Rao,1951-05-01,M,Berlin,BE,2025-10-02,Corporate,Kannada
P001998,Kavya Nair,1943-11-02,M,Mumbai,MH,2024-07-22,Self Pay,Tamil
P001999,Nikhil Singh,1975-04-20,F,Bengaluru,KA,2024-08-12,Corporate,Tamil
P002000,Ishaan Kapoor,2000-11-09,F,Berlin,BE,2023-10-16,Self Pay,English
P002001,Rahul Patel,1976-02-20,Other,Hyderabad,TS,2022-10-16,Insured,English
P002002,Anika Joshi,1993-12-30,M,Chennai,TN,2023-04-09,Insured,Kannada
P002003,Rahul Das,1984-01-25,F,New Delhi,DL,2024-04-03,Government,Hindi
P002004,Ira Sharma,1946-01-16,F,New Delhi,DL,2025-02-08,Insured,Tamil
P002005,Rohan Mehta,1980-05-18,M,Mumbai,MH,2025-04-15,Corporate,Telugu
P002006,Karan Kapoor,1948-11-16,F,Mysuru,KA,2024-04-18,Corporate,Hindi
P002007,Meera Mehta,2001-07-05,M,London,LON,2025-06-22,Government,Telugu
P002008,Vikram Nair,1992-04-28,F,New York,NY,2024-05-14,Government,Hindi
P002009,Anika Kapoor,1950-05-22,M,Mumbai,MH,2023-02-22,Insured,Tamil
P002010,Neha Sharma,1962-03-31,Other,Mumbai,MH,2022-02-04,Insured,Hindi
P002011,Meera Patel,1973-01-23,M,Mumbai,MH,2022-08-15,Government,Hindi
P002012,Sneha Nair,1992-04-29,F,Singapore,SG,2022-12-23,Insured,Tamil
P002013,Anika Nair,1960-10-19,M,Mumbai,MH,2024-05-31,Insured,Kannada
P002014,Rohan Kapoor,1980-10-22, Female ,Singapore,SG,2024-08-16,Government,Telugu
P002015,Rohan Mehta,1958-05-12,Other,New Delhi,DL,2022-03-11,Insured,Kannada
P002016,Rahul Mehta,1994-10-13,F,Mumbai,MH,2022-07-15,Government,English
P002017,Vikram Reddy,1951-06-28,F,Bengaluru,KA,2025-12-31,Self Pay,Telugu
P002018,Ira Kapoor,1984-03-12,M,Mumbai,MH,2022-11-29,Government,Telugu
P002019,Arjun Iyer,1940-12-02,Other,New York,NY,2022-01-24,Government,Hindi
P002020,Priya Joshi,1943-11-07,M,Chennai,TN,2023-07-16,Government,Kannada
P002021,Arjun Menon,1982-11-14,Other,London,LON,2023-03-17,Insured,Hindi
P002022,Rahul Iyer,2016-04-12,M,New York,NY,2022-03-26,Corporate,Kannada
P002023,Meera Singh,2008-12-14,F,San Francisco,CA,2023-11-23,Corporate,Tamil
P002024,Arjun Das,1982-10-13,M,San Francisco,CA,2023-06-05,Insured,Kannada
P002025,Ishaan Reddy,1975-02-28,M,Berlin,BE,2022-10-16,Government,English
P002026,Anika Mehta,2016-04-20,F,London,LON,2023-03-02,Corporate,Tamil
P002027,Priya Iyer,2007-11-01,M,London,LON,2023-02-10,Insured,Tamil
P002028,Rahul Singh,1977-12-29,M,New York,NY,2022-01-30,Government,Telugu
P002029,Anika Das,1958-03-02,M,Berlin,BE,2024-11-12,Insured,Telugu
P002030,Ira Iyer,1977-02-15,F,New York,NY,2024-11-05,Corporate,Hindi
P002031,Vikram Nair,1984-01-28,Other,Chennai,TN,2022-12-29,Corporate,Tamil
P002032,Aditi Singh,1967-01-30,F,San Francisco,CA,2025-11-14,Insured,English
P002033,Karan Kapoor,1947-06-01,F,Chennai,TN,2023-09-16,Government,English
P002034,Meera Joshi,2004-12-14,Other,Chennai,TN,2023-06-07,Corporate,Hindi
P002035,Aarav Joshi,2012-08-03,M,Mysuru,KA,2024-11-04,Corporate,Tamil
P002036,Ira Reddy,2008-08-16,M,Hyderabad,TS,2025-11-27,Self Pay,Hindi
P002037,Varun Iyer,1977-06-24,M,Hyderabad,TS,2024-09-28,Self Pay,Telugu
P002038,Ishaan Sharma,1958-12-07,M,Berlin,BE,2024-11-29,Insured,Tamil
P002039,Nikhil Sharma,1973-12-01,M,New York,NY,2022-11-09,Government,Tamil
P002040,Kavya Gupta,1954-10-13,M,New York,NY,2023-01-16,Insured,Hindi
P002041,Aarav Rao,2004-12-17,F,Mumbai,MH,2025-08-07,Government,Hindi
P002042,Kavya Joshi,1972-04-15,M,Mumbai,MH,2023-12-23,Insured,Telugu
P002043,Aditi Sharma,2002-05-22,Other,Singapore,SG,2025-04-05,Government,Telugu
P002044,Aarav Joshi,1982-12-25,M,New York,NY,2024-04-15,Insured,Hindi
P002045,Ira Singh,1950-10-20,M,Mysuru,KA,2022-05-12,Corporate,English
P002046,Kavya Verma,1974-05-21,F,London,LON,2025-07-12,Self Pay,Telugu
P002047,Arjun Menon,1958-01-05,F,Mumbai,MH,2024-11-12,Self Pay,Hindi
P002048,Varun Nair,1941-09-08,F,Bengaluru,KA,2022-03-21,Self Pay,Hindi
P002049,Aditi Rao,1975-05-04,M,Chennai,TN,2022-03-22,Government,Tamil
P002050,Karan Verma,2000-04-18,M,London,LON,2022-06-03,Insured,Tamil
P002051,Ishaan Rao,2002-12-01,Other,New York,NY,2022-07-17,Self Pay,Telugu
P002052,Rohan Sharma,1955-01-02,M,Mysuru,KA,2024-03-12,Government,Telugu
P002053,Aarav Rao,1942-07-13,Other,Bengaluru,KA,2022-01-11,Self Pay,English
P002054,Ira Rao,1970-01-18,F,Hyderabad,TS,2023-11-26,Corporate,Hindi
P002055,Ira Patel,1975-10-30,F,Singapore,SG,2024-05-02,Corporate,Hindi
P002056,Kavya Sharma,1968-06-11,F,Hyderabad,TS,2023-07-12,Insured,Kannada
P002057,Vikram Das,1958-05-17,M,Mumbai,MH,2025-04-09,Self Pay,Tamil
P002058,Diya Menon,2005-09-30,Other,New York,NY,2024-12-20,Self Pay,English
P002059,Priya Gupta,2008-03-15,Other,Singapore,SG,2025-01-09,Insured,Telugu
P002060,Sneha Das,1969-04-22,M,Mumbai,MH,2025-08-29,Insured,Kannada
P002061,Anika Menon,1971-07-27,F,Singapore,SG,2023-02-17,Insured,Hindi
P002062,Aarav Verma,1975-06-08,F,New York,NY,2024-12-03,Government,Telugu
P002063,Ananya Singh,1998-10-03,F,San Francisco,CA,2024-11-26,Government,English
P002064,Kavya Nair,1946-04-13,F,Singapore,SG,2026-01-10,Government,Kannada
P002065,Varun Singh,1978-12-23,Other,Bengaluru,KA,2022-11-14,Corporate,Hindi
P002066,Diya Menon,1948-07-18,M,Hyderabad,TS,2023-04-10,Government,Hindi
P002067,Diya Das,2002-03-15,Other,London,LON,2022-05-11,Government,Tamil
P002068,Rohan Reddy,1997-09-16,F,Hyderabad,TS,2025-06-01,Insured,Hindi
P002069,Rahul Joshi,1960-10-24,M,Singapore,SG,2024-07-08,Self Pay,Telugu
P002070,Aarav Joshi,1999-06-18,F,Hyderabad,TS,2024-05-24,Self Pay,Kannada
P002071,Nikhil Menon,1975-09-11,F,Hyderabad,TS,2025-12-06,Insured,Hindi
P002072,Neha Patel,1959-06-17,M,Mysuru,KA,2026-01-20,Government,Hindi
P002073,Rohan Sharma,1958-11-19,F,San Francisco,CA,2022-07-10,Self Pay,Tamil
P002074,Ira Menon,1947-02-23,F,Berlin,BE,2022-12-20,Government,Hindi
P002075,Ishaan Gupta,2010-05-04, Female ,London,LON,2024-01-05,Government,Tamil
P002076,Nikhil Reddy,1988-02-07,M,Mumbai,MH,2022-05-13,Self Pay,Telugu
P002077,Vikram Mehta,1949-01-30,Other,Mysuru,KA,2024-09-29,Government,Tamil
P002078,Sneha Sharma,1966-10-17,F,London,LON,2022-12-12,Corporate,Telugu
P002079,Ananya Rao,1961-03-21,M,Hyderabad,TS,2023-05-18,Government,Telugu
P002080,Arjun Joshi,1994-08-05,M,Hyderabad,TS,2024-01-02,Corporate,Kannada
P002081,Nikhil Joshi,1943-08-21,F,Chennai,TN,2024-04-13,Self Pay,English
P002082,Arjun Verma,1987-09-28,F,New Delhi,DL,2022-11-25,Government,Hindi
P002083,Ishaan Kapoor,2004-10-27,F,Berlin,BE,2026-01-14,Government,Hindi
P002084,Rohan Nair,1958-06-12,Other,Berlin,BE,2023-01-20,Government,Kannada
P002085,Neha Iyer,1952-11-12,F,Singapore,SG,2022-06-10,Government,English
P002086,Priya Reddy,1942-05-22,F,New Delhi,DL,2024-02-02,Government,Hindi
P002087,Rohan Kapoor,1947-05-03,M,New York,NY,2023-12-08,Government,Tamil
P002088,Rohan Das,1990-08-09,F,Mysuru,KA,2024-03-10,Insured,Tamil
P002089,Ishaan Gupta,1991-07-21,F,Chennai,TN,2025-06-02,Government,Tamil
P002090,Rohan Rao,1955-07-15,Other,Chennai,TN,2026-02-08,Insured,Hindi
P002091,Ishaan Patel,2001-05-30,M,Mysuru,KA,2024-10-03,Corporate,English
P002092,Rohan Sharma,2003-12-07,F,Bengaluru,KA,2023-07-08,Government,Tamil
P002093,Ira Menon,1995-02-11,M,New Delhi,DL,2025-11-17,Self Pay,English
P002094,Nikhil Joshi,1992-11-27,M,Bengaluru,KA,2022-09-13,Insured,Telugu
P002095,Ananya Reddy,2014-10-26,F,San Francisco,CA,2022-04-13,Corporate,Hindi
P002096,Ira Joshi,1987-08-08,M,New York,NY,2025-03-01,Government,Tamil
P002097,Ishaan Rao,1969-04-26,M,Mysuru,KA,2025-12-19,Corporate,Tamil
P002098,Sneha Reddy,1956-08-31,M,Berlin,BE,2025-03-04,Corporate,Hindi
P002099,Varun Menon,2004-09-09,F,Berlin,BE,2024-09-30,Government,Kannada
P002100,Karan Das,1966-01-19,F,Mysuru,KA,2024-04-14,Corporate,Tamil
P002101,Ishaan Iyer,1944-03-12,Other,Berlin,BE,2024-08-18,Self Pay,Hindi
P002102,Sneha Das,1983-09-02,M,Singapore,SG,2025-03-10,Self Pay,Hindi
P002103,Aditi Kapoor,2006-06-28,Other,Berlin,BE,2024-11-12,Corporate,Tamil
P002104,Aditi Rao,1986-05-31,M,London,LON,2024-04-10,Insured,Kannada
P002105,Aarav Gupta,1970-02-08,Other,London,LON,2025-08-17,Government,Telugu
P002106,Arjun Gupta,2016-06-14,Other,Bengaluru,KA,2024-11-20,Insured,Tamil
P002107,Meera Verma,1953-05-15,F,Mumbai,MH,2022-04-17,Self Pay,Kannada
P002108,Sneha Rao,2010-06-23,M,New Delhi,DL,2025-05-07,Insured,Hindi
P002109,Vikram Menon,1969-09-04,F,Mumbai,MH,2025-08-02,Insured,Tamil
P002110,Ananya Nair,1980-08-09,F,Hyderabad,TS,2023-05-17,Government,Hindi
P002111,Ira Das,1980-05-18,F,Mumbai,MH,2025-02-01,Insured,Kannada
P002112,Rahul Menon,1968-09-06,F,Berlin,BE,2025-03-22,Self Pay,Hindi
P002113,Vikram Mehta,2000-02-11,F,London,LON,2024-12-07,Self Pay,Kannada
P002114,Diya Sharma,1942-11-10,Other,Singapore,SG,2023-12-11,Government,English
P002115,Diya Menon,1944-01-10,M,New York,NY,2022-10-03,Insured,English
P002116,Priya Nair,1977-11-12,F,Berlin,BE,2022-03-08,Corporate,Kannada
P002117,Kavya Singh,1942-10-01,Other,Mumbai,MH,2023-01-23,Insured,Tamil
P002118,Diya Gupta,1973-07-22,M,Berlin,BE,2026-01-19,Insured,Telugu
P002119,Rohan Nair,1991-12-04,Other,San Francisco,CA,2024-05-13,Self Pay,Hindi
P002120,Varun Das,1956-07-22,M,Mysuru,KA,2023-06-11,Corporate,Telugu
P002121,Arjun Gupta,1998-11-09,F,New York,NY,2023-03-13,Government,Tamil
P002122,Aarav Kapoor,1940-06-06,F,Hyderabad,TS,2022-10-13,Corporate,English
P002123,Aditi Mehta,1948-01-16,Other,Berlin,BE,2023-07-27,Insured,Telugu
P002124,Vikram Nair,1977-12-20,F,New Delhi,DL,2022-11-30,Insured,Kannada
P002125,Vikram Sharma,1955-07-14,F,Singapore,SG,2024-08-22,Government,Tamil
P002126,Varun Kapoor,2000-04-23,F,San Francisco,CA,2023-12-29,Self Pay,English
P002127,Priya Nair,1948-09-11,F,San Francisco,CA,2025-08-03,Corporate,English
P002128,Kavya Menon,1952-03-29,F,Hyderabad,TS,2022-05-03,Self Pay,Kannada
P002129,Neha Nair,1970-09-03,F,London,LON,2026-01-14,Self Pay,Tamil
P002130,Ishaan Menon,1950-11-16,M,Mumbai,MH,2023-09-23,Self Pay,English
P002131,Neha Nair,1993-08-02,F,Singapore,SG,2024-03-15,Insured,Hindi
P002132,Karan Rao,2003-05-29,Other,New Delhi,DL,2025-08-01,Insured,English
P002133,Meera Kapoor,1992-11-15,M,New York,NY,2022-04-02,Government,Kannada
P002134,Aditi Verma,1966-08-01,F,Berlin,BE,2023-08-02,Corporate,Telugu
P002135,Meera Patel,2004-04-18,F,Hyderabad,TS,2025-04-10,Government,Telugu
P002136,Rahul Sharma,1986-07-08, Female ,Berlin,BE,2022-12-20,Government,Hindi
P002137,Kavya Reddy,2012-05-18,M,Bengaluru,KA,2025-08-25,Corporate,Tamil
P002138,Neha Patel,1949-02-24,F,Mumbai,MH,2025-06-24,Corporate,Hindi
P002139,Priya Iyer,1957-01-13,F,San Francisco,CA,2024-06-28,Self Pay,Hindi
P002140,Anika Das,2003-01-13,M,Mysuru,KA,2023-03-03,Corporate,Hindi
P002141,Aarav Kapoor,2009-12-12,M,San Francisco,CA,2023-01-04,Corporate,Tamil
P002142,Arjun Sharma,1945-04-08,M,Chennai,TN,2024-06-04,Insured,Kannada
P002143,Neha Patel,1987-01-25,F,Berlin,BE,2025-10-27,Self Pay,Tamil
P002144,Nikhil Gupta,1973-03-09,M,Singapore,SG,2024-11-22,Corporate,Kannada
P002145,Karan Iyer,1982-05-09,F,New York,NY,2024-06-11,Self Pay,Kannada
P002146,Rohan Verma,2004-02-25,F,San Francisco,CA,2024-04-30,Insured,Hindi
P002147,Rohan Reddy,1951-08-04,M,Mysuru,KA,2023-10-10,Corporate,Kannada
P002148,Vikram Reddy,2006-07-25,F,Hyderabad,TS,2024-06-06,Government,Tamil
P002149,Aarav Nair,1964-08-06,F,Bengaluru,KA,2023-06-14,Government,Tamil
P002150,Ananya Joshi,1988-01-16,F,Hyderabad,TS,2025-06-14,Government,Kannada
P002151,Ananya Nair,1966-01-12,F,Chennai,TN,2024-02-24,Insured,English
P002152,Rohan Iyer,2007-08-25,F,Chennai,TN,2024-09-15,Government,Telugu
P002153,Diya Menon,1960-01-08,M,Hyderabad,TS,2022-08-15,Government,English
P002154,Diya Sharma,2000-07-10,Other,New Delhi,DL,2022-09-03,Insured,English
P002155,Diya Patel,1969-07-15,M,Hyderabad,TS,2025-09-07,Corporate,Kannada
P002156,Varun Joshi,1964-08-02,F,Mysuru,KA,2024-07-04,Self Pay,Tamil
P002157,Arjun Menon,2003-12-24,Other,Hyderabad,TS,2024-11-10,Self Pay,Telugu
P002158,Diya Mehta,1955-04-08,F,Mysuru,KA,2023-10-16,Government,Telugu
P002159,Aarav Sharma,1962-01-06,M,New York,NY,2024-04-13,Self Pay,Hindi
P002160,Karan Rao,1992-11-29,M,Singapore,SG,2025-10-01,Self Pay,English
P002161,Vikram Iyer,1967-11-26,F,London,LON,2025-08-24,Insured,Kannada
P002162,Neha Das,1963-05-21,Other,New Delhi,DL,2023-07-22,Insured,Kannada
P002163,Ishaan Patel,1978-02-09,F,Singapore,SG,2024-07-18,Insured,Tamil
P002164,Ananya Reddy,1949-12-16,Other,Mumbai,MH,2024-09-29,Corporate,Telugu
P002165,Diya Patel,1973-02-16,M,San Francisco,CA,2022-09-11,Self Pay,English
P002166,Sneha Mehta,1945-02-17,F,New Delhi,DL,2025-02-02,Government,Tamil
P002167,Varun Sharma,1991-07-31,M,London,LON,2023-10-29,Corporate,Kannada
P002168,Aditi Das,1985-10-02,Other,Chennai,TN,2022-02-10,Insured,Hindi
P002169,Pooja Rao,1992-04-02,Other,Mysuru,KA,2024-02-06,Insured,Kannada
P002170,Aditi Sharma,2009-01-21,Other,London,LON,2023-12-04,Self Pay,Hindi
P002171,Arjun Joshi,1947-05-09,M,Chennai,TN,2024-12-09,Self Pay,Hindi
P002172,Ira Gupta,1997-01-06,F,London,LON,2025-12-24,Corporate,English
P002173,Ananya Nair,1998-10-29,F,Chennai,TN,2024-08-27,Government,Tamil
P002174,Rahul Sharma,2013-07-14,F,London,LON,2023-05-07,Self Pay,English
P002175,Arjun Verma,1991-07-23,Other,Mumbai,MH,2023-10-13,Self Pay,Tamil
P002176,Diya Reddy,1969-08-02,M,Mysuru,KA,2025-09-15,Insured,Hindi
P002177,Karan Reddy,1983-12-22,Other,Mumbai,MH,2022-06-22,Insured,Tamil
P002178,Arjun Mehta,1980-01-11,M,New York,NY,2025-12-13,Insured,Kannada
P002179,Vikram Das,1940-03-01,M,Mysuru,KA,2025-11-10,Insured,Kannada
P002180,Varun Nair,2005-01-11,M,Singapore,SG,2022-01-23,Corporate,Kannada
P002181,Neha Singh,1979-05-27,F,New Delhi,DL,2023-07-22,Self Pay,Telugu
P002182,Aditi Sharma,1961-01-04,Other,Singapore,SG,2022-10-20,Government,Hindi
P002183,Rahul Singh,1982-10-07,Other,Mumbai,MH,2022-12-21,Corporate,Telugu
P002184,Aarav Reddy,1961-02-06,F,San Francisco,CA,2024-04-01,Corporate,English
P002185,Vikram Rao,1962-10-20,Other,San Francisco,CA,2023-10-14,Government,Kannada
P002186,Anika Joshi,1998-04-25,M,Chennai,TN,2025-03-14,Corporate,English
P002187,Neha Reddy,2001-02-18,M,Singapore,SG,2023-10-26,Self Pay,Tamil
P002188,Ishaan Singh,1984-06-15,Other,New Delhi,DL,2023-10-21,Self Pay,Tamil
P002189,Karan Singh,1988-10-26,Other,Bengaluru,KA,2025-10-03,Corporate,Tamil
P002190,Arjun Sharma,1980-11-09,M,San Francisco,CA,2025-10-13,Corporate,Tamil
P002191,Karan Patel,2001-06-09,F,Singapore,SG,2022-03-03,Insured,Tamil
P002192,Sneha Nair,1971-10-03,F,Mumbai,MH,2023-08-09,Government,Telugu
P002193,Kavya Gupta,1958-12-21,F,Berlin,BE,2025-12-26,Corporate,Hindi
P002194,Karan Singh,1961-08-23,Other,Berlin,BE,2022-09-24,Corporate,Hindi
P002195,Ananya Gupta,1964-04-12,M,Mumbai,MH,2026-02-08,Insured,Kannada
P002196,Aarav Menon,1954-05-25,F,New Delhi,DL,2023-06-10,Corporate,Tamil
P002197,Pooja Menon,1989-03-11, Female ,San Francisco,CA,2025-12-29,Corporate,English
P002198,Neha Singh,1960-03-21,Other,Chennai,TN,2023-06-03,Self Pay,Tamil
P002199,Arjun Joshi,1986-10-07,F,Berlin,BE,2024-07-12,Corporate,Kannada
P002200,Rahul Kapoor,1971-11-30,Other,New Delhi,DL,2025-03-21,Government,English
P002201,Priya Reddy,1941-04-12,F,New York,NY,2022-03-15,Government,English
P002202,Aditi Rao,1988-06-04,F,Berlin,BE,2024-05-11,Insured,Tamil
P002203,Sneha Kapoor,1974-01-15,F,London,LON,2024-08-25,Insured,English
P002204,Karan Patel,1988-03-08,M,Bengaluru,KA,2024-10-19,Insured,Telugu
P002205,Nikhil Sharma,1954-02-17,M,Mumbai,MH,2022-12-10,Corporate,Hindi
P002206,Rahul Mehta,1947-02-26,F,Singapore,SG,2024-05-28,Government,Kannada
P002207,Vikram Rao,1992-10-30,M,Mysuru,KA,2024-08-06,Corporate,Telugu
P002208,Nikhil Reddy,1981-07-05,F,Hyderabad,TS,2023-11-11,Corporate,English
P002209,Anika Verma,1958-05-09,F,Mumbai,MH,2022-02-19,Self Pay,Hindi
P002210,Pooja Iyer,2002-09-22,F,Chennai,TN,2023-07-17,Insured,English
P002211,Ananya Menon,1941-03-02,Other,Bengaluru,KA,2022-09-25,Self Pay,Kannada
P002212,Priya Rao,2012-04-19,F,London,LON,2025-03-03,Government,Telugu
P002213,Diya Menon,1963-05-25,M,Chennai,TN,2024-06-08,Insured,Hindi
P002214,Meera Patel,1982-10-08,Other,Singapore,SG,2024-04-05,Self Pay,Tamil
P002215,Aditi Patel,1973-09-01,M,Mumbai,MH,2022-04-12,Government,English
P002216,Aditi Joshi,2010-01-10,M,Berlin,BE,2023-07-21,Corporate,Tamil
P002217,Neha Joshi,2014-09-16,Other,Berlin,BE,2022-06-28,Self Pay,Hindi
P002218,Rahul Joshi,2007-03-26,Other,Singapore,SG,2022-09-19,Insured,Tamil
P002219,Anika Menon,1964-12-22,Other,London,LON,2025-03-07,Corporate,Kannada
P002220,Aarav Das,2000-04-14,M,Bengaluru,KA,2022-12-18,Corporate,Telugu
P002221,Vikram Kapoor,1949-11-11,F,London,LON,2024-03-14,Government,Telugu
P002222,Varun Patel,1982-11-12,F,Bengaluru,KA,2025-07-21,Insured,English
P002223,Ishaan Patel,1990-11-07,F,London,LON,2025-09-20,Self Pay,English
P002224,Varun Rao,1970-04-18,M,Mumbai,MH,2025-09-19,Self Pay,Hindi
P002225,Meera Joshi,1985-01-01,M,Chennai,TN,2022-02-03,Government,Tamil
P002226,Pooja Mehta,2005-12-16,F,New York,NY,2024-01-25,Corporate,English
P002227,Rohan Kapoor,2002-08-24,M,New Delhi,DL,2022-04-23,Corporate,Telugu
P002228,Aditi Reddy,1941-07-06,Other,Bengaluru,KA,2023-08-07,Insured,Hindi
P002229,Diya Patel,1966-02-11,Other,London,LON,2024-09-08,Self Pay,English
P002230,Pooja Mehta,1943-04-30,F,Chennai,TN,2025-11-24,Corporate,Hindi
P002231,Ira Joshi,1977-10-15,F,Hyderabad,TS,2025-01-27,Corporate,Tamil
P002232,Anika Rao,2010-03-22,F,San Francisco,CA,2023-04-04,Insured,English
P002233,Nikhil Verma,1950-07-03,M,Hyderabad,TS,2025-05-30,Self Pay,Tamil
P002234,Ira Sharma,1985-07-09,F,Berlin,BE,2023-03-30,Insured,Hindi
P002235,Aarav Verma,1998-08-31,M,Mysuru,KA,2024-10-22,Government,English
P002236,Ishaan Verma,2005-08-29,Other,Bengaluru,KA,2022-08-21,Government,English
P002237,Neha Iyer,1951-06-16,M,Hyderabad,TS,2024-01-18,Corporate,Kannada
P002238,Sneha Nair,2001-07-07,F,Bengaluru,KA,2024-05-01,Corporate,Kannada
P002239,Arjun Kapoor,1988-10-09,F,Hyderabad,TS,2025-10-29,Insured,Tamil
P002240,Varun Menon,1995-07-07,Other,Berlin,BE,2025-11-12,Insured,Telugu
P002241,Kavya Menon,2004-05-24,F,London,LON,2023-04-28,Self Pay,Kannada
P002242,Priya Verma,2001-10-28,Other,London,LON,2025-12-25,Insured,Hindi
P002243,Rohan Gupta,1964-04-18,M,Mysuru,KA,2023-08-10,Government,English
P002244,Rohan Das,1976-05-01,M,New Delhi,DL,2023-02-17,Corporate,Kannada
P002245,Karan Reddy,2003-07-07,Other,Hyderabad,TS,2025-04-13,Corporate,Kannada
P002246,Diya Mehta,1956-08-11,Other,Mysuru,KA,2023-05-22,Government,Kannada
P002247,Varun Patel,1994-08-21,M,New York,NY,2025-11-24,Corporate,Telugu
P002248,Sneha Gupta,1955-12-23,F,Hyderabad,TS,2024-09-11,Self Pay,Tamil
P002249,Diya Joshi,1954-06-25,Other,San Francisco,CA,2024-12-18,Corporate,Hindi
P002250,Priya Mehta,2000-02-17,F,New Delhi,DL,2024-07-23,Self Pay,Hindi
P002251,Ira Das,1973-01-09,F,New York,NY,2025-03-13,Insured,Hindi
P002252,Rohan Das,1970-07-05,M,San Francisco,CA,2025-08-29,Corporate,Telugu
P002253,Diya Verma,1949-12-15,F,San Francisco,CA,2025-01-01,Corporate,Kannada
P002254,Arjun Nair,1982-02-18,F,New Delhi,DL,2022-10-20,Self Pay,Hindi
P002255,Rahul Mehta,2003-08-09,M,Bengaluru,KA,2025-10-21,Corporate,English
P002256,Rahul Iyer,1981-02-13,F,New York,NY,2024-02-14,Government,Hindi
P002257,Diya Reddy,1996-01-15,F,Mumbai,MH,2022-11-22,Corporate,English
P002258,Pooja Rao,1947-07-27, Female ,Chennai,TN,2024-02-14,Self Pay,Hindi
P002259,Varun Rao,1971-02-19,M,London,LON,2024-07-23,Corporate,Hindi
P002260,Priya Nair,1956-01-03,Other,Mysuru,KA,2022-07-22,Insured,English
P002261,Neha Menon,1979-10-16,Other,London,LON,2023-08-08,Corporate,Tamil
P002262,Nikhil Menon,1951-10-24,F,Singapore,SG,2024-06-03,Government,Kannada
P002263,Meera Kapoor,1973-07-08,F,New York,NY,2023-02-09,Self Pay,Hindi
P002264,Varun Menon,1974-12-14,F,Berlin,BE,2025-03-18,Corporate,Tamil
P002265,Karan Menon,1966-04-18,F,San Francisco,CA,2024-07-16,Insured,Kannada
P002266,Sneha Kapoor,2009-10-07,F,Chennai,TN,2025-12-10,Insured,Kannada
P002267,Pooja Gupta,1952-06-04,F,Hyderabad,TS,2024-08-07,Government,Hindi
P002268,Ira Reddy,1996-09-04,F,San Francisco,CA,2022-11-24,Corporate,Hindi
P002269,Priya Gupta,2010-11-06,F,Chennai,TN,2023-08-25,Government,English
P002270,Varun Das,1995-09-09,Other,Mysuru,KA,2024-05-06,Government,Kannada
P002271,Rohan Kapoor,1956-04-14,M,Bengaluru,KA,2024-10-13,Insured,English
P002272,Arjun Kapoor,1969-06-06,F,Chennai,TN,2022-03-14,Corporate,Telugu
P002273,Sneha Kapoor,1976-07-18,M,Hyderabad,TS,2023-11-01,Insured,Telugu
P002274,Vikram Patel,1986-05-10,M,New York,NY,2022-07-15,Self Pay,Tamil
P002275,Meera Nair,2013-09-24,Other,New Delhi,DL,2024-12-03,Corporate,Hindi
P002276,Kavya Iyer,1965-09-15,F,San Francisco,CA,2023-05-24,Insured,English
P002277,Sneha Sharma,1957-02-07,F,Chennai,TN,2023-01-29,Corporate,Tamil
P002278,Ishaan Rao,1983-08-24,F,Chennai,TN,2022-09-06,Self Pay,Telugu
P002279,Aditi Reddy,1960-04-28,F,San Francisco,CA,2024-06-02,Insured,Tamil
P002280,Pooja Kapoor,1999-12-26,M,Bengaluru,KA,2024-03-25,Self Pay,Kannada
P002281,Aarav Kapoor,1974-01-08,Other,London,LON,2023-10-24,Government,English
P002282,Sneha Gupta,1957-01-26,M,New Delhi,DL,2023-09-19,Self Pay,Telugu
P002283,Aarav Singh,1986-06-30,Other,New Delhi,DL,2024-04-06,Government,Tamil
P002284,Diya Reddy,1973-09-12,F,Mysuru,KA,2022-01-25,Self Pay,Tamil
P002285,Arjun Gupta,1992-12-21,M,Berlin,BE,2025-01-15,Government,Hindi
P002286,Rahul Patel,1983-06-14,Other,Berlin,BE,2022-12-16,Self Pay,Telugu
P002287,Nikhil Reddy,1997-12-20,M,London,LON,2022-10-29,Insured,Kannada
P002288,Aditi Das,1988-07-14,M,Mumbai,MH,2023-08-11,Government,Telugu
P002289,Pooja Reddy,2005-03-29,M,Bengaluru,KA,2022-07-17,Government,English
P002290,Arjun Sharma,1965-08-24,F,London,LON,2022-07-27,Insured,English
P002291,Diya Reddy,1957-05-19,F,Chennai,TN,2022-01-23,Government,Telugu
P002292,Pooja Joshi,1991-01-01,M,Mysuru,KA,2024-03-01,Insured,Tamil
P002293,Neha Reddy,1959-02-11,Other,Mumbai,MH,2025-10-12,Self Pay,English
P002294,Pooja Das,1969-11-29,M,Singapore,SG,2023-05-26,Insured,Telugu
P002295,Meera Menon,1974-04-16,F,Chennai,TN,2025-12-24,Self Pay,Kannada
P002296,Pooja Mehta,1969-06-25,F,Mysuru,KA,2023-05-05,Self Pay,English
P002297,Sneha Verma,1979-02-10,M,Mumbai,MH,2022-08-25,Insured,English
P002298,Pooja Nair,1978-03-01,F,Berlin,BE,2026-01-07,Insured,Telugu
P002299,Sneha Rao,2006-03-02,M,New Delhi,DL,2022-08-28,Self Pay,Tamil
P002300,Ishaan Iyer,1968-01-18,F,New York,NY,2022-10-15,Insured,Tamil
P002301,Karan Menon,1982-06-16,F,Mysuru,KA,2022-02-28,Self Pay,Kannada
P002302,Ananya Joshi,2000-10-25,M,Mumbai,MH,2022-06-28,Self Pay,Tamil
P002303,Sneha Nair,1995-03-23,F,Mumbai,MH,2023-08-11,Government,Kannada
P002304,Aarav Sharma,1957-04-03,M,Hyderabad,TS,2023-02-26,Self Pay,Kannada
P002305,Sneha Das,1979-07-12,M,London,LON,2026-01-21,Insured,Hindi
P002306,Priya Singh,1978-01-13,F,Mumbai,MH,2025-10-07,Corporate,Hindi
P002307,Meera Patel,1995-01-13,M,Hyderabad,TS,2024-04-01,Insured,Telugu
P002308,Ananya Nair,1983-01-29,Other,San Francisco,CA,2022-07-05,Self Pay,Hindi
P002309,Anika Nair,2002-08-23,F,Bengaluru,KA,2024-01-31,Government,Tamil
P002310,Arjun Reddy,1972-02-08,M,Chennai,TN,2024-02-25,Insured,Hindi
P002311,Ira Nair,1993-12-24,M,New York,NY,2025-01-28,Corporate,Hindi
P002312,Rohan Menon,1993-12-19,M,Singapore,SG,2025-02-20,Government,Hindi
P002313,Kavya Reddy,1989-09-06,Other,San Francisco,CA,2022-06-23,Government,Tamil
P002314,Ishaan Nair,1942-01-07,F,New York,NY,2025-09-27,Government,Hindi
P002315,Priya Rao,1985-09-20,F,Chennai,TN,2024-07-07,Government,Tamil
P002316,Priya Iyer,1951-03-28,M,Bengaluru,KA,2023-08-08,Corporate,Hindi
P002317,Rahul Reddy,1960-11-27,F,Hyderabad,TS,2022-11-15,Self Pay,Kannada
P002318,Rohan Sharma,1972-07-28,F,Hyderabad,TS,2025-11-13,Government,Kannada
P002319,Nikhil Singh,2012-11-26, Female ,Mysuru,KA,2024-10-23,Corporate,Hindi
P002320,Sneha Menon,1950-05-17,M,Hyderabad,TS,2023-05-01,Self Pay,Kannada
P002321,Diya Nair,1981-12-20,M,San Francisco,CA,2022-07-17,Government,Kannada
P002322,Meera Patel,1980-09-03,M,Bengaluru,KA,2022-05-30,Self Pay,Hindi
P002323,Arjun Patel,2008-09-24,F,Bengaluru,KA,2024-06-01,Government,Hindi
P002324,Diya Nair,1994-07-04,M,Berlin,BE,2022-03-19,Government,Hindi
P002325,Pooja Menon,1952-05-16,Other,San Francisco,CA,2025-05-16,Insured,Kannada
P002326,Rohan Gupta,2015-10-09,M,New Delhi,DL,2024-09-14,Self Pay,English
P002327,Ananya Rao,1945-08-08,F,Bengaluru,KA,2025-11-04,Self Pay,Telugu
P002328,Diya Singh,1940-01-04,M,Berlin,BE,2024-07-07,Corporate,English
P002329,Meera Gupta,1972-04-30,M,Mysuru,KA,2024-05-17,Corporate,Telugu
P002330,Vikram Kapoor,2010-09-15,F,London,LON,2024-03-26,Government,English
P002331,Arjun Reddy,1967-04-19,F,New York,NY,2025-09-07,Government,Kannada
P002332,Aarav Menon,1990-11-25,Other,New York,NY,2025-03-03,Government,Tamil
P002333,Sneha Nair,1987-08-30,F,Mysuru,KA,2025-04-23,Government,English
P002334,Nikhil Menon,1966-08-11,Other,Hyderabad,TS,2024-08-11,Corporate,Hindi
P002335,Karan Mehta,2005-11-28,F,New Delhi,DL,2025-01-04,Insured,Kannada
P002336,Rohan Reddy,2002-01-06,M,New York,NY,2022-03-26,Government,English
P002337,Arjun Kapoor,1982-01-13,M,New Delhi,DL,2024-09-23,Government,Tamil
P002338,Arjun Gupta,1997-11-16,Other,London,LON,2022-09-06,Government,Tamil
P002339,Ananya Joshi,1958-01-08,Other,Bengaluru,KA,2024-05-29,Government,Telugu
P002340,Rohan Gupta,1950-10-03,M,Chennai,TN,2024-02-13,Corporate,Telugu
P002341,Vikram Rao,1948-01-06,M,Chennai,TN,2023-06-09,Corporate,Telugu
P002342,Priya Verma,2002-10-31,F,San Francisco,CA,2023-12-30,Self Pay,Kannada
P002343,Neha Mehta,1982-03-17,M,Berlin,BE,2025-07-06,Corporate,English
P002344,Ira Menon,1956-03-10,M,London,LON,2025-05-22,Government,Hindi
P002345,Aarav Patel,2009-06-01,Other,Chennai,TN,2025-08-27,Government,Hindi
P002346,Vikram Joshi,1971-02-18,M,San Francisco,CA,2022-10-06,Government,Kannada
P002347,Meera Das,1963-12-02,F,Bengaluru,KA,2024-09-03,Insured,Tamil
P002348,Ananya Nair,2015-07-25,M,Mumbai,MH,2024-03-02,Corporate,Tamil
P002349,Rahul Verma,1960-09-10,F,Berlin,BE,2022-10-07,Corporate,Kannada
P002350,Karan Iyer,2009-11-14,M,Mumbai,MH,2022-07-27,Government,Kannada
P002351,Neha Iyer,1989-10-07,M,Chennai,TN,2024-07-28,Insured,Kannada
P002352,Nikhil Verma,1957-03-11,F,Bengaluru,KA,2024-04-20,Corporate,Hindi
P002353,Aarav Rao,1980-07-25,M,Chennai,TN,2022-10-21,Insured,Kannada
P002354,Priya Nair,1984-03-16,F,Singapore,SG,2024-09-25,Corporate,Kannada
P002355,Ishaan Patel,1990-12-15,M,New Delhi,DL,2024-04-18,Government,Telugu
P002356,Ananya Singh,1991-10-12,F,Hyderabad,TS,2024-04-10,Insured,Kannada
P002357,Sneha Menon,1976-11-22,F,San Francisco,CA,2025-10-31,Insured,English
P002358,Aditi Rao,1994-05-03,Other,Hyderabad,TS,2025-12-30,Self Pay,Hindi
P002359,Neha Singh,1947-01-29,Other,Bengaluru,KA,2022-08-28,Corporate,English
P002360,Ananya Verma,1946-02-07,F,Hyderabad,TS,2024-09-02,Government,Kannada
P002361,Ishaan Joshi,1956-10-25,F,Mysuru,KA,2022-08-31,Insured,Kannada
P002362,Rohan Kapoor,1962-10-01,M,Singapore,SG,2024-01-26,Self Pay,Kannada
P002363,Arjun Singh,1999-08-02,M,Bengaluru,KA,2024-12-14,Corporate,Telugu
P002364,Ananya Mehta,1951-10-31,M,London,LON,2022-01-05,Corporate,English
P002365,Aditi Reddy,1988-03-18,M,Chennai,TN,2023-09-09,Corporate,Telugu
P002366,Ananya Singh,2002-06-02,M,New Delhi,DL,2024-09-13,Corporate,Hindi
P002367,Anika Rao,1971-02-08,F,Hyderabad,TS,2025-02-14,Self Pay,Tamil
P002368,Diya Reddy,2004-08-18,Other,Mysuru,KA,2025-12-12,Corporate,Telugu
P002369,Arjun Gupta,1943-05-17,F,Singapore,SG,2023-02-14,Self Pay,Kannada
P002370,Vikram Verma,1951-11-19,M,Bengaluru,KA,2025-09-08,Insured,Kannada
P002371,Sneha Rao,1979-10-08,F,Chennai,TN,2025-04-15,Self Pay,Kannada
P002372,Sneha Rao,1943-01-02,M,Mysuru,KA,2024-11-20,Insured,Hindi
P002373,Aditi Kapoor,2016-02-01,M,San Francisco,CA,2025-06-29,Self Pay,Tamil
P002374,Arjun Joshi,1999-08-04,M,Singapore,SG,2022-08-27,Corporate,Kannada
P002375,Meera Das,1973-07-30,F,New Delhi,DL,2023-12-14,Government,Tamil
P002376,Diya Sharma,1964-12-03,F,San Francisco,CA,2024-05-11,Self Pay,Tamil
P002377,Rohan Patel,2010-03-29,F,Berlin,BE,2024-02-15,Insured,English
P002378,Aditi Singh,1954-02-18,F,New Delhi,DL,2023-03-19,Corporate,Hindi
P002379,Sneha Rao,1982-03-31,M,New York,NY,2023-04-19,Self Pay,Tamil
P002380,Arjun Sharma,2016-08-20, Female ,San Francisco,CA,2022-07-28,Corporate,Tamil
P002381,Aditi Mehta,2012-06-20,F,London,LON,2022-01-25,Insured,Telugu
P002382,Ishaan Singh,2016-02-12,F,Hyderabad,TS,2023-01-01,Insured,Kannada
P002383,Meera Sharma,1959-02-28,F,Bengaluru,KA,2025-07-06,Government,Tamil
P002384,Karan Menon,1981-11-21,F,Berlin,BE,2024-04-02,Self Pay,Kannada
P002385,Ishaan Gupta,1947-09-23,M,Mysuru,KA,2025-04-01,Self Pay,Kannada
P002386,Arjun Das,1987-08-19,M,Mysuru,KA,2022-04-02,Insured,English
P002387,Ananya Joshi,1972-04-16,F,London,LON,2023-07-18,Self Pay,Tamil
P002388,Vikram Menon,2012-07-27,M,London,LON,2024-07-13,Corporate,Tamil
P002389,Sneha Nair,1956-08-10,M,Chennai,TN,2024-03-01,Self Pay,Tamil
P002390,Rohan Kapoor,1943-05-22,M,Mysuru,KA,2023-12-02,Self Pay,Kannada
P002391,Aditi Menon,1964-09-27,F,New York,NY,2023-01-05,Corporate,English
P002392,Rohan Joshi,1992-04-28,M,Mysuru,KA,2023-07-05,Self Pay,Tamil
P002393,Aditi Iyer,1964-03-05,F,Berlin,BE,2022-07-14,Corporate,Telugu
P002394,Diya Das,2011-10-13,Other,London,LON,2022-02-06,Government,Hindi
P002395,Ishaan Sharma,2013-09-29,M,Bengaluru,KA,2022-09-04,Corporate,Tamil
P002396,Rohan Joshi,1995-04-23,Other,Berlin,BE,2024-01-22,Government,English
P002397,Meera Menon,1972-06-13,F,London,LON,2025-02-15,Government,Tamil
P002398,Ananya Reddy,2008-02-12,F,New Delhi,DL,2022-01-17,Corporate,Tamil
P002399,Nikhil Menon,1980-09-10,M,San Francisco,CA,2023-12-22,Self Pay,Kannada
P002400,Nikhil Joshi,1949-07-21,M,Mysuru,KA,2024-03-12,Self Pay,Hindi
P002401,Priya Joshi,1951-09-09,M,London,LON,2023-09-26,Government,Hindi
P002402,Ananya Verma,1997-09-10,F,Berlin,BE,2026-01-01,Insured,Hindi
P002403,Karan Iyer,2010-02-19,Other,San Francisco,CA,2023-12-22,Self Pay,Tamil
P002404,Ishaan Sharma,1967-11-20,F,Hyderabad,TS,2023-06-29,Self Pay,Hindi
P002405,Aditi Kapoor,1947-11-15,Other,Singapore,SG,2026-02-01,Government,Hindi
P002406,Vikram Das,1967-04-28,F,Mumbai,MH,2023-02-03,Corporate,Hindi
P002407,Priya Gupta,1951-08-20,M,Mumbai,MH,2022-12-18,Government,Telugu
P002408,Rahul Reddy,2016-02-26,Other,Berlin,BE,2024-11-22,Government,Tamil
P002409,Diya Rao,2010-06-28,M,Bengaluru,KA,2023-05-03,Corporate,Hindi
P002410,Karan Gupta,1979-11-28,Other,New York,NY,2024-06-22,Insured,English
P002411,Neha Patel,1950-11-16,M,New Delhi,DL,2024-04-27,Insured,Kannada
P002412,Karan Joshi,1953-02-23,M,Hyderabad,TS,2023-12-17,Self Pay,English
P002413,Rahul Kapoor,1955-07-06,M,Mumbai,MH,2022-02-12,Self Pay,Hindi
P002414,Meera Joshi,1993-07-05,F,London,LON,2026-02-03,Government,Kannada
P002415,Neha Verma,1999-01-31,F,New York,NY,2024-02-21,Self Pay,Hindi
P002416,Rahul Mehta,1962-03-06,M,Berlin,BE,2023-04-21,Government,Tamil
P002417,Pooja Patel,1984-01-27,M,Chennai,TN,2022-11-25,Government,Tamil
P002418,Arjun Joshi,2015-06-07,M,Singapore,SG,2025-04-09,Corporate,Hindi
P002419,Aditi Rao,1997-05-28,Other,Mumbai,MH,2022-03-08,Self Pay,Tamil
P002420,Kavya Singh,1972-01-23,M,New York,NY,2024-04-01,Corporate,Kannada
P002421,Neha Patel,1977-02-05,F,London,LON,2024-06-07,Insured,Telugu
P002422,Kavya Rao,1986-09-15,F,Hyderabad,TS,2022-09-01,Self Pay,Hindi
P002423,Diya Iyer,1946-09-16,F,Hyderabad,TS,2025-11-17,Self Pay,Tamil
P002424,Ira Menon,1965-03-26,Other,Berlin,BE,2022-05-18,Corporate,English
P002425,Diya Sharma,1952-04-26,Other,Mysuru,KA,2024-10-20,Insured,English
P002426,Aditi Das,1944-06-18,F,Bengaluru,KA,2023-03-12,Insured,Hindi
P002427,Ishaan Reddy,2002-04-14,F,Mysuru,KA,2025-05-01,Corporate,Telugu
P002428,Ananya Das,2009-11-19,M,London,LON,2023-09-14,Self Pay,Hindi
P002429,Rohan Gupta,1963-06-04,M,London,LON,2022-07-03,Self Pay,Hindi
P002430,Meera Kapoor,2010-06-24,M,Mysuru,KA,2023-06-21,Corporate,Tamil
P002431,Nikhil Menon,1981-07-19,Other,Hyderabad,TS,2025-12-01,Self Pay,Hindi
P002432,Varun Rao,1957-07-02,F,Chennai,TN,2022-03-08,Government,Kannada
P002433,Rohan Das,2003-10-05,M,Berlin,BE,2022-03-13,Government,Hindi
P002434,Arjun Iyer,1980-06-30,M,New York,NY,2022-11-03,Self Pay,Tamil
P002435,Anika Patel,1998-04-24,Other,Hyderabad,TS,2022-08-10,Insured,English
P002436,Nikhil Menon,2005-01-31,M,Chennai,TN,2023-04-06,Self Pay,Telugu
P002437,Aditi Nair,1989-05-15,Other,Mumbai,MH,2023-12-03,Government,Telugu
P002438,Arjun Mehta,1944-04-01,F,Berlin,BE,2023-04-23,Corporate,Hindi
P002439,Ananya Mehta,1959-02-04,F,Mumbai,MH,2022-07-18,Corporate,English
P002440,Karan Rao,1960-10-15,M,London,LON,2024-11-10,Corporate,Hindi
P002441,Rohan Verma,2011-04-28, Female ,Berlin,BE,2023-02-03,Self Pay,Kannada
P002442,Aditi Mehta,1991-06-14,M,Singapore,SG,2025-04-06,Corporate,Hindi
P002443,Ishaan Kapoor,1944-03-12,F,Bengaluru,KA,2023-01-13,Corporate,Hindi
P002444,Neha Gupta,1988-01-22,F,Mumbai,MH,2023-02-21,Government,Telugu
P002445,Rahul Reddy,1950-07-17,F,San Francisco,CA,2025-09-19,Insured,Kannada
P002446,Arjun Kapoor,1944-01-13,F,Mysuru,KA,2025-04-01,Corporate,Hindi
P002447,Karan Singh,1991-09-04,F,Singapore,SG,2025-04-14,Government,Tamil
P002448,Vikram Nair,1969-07-29,F,Mumbai,MH,2024-05-09,Insured,Hindi
P002449,Aarav Rao,1940-01-23,M,New York,NY,2025-11-05,Self Pay,Kannada
P002450,Diya Gupta,1996-07-12,F,Singapore,SG,2024-11-03,Corporate,Hindi
P002451,Kavya Iyer,2008-10-01,F,Mysuru,KA,2022-11-06,Self Pay,Kannada
P002452,Ira Singh,1954-03-31,M,Bengaluru,KA,2023-12-02,Government,Kannada
P002453,Ananya Sharma,2009-05-12,Other,Berlin,BE,2025-02-25,Insured,English
P002454,Aarav Rao,1982-03-26,F,Berlin,BE,2022-08-14,Self Pay,Tamil
P002455,Diya Das,1983-12-26,M,New Delhi,DL,2024-04-22,Government,Telugu
P002456,Sneha Verma,2011-12-30,M,Bengaluru,KA,2025-01-16,Insured,Telugu
P002457,Pooja Patel,1961-09-03,M,Hyderabad,TS,2022-11-13,Insured,Kannada
P002458,Ananya Rao,1950-05-07,F,New Delhi,DL,2022-11-16,Government,English
P002459,Sneha Sharma,1951-02-01,F,Hyderabad,TS,2024-05-19,Corporate,English
P002460,Ira Nair,2015-04-12,F,Mysuru,KA,2022-07-21,Self Pay,Telugu
P002461,Priya Verma,1993-08-24,Other,Chennai,TN,2023-05-17,Self Pay,Telugu
P002462,Kavya Singh,1958-09-01,F,San Francisco,CA,2023-12-26,Insured,Tamil
P002463,Rohan Singh,1956-01-25,F,Chennai,TN,2022-07-25,Corporate,Hindi
P002464,Anika Rao,1980-02-12,F,Mumbai,MH,2022-02-18,Government,Kannada
P002465,Rahul Singh,1943-01-09,M,Bengaluru,KA,2024-08-03,Corporate,Hindi
P002466,Vikram Patel,1948-04-15,F,Chennai,TN,2022-06-19,Insured,Hindi
P002467,Kavya Sharma,1992-11-04,F,Hyderabad,TS,2022-02-18,Corporate,Telugu
P002468,Vikram Menon,1941-02-22,M,San Francisco,CA,2025-11-02,Insured,Kannada
P002469,Neha Kapoor,1989-04-07,M,Singapore,SG,2023-07-20,Government,English
P002470,Nikhil Sharma,1943-09-25,F,New York,NY,2025-05-24,Government,English
P002471,Anika Patel,2005-11-15,M,Bengaluru,KA,2022-03-28,Self Pay,English
P002472,Sneha Nair,1986-08-25,F,New Delhi,DL,2024-10-14,Corporate,Hindi
P002473,Aarav Patel,1999-08-21,F,Mysuru,KA,2023-05-20,Self Pay,Kannada
P002474,Pooja Patel,1958-04-28,F,Berlin,BE,2024-03-11,Corporate,English
P002475,Priya Das,1989-08-10,F,Singapore,SG,2022-09-18,Insured,Kannada
P002476,Vikram Singh,1974-06-17,Other,Hyderabad,TS,2024-01-17,Corporate,Tamil
P002477,Ishaan Das,2004-08-02,F,San Francisco,CA,2023-03-20,Self Pay,Hindi
P002478,Rohan Iyer,1959-07-18,M,Berlin,BE,2022-03-02,Corporate,Telugu
P002479,Rahul Reddy,1943-09-19,M,London,LON,2023-06-08,Self Pay,Telugu
P002480,Diya Das,2001-07-15,M,San Francisco,CA,2024-08-28,Government,English
P002481,Ananya Sharma,1977-12-19,Other,New York,NY,2022-01-18,Government,Hindi
P002482,Karan Gupta,2011-12-22,F,San Francisco,CA,2022-09-09,Insured,Telugu
P002483,Aditi Nair,1951-06-19,M,Bengaluru,KA,2022-11-09,Corporate,English
P002484,Aditi Nair,1942-06-14,Other,Hyderabad,TS,2022-02-14,Government,English
P002485,Ishaan Sharma,1970-11-23,M,Berlin,BE,2022-07-17,Insured,English
P002486,Karan Sharma,2004-06-13,M,San Francisco,CA,2023-04-09,Self Pay,Tamil
P002487,Kavya Sharma,1947-08-17,F,Mysuru,KA,2023-06-08,Government,Tamil
P002488,Nikhil Das,1999-09-19,F,Bengaluru,KA,2023-10-03,Government,Telugu
P002489,Diya Rao,2004-05-31,F,Chennai,TN,2024-10-16,Corporate,Kannada
P002490,Vikram Rao,2008-02-28,F,Mysuru,KA,2022-08-16,Insured,Kannada
P002491,Vikram Patel,1941-11-10,M,London,LON,2022-05-08,Insured,Telugu
P002492,Ananya Menon,1981-11-27,M,New York,NY,2023-07-28,Corporate,Telugu
P002493,Rahul Reddy,1969-10-10,F,New York,NY,2023-12-19,Government,Telugu
P002494,Varun Rao,1981-11-12,M,Bengaluru,KA,2023-10-13,Self Pay,Telugu
P002495,Anika Gupta,1943-04-08,Other,Mumbai,MH,2023-11-29,Self Pay,Kannada
P002496,Kavya Reddy,2015-07-01,F,Bengaluru,KA,2025-01-31,Corporate,Hindi
P002497,Karan Joshi,1970-02-20,Other,Chennai,TN,2024-03-30,Government,Telugu
P002498,Karan Reddy,2015-01-25,M,London,LON,2025-06-08,Government,English
P002499,Sneha Mehta,1953-02-01,M,Mumbai,MH,2023-12-04,Insured,Telugu
P002500,Ishaan Reddy,2010-07-16,F,Berlin,BE,2024-12-08,Insured,Kannada
